id,name,creator_name,blurb,category_parent_name,category_name,state,launched,deadline,goal,pledged,percent_funded,backers_count,goal_reached,goal_exceeded,spotlight,staff_pick,project_url
1631353509,Halae: Rise of the Verdant Shadow a DnD 5e/5.5 Expansion,Dan Sprietzer,"Expanding the Halae Region for levels 4-6 with new Magic Items, Monsters, & Player Options/Classes, + Book of Natural Magic zine 07",Games,Tabletop Games,NC,2025-09-09,2025-09-30,100,1062,1062,57,TRUE,TRUE,TRUE,FALSE,https://www.kickstarter.com/projects/mcup/halae-rise-of-the-verdant-shadow-and-bnm-zine-07
1169882654,Choosey: A cozy sticker game,HighStrangeness,Choosey is a game involving ten rounds of stickers. You dump the one you dislike into the Choosey Trashcan!,Games,Mobile Games,NC,2026-01-22,2026-02-21,4000,0,0,0,FALSE,FALSE,FALSE,FALSE,https://www.kickstarter.com/projects/436361914/choosey-a-cozy-sticker-game
1240501330,Amaru's World Tour,Six Wing Studios,"Help us expand Amaru's benefits to non-English speakers and earn Exclusive Rewards! Launching August 8th, 2023.",Games,Mobile Games,NC,2023-08-08,2023-09-07,50000,8017.78,16,117,FALSE,FALSE,FALSE,FALSE,https://www.kickstarter.com/projects/selfcarevirtualpet/amarus-world-tour
1579181038,Dungeon Master's Market,Tyler Church,"I am a D&D nerd. I create custom maps on Inkarnate, write campaigns, and take orders for custom designed maps that DMs need!",Games,Tabletop Games,NC,2024-08-07,2024-10-06,300,355,118,12,TRUE,TRUE,TRUE,FALSE,https://www.kickstarter.com/projects/dungeonmastermarket/dungeon-masters-market
717459106,Entwined Volume 3: Winter Playing Cards Deck,Old Gravity,Based on the ballet of nature and freedom of Spirit,Games,Playing Cards,NC,2023-05-24,2023-06-23,8500,35227,414,346,TRUE,TRUE,TRUE,FALSE,https://www.kickstarter.com/projects/oldgravity/entwined-volume-3-winter-playing-cards-deck
1056249153,The Fae Realms: Annwyn Bestiary & Book of Natural Magic Zine,Dan Sprietzer,"Explore wild magic and untamed jungles with harvestable treasures, exotic beasts, and new Fey creatures for your RPG!",Games,Tabletop Games,NC,2025-03-18,2025-04-16,100,2567,2567,131,TRUE,TRUE,TRUE,FALSE,https://www.kickstarter.com/projects/mcup/the-fae-realms-annwyn-bestiary-and-book-of-natural-magic-zine
1238767858,The Valley of the Pharaohs - 40th Anniversary Edition,Matt Balent,Role Playing in the New Kingdom of Ancient Egypt (1450 BCE),Games,Tabletop Games,NC,2024-03-04,2024-04-03,5000,7150,143,110,TRUE,TRUE,TRUE,FALSE,https://www.kickstarter.com/projects/mbalent/the-valley-of-the-pharaohs-40th-anniversary-edition
17636307,Keeping Tales of Terror Servers Alive,Terran Orion,"After 7 years of developing and funding Tales of Terror, I turn to thee, Adventurer- to keep the torch burning, and the updates coming!",Games,Video Games,NC,2024-08-08,2024-09-07,200,1017,508,25,TRUE,TRUE,TRUE,FALSE,https://www.kickstarter.com/projects/spyjack/keeping-tales-of-terror-servers-alive
1944812853,IT BEGAN TACTICAL SHOOTER GAME,Ilia Denisov,"IT BEGAN is a story-driven survival game set in an underwater world full of danger, secrets, cults and unexpected choices",Games,Video Games,NC,2025-06-04,2025-07-04,15000,57,0,4,FALSE,FALSE,FALSE,FALSE,https://www.kickstarter.com/projects/itbegan/it-began-tactical-shooter-game
1734616993,Battle of the Other Worlds RPG Card Game,Alex,"PVP Space Card Battle Game. Collect rare cards, challenge friends and rank up in the leaderboards!",Games,Mobile Games,NC,2023-11-25,2023-12-25,200,1,0,1,FALSE,FALSE,FALSE,FALSE,https://www.kickstarter.com/projects/alexsorto/battle-of-the-other-worlds-rpg-card-game
1461105065,Wash-a-Pig : A Creative Training Game,Todd Turner,Wash-a-Pig is a card deck that will help you exercise creative muscles and eliminate creative block.,Games,Playing Cards,NC,2023-09-18,2023-10-19,5000,6424,128,127,TRUE,TRUE,TRUE,FALSE,https://www.kickstarter.com/projects/todduhturner/wash-a-pig-a-creative-copywriting-game
1768490645,Bogeys and Beers | Golf's New Favorite Drinking Game,James Graves,"Each box contains 18 tees with a combo of jokes, challenges and drinking actions. Pick a tee each hole and let the good times roll!",Games,Live Games,NC,2023-10-17,2023-11-15,2000,3452,173,49,TRUE,TRUE,TRUE,FALSE,https://www.kickstarter.com/projects/bogeysandbeers/bogeys-and-beers-golfs-new-favorite-drinking-game
1968713853,Book of Natural Magic Zine 002,Dan Sprietzer,Bringing the Magic of Nature to your Fantasy Roleplay Game,Games,Tabletop Games,NC,2024-11-26,2024-12-19,50,306,612,55,TRUE,TRUE,TRUE,FALSE,https://www.kickstarter.com/projects/mcup/book-of-natural-magic-zine-002
1104927703,Nate's Smokehouse BBQ Blends (Canceled),Nate Corbitt,Elevate your BBQ game with Nate's Smokehouse BBQ Blends.,Food,Small Batch,NC,2023-05-16,2023-07-15,35000,377,1,9,FALSE,FALSE,FALSE,FALSE,https://www.kickstarter.com/projects/natesbbqblends/nates-smokehouse-bbq-blends
1474281254,"Coffee, Kitchen, Community : The Journey to Opening (Canceled)",Tara Inglis,A coffee truck turned brick-and-mortar cafe offering fair trade coffee & homemade food using locally-sourced products.,Food,Restaurants,NC,2026-01-16,2026-02-15,25000,32,0,1,FALSE,FALSE,FALSE,FALSE,https://www.kickstarter.com/projects/primacafe/coffee-kitchen-community-the-journey-to-opening
394041143,Grateful Graze Storefront,Ericka Mitchell,"A storefront designed to elevate your cheese and charcuterie experience in Wilmington, NC.",Food,Restaurants,NC,2023-10-17,2023-11-26,25000,597,2,10,FALSE,FALSE,FALSE,FALSE,https://www.kickstarter.com/projects/gratefulgraze/grateful-graze-storefront
1532241063,Diamond Cafe & Furry Friends,DIAMOND CAFE,"Sip with Purpose: Brew, Bark, and Change Lives with Diamond Cafe & Furry Friends",Food,Spaces,NC,2023-09-06,2023-10-28,50000,46,0,4,FALSE,FALSE,FALSE,FALSE,https://www.kickstarter.com/projects/diamondcafe/diamond-cafe-and-furry-friends
1235624779,BagelGram NC Headquarters,BagelGram NC!!!,"Your contribution will help beautify the interior of the shop, buy a commercial oven, a new refrigerator and a large dough mixer.",Food,Restaurants,NC,2023-05-16,2023-06-30,15000,2132,14,29,FALSE,FALSE,FALSE,FALSE,https://www.kickstarter.com/projects/bgnc/bagelgram-nc-headquarters
1813468875,I Love/Hate Everything-The Party Game for Opinionated People,Teenie Tiny Tiki Games,"A new social deduction party game for 3-10 players. Easy, Fast, & Fun. Great for breaking the ice or learning more about your friends!",Games,Tabletop Games,NC,2025-06-10,2025-07-05,7500,7882,105,98,TRUE,TRUE,TRUE,FALSE,https://www.kickstarter.com/projects/tikigames/i-love-hate-everything
184551079,Ernest Wade Distilling Co. (Canceled),Eric Loggains,"""""""""Tradition in Every Drop""""""""",Food,Drinks,NC,2026-02-19,2026-04-20,122500,2,0,2,FALSE,FALSE,FALSE,FALSE,https://www.kickstarter.com/projects/2067465137/ernest-wade-distilling-co
141317139,Woody's Geekery Store Front in Clayton NC,Jason Lester,"Help Woody's Geekery build a community space where people in and around Clayton NC can come, play games, and embrace their inner nerd.",Games,Tabletop Games,NC,2026-02-14,2026-03-31,55000,4680,9,24,FALSE,FALSE,FALSE,FALSE,https://www.kickstarter.com/projects/woodysgeekery/storefront
1524773706,A KW Collards Commercial Kitchen,Kizito Wademi,"An Exclusive Vegan Kitchen to Make KW Collards - The Original No Meat, Full Flavor Collard Greens with Heat and Serve Convenience",Food,Vegan,NC,2023-07-27,2023-08-24,35000,9268,26,49,FALSE,FALSE,FALSE,TRUE,https://www.kickstarter.com/projects/1352212872/a-kw-collards-commercial-kitchen
335068542,"Late-Night, Hot-Mess, All-Vibes (Canceled)",Hot Mess Express-Late Night Food Truck,"Trash Panda Tacos to queso-covered tots, support a dream years in the making.",Food,Food Trucks,NC,2025-09-16,2025-10-16,30000,700,2,2,FALSE,FALSE,FALSE,FALSE,https://www.kickstarter.com/projects/919621264/late-night-hot-mess-all-vibes
1800971609,Food truck dreams (Canceled),Renisa Parker & Angela Taylor,We would like to invite you to participate in helping us purchase our dream mobile kitchen,Food,Food Trucks,NC,2023-11-24,2024-01-23,3000,1,0,1,FALSE,FALSE,FALSE,FALSE,https://www.kickstarter.com/projects/kingsevents/food-truck-dreams-0
1157485432,Sober Nights Lounge,Sober Nights Lounge,Luxury Nightlife Without Alcohol,Food,Restaurants,NC,2025-09-03,2025-10-29,40000,0,0,0,FALSE,FALSE,FALSE,FALSE,https://www.kickstarter.com/projects/sobernights/sober-nights-lounge
1911594327,Nacho Shack: Unleashing the Flavor Fiesta White Bean Chili (Canceled),Damon Ebanks,"Indulge in the exquisite flavors of our secret sauce, as we strive to establish nationwide chili delivery.",Food,Restaurants,NC,2023-06-24,2023-08-23,255200,16,0,2,FALSE,FALSE,FALSE,FALSE,https://www.kickstarter.com/projects/damonebanks/nacho-shack-unleashing-the-flavor-fiesta-white-bean-chili
1190137198,STAY GLAZED: KEEP US GLAZIN',Stay Glazed,"Stay Glazin': Cooking Up a Brighter Future - Help Us Raise $10,000 for Kitchen Upgrades and Much-Needed Repairs !",Food,Small Batch,NC,2023-11-10,2024-01-09,10000,2471,25,40,FALSE,FALSE,FALSE,FALSE,https://www.kickstarter.com/projects/supportstayglazed/save-stay-glazed
1942075087,The Dying Dance Supplement & Book of Natural Magic Zine 04,Dan Sprietzer,Bringing the Magic of Nature to your Fantasy Roleplay Game: The Great Grass Seas. The Fey Lord’s invitation awaits... but will you dance?,Games,Tabletop Games,NC,2025-02-04,2025-02-25,200,1259,630,100,TRUE,TRUE,TRUE,FALSE,https://www.kickstarter.com/projects/mcup/book-of-natural-magic-zine-004
600055576,The Cove at Makers Alley (Canceled),Joe,Bro's Brew Mobile Espresso Bar is re-branding & expanding to a brick-n-mortar!,Food,Spaces,NC,2024-06-05,2024-07-19,7500,500,7,9,FALSE,FALSE,FALSE,FALSE,https://www.kickstarter.com/projects/brosbrewespresso/the-cove-at-makers-alley
906390280,Help Black Woman Owned Handcrafted Ice Cream Shop to Open,Kyndra Bell,Dream Kreams is the first ice cream brand to offer all flavors in both dairy & dairy free options.,Food,Small Batch,NC,2024-03-06,2024-04-05,25000,1621,6,27,FALSE,FALSE,FALSE,FALSE,https://www.kickstarter.com/projects/dreamkreams/help-black-woman-owned-handcrafted-ice-cream-shop-to-open
295667795,Flyball,flyball LLC,A new and exciting beach & backyard game,Games,Live Games,NC,2023-04-09,2023-05-09,1500,1836,122,22,TRUE,TRUE,TRUE,FALSE,https://www.kickstarter.com/projects/flyball/flyball
192478856,Moonward's Magical Menagerie & Book of Natural Magic Zine 03,Dan Sprietzer,Bringing the Magic of all sorts to your Fantasy Roleplay Game,Games,Tabletop Games,NC,2025-01-07,2025-01-22,100,609,609,62,TRUE,TRUE,TRUE,FALSE,https://www.kickstarter.com/projects/mcup/moonwards-magical-menagerie-and-book-of-natural-magic-zine-03
727814023,Chestnut Chips: The Regenerative Mushroom Snack Revolution,Dream Big Farms,"Log-grown chestnut mushrooms, vacuum fried to perfection — launching a regenerative snack brand rooted in forest stewardship.",Food,Vegan,NC,2026-02-24,2026-03-26,30000,1625,5,13,FALSE,FALSE,FALSE,FALSE,https://www.kickstarter.com/projects/1705471806/chestnut-chips-the-regenerative-mushroom-snack-revolution
585907241,Santa's Last Stand: A 2D Roguelike Holiday Adventure,Kuggs,"When Christmas takes a deadly turn, Santa fights back in this fast-paced 2D roguelike filled with chaos, blood, and holiday cheer.",Games,Video Games,NC,2024-12-26,2025-01-03,1000,50,5,1,FALSE,FALSE,FALSE,FALSE,https://www.kickstarter.com/projects/kuggs/santas-last-stand-a-2d-roguelike-holiday-adventure
645122895,Fae Realms: The Courts of Annwyn & Vaelthyr Rogue Subclass,Dan Sprietzer,"Unmask the intrigue, secrets, and power struggles at the heart of the Fae Courts.",Games,Tabletop Games,NC,2025-07-08,2025-08-07,100,5473,5473,154,TRUE,TRUE,TRUE,FALSE,https://www.kickstarter.com/projects/mcup/fae-realms-the-courts-of-annwyn-and-vaelthyr-rogue-subclass
1036724734,Wood & Vine Brevard NC (Canceled),Valerie Gerdes,Will you help me build a wood fired bistro in Brevard?,Food,Restaurants,NC,2024-01-01,2024-01-31,45000,10433,23,57,FALSE,FALSE,FALSE,FALSE,https://www.kickstarter.com/projects/735981967/wood-and-vine-brevard-nc
1602754285,[Soul Piece] Roblox Game Funding,Joey,The NEW up and coming One Piece x Bleach x MMORPG Roblox game.,Games,Live Games,NC,2023-04-25,2023-06-24,1000,26,3,2,FALSE,FALSE,FALSE,FALSE,https://www.kickstarter.com/projects/soulpiece/soul-piece-roblox-game-funding
1589594916,"""""""""Souls seeking Seed"""""""" oracle deck",Kim Dills,42-card collection with pairings of flora and fauna from mountains to prairies,Games,Playing Cards,NC,2023-09-29,2023-11-01,3300,3705,112,35,TRUE,TRUE,TRUE,FALSE,https://www.kickstarter.com/projects/kimdills/souls-seeking-seed-oracle-deck
1520169415,Amaru Plushie Pre-order!,Six Wing Studios,Bring home the new wonderfully-chonky Amaru plushie & provide mental-health resources for those in need!,Games,Mobile Games,NC,2024-03-06,2024-04-04,5000,12914,258,189,TRUE,TRUE,TRUE,FALSE,https://www.kickstarter.com/projects/selfcarevirtualpet/amaru-plushie-pre-order
224816769,Fae Realms: Ordus Prax for D&D 5e/5.5e,Dan Sprietzer,"A D&D 5e-compatible fantasy sourcebook of law, magitech, and civilization Includes Book of Natural Magic 009: Fae Realms – Spring",Games,Tabletop Games,NC,2026-02-10,2026-03-10,100,2725,2725,96,TRUE,TRUE,TRUE,FALSE,https://www.kickstarter.com/projects/mcup/fae-realms-ordus-prax-for-dandd-5e-55e
139397350,Natural Fruit Paper Wraps Vegan,Luis,100% natural tropical fruit paper wraps. No added ingredients or chemicals. Completely Vegan,Food,Small Batch,NC,2023-03-23,2023-05-07,12000,57,0,4,FALSE,FALSE,FALSE,FALSE,https://www.kickstarter.com/projects/fruitpaper/natural-fruit-paper-wraps
926960509,Our Brilliant Ruin Starter Set (Canceled),Studio Hermitage,Venture into gilded horror with this ready-to-run TTRPG story about a deadly bridge collapse in a world of monsters.,Games,Tabletop Games,NC,2025-09-09,2025-10-02,25000,18101,72,237,FALSE,FALSE,FALSE,TRUE,https://www.kickstarter.com/projects/studiohermitage/our-brilliant-ruin-starter-set
1428762633,Birds of Play: Playing Cards for Environmental Justice,Birds of Play,A poker deck featuring a unique illustration of a bird of prey on each card!,Games,Playing Cards,NC,2023-07-19,2023-08-18,4200,4610,110,96,TRUE,TRUE,TRUE,FALSE,https://www.kickstarter.com/projects/birdsofplaycards/birds-of-play
49859137,IT BEGAN,Ilia Denisov,"IT BEGAN is a single-player tactical horror shooter set in a sunken world of cults, monsters, and your own fears",Games,Video Games,NC,2025-10-12,2025-11-11,20000,75,0,5,FALSE,FALSE,FALSE,FALSE,https://www.kickstarter.com/projects/itbegan/it-began-0
571264115,Triad Gellyball & Entertainment,Rebekah,"Bringing an all new Indoor unique family fun experience to Randolph County! Gellyball, Lasertag, Arcade Games & More!!!",Games,Live Games,NC,2023-01-16,2023-02-25,20000,21,0,2,FALSE,FALSE,FALSE,FALSE,https://www.kickstarter.com/projects/triadgellyball/triad-gellyball-and-entertainment
1317499891,MonboVerse Roleplay,MonboCorp,A New Fivem Server(Gta V),Games,Video Games,NC,2024-04-07,2024-05-02,300,1,0,1,FALSE,FALSE,FALSE,FALSE,https://www.kickstarter.com/projects/monboverse/monboverse-roleplay
133274338,Fae Realms: Twinhaven + Book of Natural Magic Zine 08 DnD 5e,Dan Sprietzer,Where Fae and Mortals Trade in Secrets and Power.,Games,Tabletop Games,NC,2025-10-27,2025-11-23,500,2725,545,98,TRUE,TRUE,TRUE,FALSE,https://www.kickstarter.com/projects/mcup/fae-realms-twinhaven-where-realms-meet
1352119964,Desserts Delivered,Frankie White,"Providing quality, personalized desserts in all 50 states.",Food,Restaurants,NC,2024-03-14,2024-04-05,45000,50,0,3,FALSE,FALSE,FALSE,FALSE,https://www.kickstarter.com/projects/destinationsweets/desserts-delivered
458924750,Isekai: I Fell Asleep in my Gaming Chair,Seth Reeves,Help Your Favorite Streamers Find Their Way Home,Games,Video Games,NC,2024-04-19,2024-06-18,5000,5000,100,45,TRUE,FALSE,TRUE,FALSE,https://www.kickstarter.com/projects/isekai-rpg/isekai-i-fell-asleep-in-my-gaming-chair
680145781,Parisi's Pizza & Italian Eatery,Samuel Parisi,Authentic New York Style Pizza and Italian Food,Food,Restaurants,NC,2023-05-04,2023-06-03,54385,21,0,3,FALSE,FALSE,FALSE,FALSE,https://www.kickstarter.com/projects/samuelparisi/parisis-pizza-and-italian-eatery
2063434151,"Leslie's CoffeHouse, LLC",Christina Brown,Family-owned Coffee and Brunch Shop,Food,Restaurants,NC,2026-03-01,2026-03-31,25000,223,1,3,FALSE,FALSE,FALSE,FALSE,https://www.kickstarter.com/projects/lesliescoffeehouse/leslies-coffehouse-llc
1988330149,100 Poisons & Venoms: Deadly Toxins Guide for 5E & TTRPGs,MCUP Publishing,"A complete 100 toxin compendium with real-world analogues, fantasy poisons, stage effects, cures, and GM tools for any TTRPG system",Games,Tabletop Games,NC,2025-12-02,2026-01-01,100,5127,5127,219,TRUE,TRUE,TRUE,FALSE,https://www.kickstarter.com/projects/mcupublishing/100-poisons-and-venoms-deadly-toxins-guide-for-5e-and-ttrpgs
134969776,"Happy Harbor Bowling Center: Food, Fun & Family",Bill Prevatt,"Your support helps us create a space where families gather, kids thrive, and neighbors connect.",Food,Spaces,NC,2025-11-20,2025-12-18,107800,60,0,2,FALSE,FALSE,FALSE,FALSE,https://www.kickstarter.com/projects/hhbc-kentucky-grit/happy-harbor-bowling-center-food-fun-and-family
955628773,Glyph: The Ultimate Moddable Game Controller for PC/Console,Satisfye X Limit Labs,"A competition-grade, modifiable, all-button controller designed by Satisfye & Limit Labs that lets you swap button layouts on your own.",Games,Gaming Hardware,NC,2023-09-27,2023-11-01,75000,134404.37,179,381,TRUE,TRUE,TRUE,FALSE,https://www.kickstarter.com/projects/satisfyexlimitlabs/glyph-the-ultimate-moddable-game-controller-for-pc-console
883323638,Ollie's Arcade Expansion: More Retro Games,The Iconfactory,"The world is a mess. Help us create a safe and free space for everyone to enjoy simple, retro games on iOS.",Games,Mobile Games,NC,2026-01-20,2026-02-10,20000,39641,198,685,TRUE,TRUE,TRUE,FALSE,https://www.kickstarter.com/projects/iconfactory/ollies-arcade-expansion-more-retro-games
2048861238,Jessi Cake Bake Shop,Jessi Turner,"We are a Southern, Family-owned home bakery working towards the next step in growing our business.",Food,Restaurants,NC,2023-04-20,2023-05-20,7500,356,5,5,FALSE,FALSE,FALSE,FALSE,https://www.kickstarter.com/projects/jessicakes/jessi-cake-bake-shop
1968599070,Amaru x PLAYNE,Six Wing Studios,Two award-winning games join forces to boost mental health!,Games,Mobile Games,NC,2025-06-05,2025-07-05,9000,11055,123,160,TRUE,TRUE,TRUE,FALSE,https://www.kickstarter.com/projects/selfcarevirtualpet/amaru-x-playne
1683852287,Fae Realms: Annwyn Unveiled,Dan Sprietzer,"A Campaign Setting of Revelry, Ruin, and Fey Intrigue",Games,Tabletop Games,NC,2025-05-14,2025-06-13,100,6132,6132,167,TRUE,TRUE,TRUE,FALSE,https://www.kickstarter.com/projects/mcup/fae-realms-annwyn-unveiled
732147057,Local Honey Coffee: Where coffee meets art.,Jaedan,"Collaborating with artists Local Honey Coffee Shop is designed to build a community pursuing beauty, creativity, and diversity.",Food,Spaces,NC,2023-03-15,2023-04-14,10000,85,1,4,FALSE,FALSE,FALSE,FALSE,https://www.kickstarter.com/projects/localhoneycoffeeco/local-honey-coffee-shop-where-coffee-meets-art
857575973,"Run Of The Mill Take Out & Delivery - Rocky Mount, NC",Patrick Mann,Providing Great Food and Great Service for Great People,Food,Restaurants,NC,2023-03-06,2023-04-05,14000,1,0,1,FALSE,FALSE,FALSE,FALSE,https://www.kickstarter.com/projects/runofthemill/run-of-the-mill-take-out-and-delivery-rocky-mount-nc
1080243754,Roll-With-It: Modern Series,Humble Bard Games,"The second series of modules for the ROLL-WITH-IT system, a """"""""roll-and-write"""""""", solitaire adventure game system in print-and-play format.",Games,Tabletop Games,NC,2024-04-02,2024-04-18,100,1336,1336,120,TRUE,TRUE,TRUE,FALSE,https://www.kickstarter.com/projects/thehumblebard/roll-with-it-modern-series
962553189,Sauros (The Dino Trick-Taking Puzzle Game),Tangerine Games,A puzzly Dino trick-taking game featuring chunky tiles that trigger unique scoring conditions on asymmetric player mats.,Games,Tabletop Games,NC,2025-05-20,2025-06-14,10000,76733,767,1328,TRUE,TRUE,TRUE,FALSE,https://www.kickstarter.com/projects/tangerinegames/sauros
1956575120,ACKS II Treasure Tome,Autarch,"More than 1,000 new magic items compiled for use with Adventurer Conqueror King System Imperial Imprint & other D20 fantasy games!",Games,Tabletop Games,NC,2024-10-28,2024-11-30,10000,142540,1425,1500,TRUE,TRUE,TRUE,FALSE,https://www.kickstarter.com/projects/autarch/acks-ii-treasure-tome
934556476,Critical Hit Parader - Issue #1,Matt Thompson,"Tabletop roleplaying game content in the spirit of vintage rock magazines like Creem, Hit Parader, and Circus.",Games,Tabletop Games,NC,2023-02-06,2023-03-01,500,1751,350,101,TRUE,TRUE,TRUE,FALSE,https://www.kickstarter.com/projects/1509866012/critical-hit-parader-issue-1
1363290679,Making Monsters,Sky Lion Games,"Making Monsters: A fast, strategic, and hilarious game of mad science and monster-making for 2–4 players.",Games,Tabletop Games,NC,2025-09-16,2025-10-09,9000,94489,1050,936,TRUE,TRUE,TRUE,TRUE,https://www.kickstarter.com/projects/makingmonsters/making-monsters-1
271083701,Wizard Community College,David Marron,A hilarious 20 minute roleplaying card game of magic and mistakes,Games,Tabletop Games,NC,2025-10-01,2025-11-01,4000,17747,444,786,TRUE,TRUE,TRUE,TRUE,https://www.kickstarter.com/projects/1611391232/wizard-community-college
184754249,Crazed 2 - Adventure 101,MiniaturesCraze,Unlock a world of endless possibilities with hundreds of 3D printable models for your next tabletop adventure,Games,Tabletop Games,NC,2024-01-09,2024-01-24,500,1387,277,55,TRUE,TRUE,TRUE,FALSE,https://www.kickstarter.com/projects/miniaturescraze/crazed-2-adventure-101
723214435,Mahabharata Playing Cards and Ancient Pasha Board Game,Omega Playing Cards,LIMITED Edition Game of Wisdom vs Darkness.,Games,Playing Cards,NC,2025-06-25,2025-07-21,6500,15028,231,139,TRUE,TRUE,TRUE,FALSE,https://www.kickstarter.com/projects/omegaplayingcards/mahabharata-playing-cards-and-ancient-pasha-board-game
857268609,Before All Others,Autarch,The sylvan secrets of the elves are revealed in this sourcebook for ACKS II and other old-school fantasy campaigns.,Games,Tabletop Games,NC,2025-09-15,2025-10-15,10000,147555,1476,1168,TRUE,TRUE,TRUE,TRUE,https://www.kickstarter.com/projects/autarch/before-all-others
173593446,The Tabletop Inn: A Board Game Bed & Breakfast,Mike Belsole,"We run a board game bed & breakfast in North Carolina, and we're raising funds for merch, signage, and photos of our small business!",Games,Tabletop Games,NC,2025-06-06,2025-07-06,4000,7128,178,76,TRUE,TRUE,TRUE,TRUE,https://www.kickstarter.com/projects/mikebelsole3/the-tabletop-inn-a-board-game-bed-and-breakfast
381064762,Gothic Ruined Design Campaign III,Chris Martens,"EVEN MORE Ruined Gothic terrain for city themed game boards for Adeptus Titanicus, Epic 40K, Aeronautica Imperialis and Battletech!",Games,Tabletop Games,NC,2023-02-17,2023-03-04,500,2669,534,62,TRUE,TRUE,TRUE,FALSE,https://www.kickstarter.com/projects/wargameforge/gothic-epic-ruined-building-design-campaign-iii
697360569,Jazz Riff Playing Cards,Chris Hage,Experience icons of jazz like never before in this luxurious deck of fully custom playing cards.,Games,Playing Cards,NC,2024-10-01,2024-10-15,2000,13838,692,186,TRUE,TRUE,TRUE,FALSE,https://www.kickstarter.com/projects/wondercraft/jazz-riff-playing-cards
780496389,Shooting Star,Jason & Skylar,"Fun and silly card game. Good mix of luck, memory, skill.",Games,Playing Cards,NC,2023-06-28,2023-07-28,1000,157,16,5,FALSE,FALSE,FALSE,FALSE,https://www.kickstarter.com/projects/shootingstar101/shooting-star
2115107522,"MyCraft Building Tiles: Build Big, Quickly",Kurt Massey,Bring Minecraft Landscapes and Builds to Life and so much more. Interlocking Foam Tiles Lets you create big things quickly.,Design,Toys,NC,2025-05-06,2025-06-05,8000,488,6,5,FALSE,FALSE,FALSE,FALSE,https://www.kickstarter.com/projects/mycraft/mycraft-building-tiles-build-big-quickly
1987627694,The Dungeon's in the Details,Luke Abercrombie,Where trivia meets a dungeon crawler: answer trivia questions to gain Action Points and progress through a series of rooms.,Games,Tabletop Games,NC,2024-04-01,2024-05-31,50000,771,2,11,FALSE,FALSE,FALSE,FALSE,https://www.kickstarter.com/projects/lukependance/the-dungeons-in-the-details
964774207,Penitent Crusade: The Iron Legion,Bestiarum Studio LLC,Build Your Army of Faith and Fury: 50+ New Modular Miniatures from the Legendary Penitent Crusade!,Games,Tabletop Games,NC,2024-11-20,2024-12-11,1000,10648,1065,90,TRUE,TRUE,TRUE,FALSE,https://www.kickstarter.com/projects/tormentor/penitent-crusade-iron-legion
1013269584,Babies and Broadswords: BathFinder,Even Footing Games,"A rules-lite, beginner friendly narrative tabletop role playing game for fans of Muppet Babies and Rugrats.",Games,Tabletop Games,NC,2024-04-16,2024-05-16,700,2168,310,53,TRUE,TRUE,TRUE,FALSE,https://www.kickstarter.com/projects/babiesandbroadswords/babies-and-broadswords-bathfinder
318197471,Beach Day: The Quick to Setup Strategy Game,CakePie Games,A tile-laying card game for 1-5 players that's easy to take anywhere and play with anyone!,Games,Tabletop Games,NC,2025-07-07,2025-07-28,7000,8506,122,212,TRUE,TRUE,TRUE,TRUE,https://www.kickstarter.com/projects/beachday/beach-day-a-relaxing-strategy-card-game
1910194066,The Kingdom of Keshanar: Ancient Egypt 5e Setting & Campaign,David Dean Hadden,"Epic encounters, stunning locations, and breathtaking lore in a TTRPG fantasy world inspired by the grandeur and myth of ancient Egypt.",Games,Tabletop Games,NC,2025-04-08,2025-05-09,19220,404008,2102,2627,TRUE,TRUE,TRUE,FALSE,https://www.kickstarter.com/projects/keshanar/kingdom-of-keshanar-ancient-egypt-5e-setting-and-adventure
1005967267,FatesEnd: Feymoon,Kim Bourrie,"Explore the Feyrealm with 3D printable Dice Towers, Dice Vaults, Minis, a full dice set and a thrilling one-shot Adventure (PDF)!",Games,Tabletop Games,NC,2023-08-15,2023-09-01,250,5981,2392,150,TRUE,TRUE,TRUE,FALSE,https://www.kickstarter.com/projects/kimbolt/feymoon
1666030484,Gothic Ruined Building Design Campaign 2,Chris Martens,"MORE Ruined Gothic inspired terrain for city themed game boards for Adeptus Titanicus, Epic 40K, Aeronautica Imperialis and Battletech!",Games,Tabletop Games,NC,2023-01-06,2023-01-21,500,3768,754,80,TRUE,TRUE,TRUE,FALSE,https://www.kickstarter.com/projects/wargameforge/gothic-ruined-building-design-campaign-2
1063329407,To the Moon and Back.....and other stuff - A Tarot Deck,Erin Rabideau,A Dark-Fantasy Tarot Deck with the Mushy Gushy stuff. Celebrating love of all the thingamabobs and thingamawhosits. Foils and MORE!,Games,Playing Cards,NC,2023-11-28,2023-12-28,6900,522,8,11,FALSE,FALSE,FALSE,FALSE,https://www.kickstarter.com/projects/ruyamira/to-the-moon-and-backand-other-stuff-a-tarot-deck-0
1775571164,Sneaky Spooders,Spooder Mom,"A crime of opportunity for the whole family to enjoy! This card collecting game is quick, easy, and fun to steal!",Games,Tabletop Games,NC,2025-05-02,2025-06-01,7500,8261,110,139,TRUE,TRUE,TRUE,FALSE,https://www.kickstarter.com/projects/sneakyspooders/sneaky-spooders
595237292,Cabriole,Doug Bass of Meridae Games,A queue-based worker placement board game about furniture-making in late 18th-century London for 1-4 players.,Games,Tabletop Games,NC,2025-09-30,2025-11-01,8000,13411,168,203,TRUE,TRUE,TRUE,FALSE,https://www.kickstarter.com/projects/dougbass/cabriole
1058996030,Marked for the Hunt: a monstrous TTRPG,Second Rodeo Games,A prompt + oracle deck TTRPG where a monster hunts you. Discover how to kill it before it kills you.,Games,Tabletop Games,NC,2026-02-01,2026-03-01,1000,2240,224,59,TRUE,TRUE,TRUE,FALSE,https://www.kickstarter.com/projects/secondrodeogames/marked-for-the-hunt-a-monstrous-ttrpg
105419127,Born from Ice: Stone Age Role-Playing (5e),Small Cog Creative,"A 5th Edition Stone Age adventure. Level 1-20 campaign, setting, and player options. Play D&D in a dangerous prehistoric world!",Games,Tabletop Games,NC,2024-03-05,2024-04-03,40000,57693,144,816,TRUE,TRUE,TRUE,FALSE,https://www.kickstarter.com/projects/lorenthegm/born-from-ice-stone-age-role-playing-5e
1262142193,Saviors Of Crius RPG: A Text-Based Adventure,CatchyCantrips,A Discord RPG Bot that merges the excitement of Dungeons and Dragons with the branching narratives of a Choose Your Own Adventure game!,Games,Tabletop Games,NC,2023-04-25,2023-05-25,10000,11196,112,124,TRUE,TRUE,TRUE,FALSE,https://www.kickstarter.com/projects/727247505/saviors-of-crius-rpg-a-text-based-adventure
974224761,Cubicle: The Improv Office Party in a Box,Underscore Games,Cubicle is a new card game involving improv and comedic takes on office culture with various roles and unique challenges.,Games,Tabletop Games,NC,2024-09-17,2024-10-18,2500,4105,164,83,TRUE,TRUE,TRUE,FALSE,https://www.kickstarter.com/projects/underscoregames/cubicle-an-improvised-game-of-office-culture
1945731132,"From Our Oven to Your Heart, Join the Cookitos Journey.",Lucas,"Join Cookitos, the handmade cookie brand winning hearts at Raleigh and help us open our factory.",Food,Restaurants,NC,2025-10-28,2025-11-27,47800,94,0,2,FALSE,FALSE,FALSE,FALSE,https://www.kickstarter.com/projects/1167429180/from-our-oven-to-your-heart-join-the-cookitos-journey
1552243401,AR Gridiron,Aaron D. Kyle,Augmented Reality Football Challenge,Games,Mobile Games,NC,2024-04-15,2024-05-30,10000,1001,10,2,FALSE,FALSE,FALSE,FALSE,https://www.kickstarter.com/projects/argridiron/ar-gridiron
509891947,Baby Party - Drop It Like It's Tot!,Craig Carpenter,"Ready... aim... baby?! Drop, launch, and battle your besties with tiny babies on a dance floor of chaotic, baby phrase-inspired mini games!",Games,Tabletop Games,NC,2025-05-20,2025-06-20,950,2189,230,102,TRUE,TRUE,TRUE,TRUE,https://www.kickstarter.com/projects/craigcarpenter/babyparty
376229639,Deck of Darkness: Infernal Depths - A fantasy horror ARPG,Morgan Caraway,"You are an artifact hunter seeking The Deck of Darkness. A 3D, fantasy horror, action RPG based on the tabletop game, Deck of Darkness.",Games,Video Games,NC,2024-04-15,2024-05-15,500,691,138,14,TRUE,TRUE,TRUE,FALSE,https://www.kickstarter.com/projects/eldritchtentacles/deck-of-darkness-infernal-depths
1447829094,Great Cozmoz Predictive Cards (Canceled),Elizabeth M. Herrera,Cards that offer eerily accurate answers to life’s questions.,Games,Playing Cards,NC,2023-11-27,2023-12-27,550,1,0,1,FALSE,FALSE,FALSE,FALSE,https://www.kickstarter.com/projects/shamanelizabeth/great-cozmoz-predictive-cards-0
688861227,Going Up? An Elevator Card Game,Jamie Luttrell,You've got bellhops to bother!,Games,Tabletop Games,NC,2023-01-16,2023-02-16,2000,2771,139,82,TRUE,TRUE,TRUE,FALSE,https://www.kickstarter.com/projects/imjamieluttrell/going-up-an-elevator-card-game
1700757928,Spirits of Christmas,Humble Bard Games,"A """"""""ghostly"""""""" cooperative adventure card game where the Spirits of Christmas take Scrooge on the ride of his life!",Games,Tabletop Games,NC,2024-11-26,2024-12-20,4000,8109,203,263,TRUE,TRUE,TRUE,TRUE,https://www.kickstarter.com/projects/thehumblebard/spirits-of-christmas-game
2104277313,Back to Egypt - Seth's Curse,MiniaturesCraze,3D printable Miniatures and Terrain (.STL Files),Games,Tabletop Games,NC,2023-09-19,2023-10-19,500,6742,1348,119,TRUE,TRUE,TRUE,FALSE,https://www.kickstarter.com/projects/miniaturescraze/back-to-egypt-seths-curse
1265495309,Silver's Monster Girl Manual!,Blaine Simple,Learn to date cute monsters in this system-neutral anime inspired TTRPG book!,Games,Tabletop Games,NC,2024-02-15,2024-03-16,20000,149124,746,2202,TRUE,TRUE,TRUE,FALSE,https://www.kickstarter.com/projects/blainesimple/silvers-monster-girl-manual
1394639672,Crazed - Anniversary Mega Bundle,MiniaturesCraze,"150 """"""""Pre-Supported"""""""" STL miniatures files for 3D printing for only 29 USD - That’s right 150 miniatures!!!",Games,Tabletop Games,NC,2023-03-07,2023-03-21,1000,10682,1068,187,TRUE,TRUE,TRUE,FALSE,https://www.kickstarter.com/projects/miniaturescraze/crazed-anniversary-mega-bundle
2122221644,Super Duper Werewolves Party Game,Evan VanDerwerker,The end-all be-all deck for Werewolf card game lovers,Games,Tabletop Games,NC,2023-03-12,2023-05-11,1000,6934,693,643,TRUE,TRUE,TRUE,FALSE,https://www.kickstarter.com/projects/evanvanderwerker/super-duper-werewolves-party-game
1315084992,Arabian Nights - STL Minis and Buildings,MiniaturesCraze,3D printable .STL miniatures and Buildings (Arabian Nights theme),Games,Tabletop Games,NC,2023-05-16,2023-06-15,1000,12481,1248,202,TRUE,TRUE,TRUE,FALSE,https://www.kickstarter.com/projects/miniaturescraze/arabian-nights
728616432,Shooting Stars: A family friendly memory game,Jason & Skylar,10-15m game where kids can beat their parents - all you need is a little skill and a little luck!,Games,Tabletop Games,NC,2024-04-06,2024-05-06,1500,1893,126,39,TRUE,TRUE,TRUE,FALSE,https://www.kickstarter.com/projects/howaldgaming/shooting-stars-a-family-friendly-memory-game
434165867,Synodalizing... (Canceled),Synpunks,Signal Lost... adjusting course and prepping for next launch window. Stay tuned and be ninely...,Games,Playing Cards,NC,2023-02-01,2023-03-01,9000,1045,12,22,FALSE,FALSE,FALSE,FALSE,https://www.kickstarter.com/projects/synpunks/synod-tarot
448128519,Jeremy Rilko Debut Album,jeremy rilko,Jeremy Rilko's debut full length album!,Music,Country & Folk,NC,2023-01-17,2023-02-16,3500,3705,106,73,TRUE,TRUE,TRUE,FALSE,https://www.kickstarter.com/projects/jeremyrilko/jeremy-rilko-debut-album
554966710,Neutral Ground: an EP by Brian W. Spencer,Brian W. Spencer,Just some songs.,Music,Pop,NC,2025-11-14,2025-12-14,1500,2251,150,30,TRUE,TRUE,TRUE,FALSE,https://www.kickstarter.com/projects/brianwspencer/neutral-ground-an-ep-by-brian-w-spencer
226802828,The Carolina Down Boys - Recording and Vinyl Fund,The Carolina Down Boys,The Carolina Down Boys are finally hitting the studio to record our debut album - and we need your help to make it happen!,Music,Country & Folk,NC,2026-02-12,2026-04-13,2500,5175,207,27,TRUE,TRUE,TRUE,FALSE,https://www.kickstarter.com/projects/carolinadownboys/the-carolina-down-boys-recording-and-vinyl-fund
1545944041,The Gifted Son's Tirade,Chris Case,I carry my father’s lessons like lanterns lighting alleys of doubt until dawn admits how gifted grief can be; love’s setting the table.,Music,Hip-Hop,NC,2025-09-26,2025-11-10,15000,156,1,4,FALSE,FALSE,FALSE,TRUE,https://www.kickstarter.com/projects/chris-case/the-gifted-sons-tirade
1721370987,Sparrow Smith Solo Album,Sparrow Smith,New solo album from Sparrow Smith (of Resonant Rogues) featuring Appalachian originals and traditionals,Music,Country & Folk,NC,2024-09-19,2024-10-20,10000,14197,142,230,TRUE,TRUE,TRUE,TRUE,https://www.kickstarter.com/projects/sparrowsmith/sparrow-smith-solo-record-original-and-traditional-banjo
1145519300,Heather Rogers’ First Album,Heather Rogers,Pieces,Music,Country & Folk,NC,2024-02-02,2024-03-31,8000,8143,102,55,TRUE,TRUE,TRUE,FALSE,https://www.kickstarter.com/projects/hrogersmusic/heather-rogers-first-album
1987336412,Let’s Rap Card Game,Jasmyn Fritz,"Mix and master your next game night with rap, debate and strategy.",Games,Tabletop Games,NC,2025-10-17,2025-11-16,2500,2535,101,41,TRUE,TRUE,TRUE,FALSE,https://www.kickstarter.com/projects/letsrapcardgame/lets-rap-card-game
523262167,Leah Woehr: Maybe This Time,Leah Woehr,"Folk singer/songwriter Leah Woehr's second EP """"""""Maybe This Time""""""""",Music,Country & Folk,NC,2023-03-15,2023-04-14,1500,1525,102,18,TRUE,TRUE,TRUE,FALSE,https://www.kickstarter.com/projects/349925084/leah-woehr-maybe-this-time
1208794158,Cheap Talk On Vinyl,Aunt Vicki,Help Aunt Vicki make a new record and pay for studio and vinyl printing costs.,Music,Rock,NC,2023-04-28,2023-05-28,4400,4626,105,69,TRUE,TRUE,TRUE,FALSE,https://www.kickstarter.com/projects/auntvicki/cheap-talk-on-vinyl
497113561,A Season of Blessings (Canceled),Tamra Bradshaw Sheller,A Musical Recording project that will confess the goodness of how excellent God has been and the gracious gift I am delivering back.,Music,Faith,NC,2024-04-05,2024-06-04,5000,1458,29,8,FALSE,FALSE,FALSE,FALSE,https://www.kickstarter.com/projects/makingmusic1973/a-season-of-blessings
1743715297,Alex Krug Combo : Softer Light LP & The Long Game,Alex Krug,Help AKC release two bouquets of original music into the universe and receive exclusive offerings.,Music,Jazz,NC,2024-06-06,2024-07-05,6750,6773,100,89,TRUE,TRUE,TRUE,TRUE,https://www.kickstarter.com/projects/alexkrugmusic/alex-krug-combo-softer-light-lp-and-the-long-game
1429875549,Quipu Runner: Warmi's Legacy,Altura Logic,"A multiplayer action-adventure RPG. Embrace the rebirth of Inca history, and forge your own epic legend!",Games,Video Games,NC,2025-01-01,2025-02-10,60000,733,1,16,FALSE,FALSE,FALSE,FALSE,https://www.kickstarter.com/projects/alturalogic/quipu-runner
920201150,Royal Voices of Charlotte Greece Tour,Justin Smith,"In competition and performance at the Preveza International Choral Festival, July 2024",Music,Classical Music,NC,2023-11-28,2024-01-27,10000,2661,27,8,FALSE,FALSE,FALSE,FALSE,https://www.kickstarter.com/projects/2001617152/royal-voices-of-charlotte-greece-tour
441776783,Invasion of Kaldora,Jack Kountouris,Second Edition of Invasion with the all-new Heroes of Kaldora fantasy expansion!,Games,Tabletop Games,NC,2025-10-23,2025-11-17,5000,65,1,2,FALSE,FALSE,FALSE,FALSE,https://www.kickstarter.com/projects/kaldora/invasion-of-kaldora
1568408351,Kingdom Rising -- A New Full-Length Concept Album,Seth Davey,"An expansive orchestration by singer-songwriter Seth Davey, exploring the paradox of divine Incarnation in the crevices of common life.",Music,Faith,NC,2024-02-09,2024-03-10,4000,5564,139,90,TRUE,TRUE,TRUE,FALSE,https://www.kickstarter.com/projects/kingdomrising/kingdom-rising
1218655387,WRATH OF THE ONI SAMURAI,Joshua Robinson,A dark fantasy ARPG inspired by Bloodborne and Elden Ring.,Games,Video Games,NC,2026-01-02,2026-02-01,15000,1741,12,24,FALSE,FALSE,FALSE,FALSE,https://www.kickstarter.com/projects/2086624932/wrath-of-the-oni-samurai
1156990051,TONOTONE - The VR Modular Synthesizer,Kyle Opal,A cockpit style modular synthesizer,Games,Video Games,NC,2025-05-30,2025-07-01,1500,1660,111,16,TRUE,TRUE,TRUE,FALSE,https://www.kickstarter.com/projects/1853361961/tonotone-the-vr-modular-synthesizer
775226049,Fund Christian Hohn's Debut Album,Christian Hohn,"It all started with a prayer, it's time to share these songs with the world. Join me on this journey!",Music,Faith,NC,2025-10-03,2025-12-02,30000,32112,107,101,TRUE,TRUE,TRUE,FALSE,https://www.kickstarter.com/projects/christian-hohn/fund-christian-hohns-debut-album
1995778362,Help Hearts Gone South Record and Release Our 4th Album,Tricia Tripp,"We are a female fronted, old style country band preparing to record our newest batch of songs. Let's make this our best album yet.",Music,Country & Folk,NC,2023-11-08,2023-12-08,14000,926,7,13,FALSE,FALSE,FALSE,FALSE,https://www.kickstarter.com/projects/heartsgonesouth/help-hearts-gone-south-record-and-release-our-4th-album
1433752452,Chalmers Croft's Debut Album,Chalmers Croft,This is my fully self-funded and independent debut album which will tell the story of my life's most significant ups and downs.,Music,Country & Folk,NC,2023-04-21,2023-06-20,3000,799,27,14,FALSE,FALSE,FALSE,FALSE,https://www.kickstarter.com/projects/chalmerscroftalbum/chalmers-crofts-debut-album
1043745430,A Different Thread | Third Album,A Different Thread,"A transatlantic collaboration: Written on the road, recorded in the pine forests of North Carolina, and mixed and mastered in England",Music,Country & Folk,NC,2024-08-27,2024-09-26,20000,21548,108,283,TRUE,TRUE,TRUE,TRUE,https://www.kickstarter.com/projects/robertjmagpieackson/a-different-thread-third-album
1268144201,Moth to the Moon: Debut Album by Emily Stewart,Emily Stewart,"Original tunes rooted in the folk, country, and blues traditions of the Deep South with rich vocals and acclaimed instrumentalists",Music,Country & Folk,NC,2023-11-21,2023-12-21,7000,8402,120,112,TRUE,TRUE,TRUE,TRUE,https://www.kickstarter.com/projects/emilystewartmusic/moth-to-the-moon-debut-album-by-emily-stewart
367495690,Jess Klein's New Album: Dreaming Aloud,Jess Klein,Songs that dream big and love bigger.,Music,Country & Folk,NC,2025-09-30,2025-10-30,15000,16025,107,175,TRUE,TRUE,TRUE,FALSE,https://www.kickstarter.com/projects/dreamingaloud/jess-kleins-new-album-dreaming-aloud
803787682,"My first mixtape, """"""""Good Karma""""""""",Karnival,"Help me with the mixing and promotion of my first mixtape, """"""""Good Karma""""""""!",Music,Hip-Hop,NC,2023-09-23,2023-11-02,600,1,0,1,FALSE,FALSE,FALSE,FALSE,https://www.kickstarter.com/projects/karnival-good-karma/my-first-mixtape-good-karma
1292725161,"Our Debut Album, """"""""Songs Before They Write Themselves""""""""",Clinton,Be a contributor and backer for the release of Holler Choir's first album!,Music,Country & Folk,NC,2023-08-15,2023-09-14,20000,1618,8,22,FALSE,FALSE,FALSE,FALSE,https://www.kickstarter.com/projects/hollerchoir/our-debut-album-songs-before-they-write-themselves
1158892285,SIMULACRA LP and CD| Troy Underwood,Troy Underwood,Thank you helping me create this album filled with awesome songs.,Music,Indie Rock,NC,2026-02-17,2026-04-18,5000,196,4,11,FALSE,FALSE,FALSE,FALSE,https://www.kickstarter.com/projects/troyunderwood/simulacra-troy-underwood
872487110,Sanguine: A Classic Survival Horror Game,Ryan Berg,Sanguine offers a classic survival horror experience set in a mysterious town where something truly terrifying has been unleashed!,Games,Video Games,NC,2024-08-15,2024-09-29,8200,1083,13,30,FALSE,FALSE,FALSE,FALSE,https://www.kickstarter.com/projects/429101208/sanguine-a-classic-survival-horror-game
298236069,UNDER LONELY LIGHT: New Jack The Radio Album,Jack the Radio,"American rock band, JTR is back for a new studio album entitled """"""""Under Lonely Light"""""""" featuring 10 original songs.",Music,Rock,NC,2024-04-18,2024-05-18,5500,7678,140,88,TRUE,TRUE,TRUE,TRUE,https://www.kickstarter.com/projects/jacktheradio/under-lonely-light-new-jack-the-radio-album
1205442330,A New Wes Collins Album!,Wes Collins,I have songs. Want to hear them?,Music,Country & Folk,NC,2025-11-05,2025-12-05,25000,25722,103,244,TRUE,TRUE,TRUE,TRUE,https://www.kickstarter.com/projects/wescollins/a-new-wes-collins-album
1635487463,Launch Melanie Ida Chopko's New Album!,Melanie Ida Chopko,"With your help, I'm making an album of original songs from my journey to give and receive love.",Music,Country & Folk,NC,2023-10-24,2023-11-18,17000,17600,104,162,TRUE,TRUE,TRUE,TRUE,https://www.kickstarter.com/projects/melanie-ida-chopko/melanie-ida-chopkos-new-album
808907573,New Music from The American Caroling Company,The American Caroling Company,It's been 8 years since our last release. Help us bring 12 new recordings by everyone's favorite Christmas carolers to life!,Music,Classical Music,NC,2025-07-07,2025-08-06,1500,135,9,5,FALSE,FALSE,FALSE,FALSE,https://www.kickstarter.com/projects/americancarolingco/new-music-from-the-american-caroling-company
1080964700,By Babylon's River,Austin Pfeiffer,"The sophomore album from the Pharaoh Sisters, pressed to vinyl!",Music,Country & Folk,NC,2024-11-04,2024-12-05,2100,3204,153,31,TRUE,TRUE,TRUE,FALSE,https://www.kickstarter.com/projects/thepharaohsisters/by-babylons-river
1679314997,"10,000 Voices (Canceled)",SageStewart,Placing a megaphone in front of boutique businesses,Journalism,Video,NC,2023-01-17,2023-02-16,40000,693,2,9,FALSE,FALSE,FALSE,FALSE,https://www.kickstarter.com/projects/thesagestewart/10000-voices
1770580598,Charlatan (Canceled),Koiote,"Avoid the Hidden, solving puzzles in a pixel-horror adventure. Why oh why did they take your bear?",Games,Video Games,NC,2023-03-23,2023-03-30,90000,0,0,0,FALSE,FALSE,FALSE,FALSE,https://www.kickstarter.com/projects/koiote/charlatan
1432791975,AKITA on Tour: We Need a Van!!,AKITA,"Help AKITA fund their tour dreams this Spring/Summer with a much needed VAN. Tour will reach: GA, SC, FL, AL, TN, NC & VA!",Music,Rock,NC,2023-03-13,2023-04-07,3800,4213,111,28,TRUE,TRUE,TRUE,FALSE,https://www.kickstarter.com/projects/akitafunk/akita-on-tour-we-need-a-van
625314139,New Metal From Reptalien,Reptalien,New full-length release by genere-defying metal band REPTALIEN.,Music,Metal,NC,2023-08-07,2023-10-06,3500,168,5,4,FALSE,FALSE,FALSE,FALSE,https://www.kickstarter.com/projects/reptalien/new-metal-from-reptalien
2069464606,🎶 Nyla’s Block: Volume One,Shaun Story,"💛 A soulful, screen-free world of music for little hearts.",Music,Kids,NC,2025-10-10,2025-11-09,3500,0,0,0,FALSE,FALSE,FALSE,FALSE,https://www.kickstarter.com/projects/1982670168/nylas-block-volume-one
1575189506,"""""""""Days Like These"""""""" Album Project",Joshuah Brian Campbell,"The debut LP, “Days Like These”, is a heartfelt return to Joshuah's homeland. It’s a sonic, spiritual, and emotional journey",Music,R&B,NC,2024-04-02,2024-06-01,8000,10376,130,82,TRUE,TRUE,TRUE,TRUE,https://www.kickstarter.com/projects/dayslikethese/days-like-these-album-project
627868181,Help singer-songwriter Kira Takei launch her debut album!,Kira Takei,Singer-songwriter and dancer Kira Takei is in the process of creating her debut music album... but she can't do It alone!,Music,Pop,NC,2024-10-12,2024-11-03,10000,11385,114,82,TRUE,TRUE,TRUE,TRUE,https://www.kickstarter.com/projects/kiratakeikickstarter/help-singer-songwriter-kira-takei-launch-her-debut-album
437540045,"Words in the Wounds -- A 14-Song, Full-Band Concept Album",Seth Davey,"A triumphant worship album for those who loved the orchestration of """"""""Kingdom Rising"""""""" but who desire a bigger, more dynamic sound.",Music,Faith,NC,2025-08-20,2025-09-19,3000,5391,180,67,TRUE,TRUE,TRUE,FALSE,https://www.kickstarter.com/projects/kingdomrising/words-in-the-wounds-a-10-song-full-band-concept-album
138320312,Detach Backing Tracks,Robin Cochrane,"Part of an Alternative / Indie / Pop / Rock EP, this kickstarter will allow me to fund backing tracks for my project and performances.",Music,Pop,NC,2025-10-27,2025-11-29,2500,26,1,2,FALSE,FALSE,FALSE,FALSE,https://www.kickstarter.com/projects/robinzara-detach/detach-backing-tracks
1464381560,Juliana Finch Keeps Getting Louder - NEW album!,Juliana Finch,"Juliana is back...and this time she brought electric guitars. A fierce, fun new album, coming Fall 2023.",Music,Rock,NC,2023-03-21,2023-04-20,15000,21639,144,248,TRUE,TRUE,TRUE,TRUE,https://www.kickstarter.com/projects/julianafinch/juliana-finch-keeps-getting-louder-new-album
1441675929,Penda Ray: JoyFul Sensation,Penda Ray,This is an impressive rendition of Gwen McCrae’s 1981 “Funky Sensation”. It certainly gives you good energy and positive vibes.,Music,Faith,NC,2023-01-04,2023-01-18,3000,2,0,2,FALSE,FALSE,FALSE,FALSE,https://www.kickstarter.com/projects/pendaray/penda-ray-joyful-sensation
1505133986,20 Years of Heavy Metal: Help Mega Colossus Tour Europe,Mega Colossus,"Mega Colossus is touring Europe to support their 8th studio album, """"""""Watch Out!"""""""" Dubbed """"""""the People's Band,"""""""" we make Heavy Metal fun!",Music,Metal,NC,2026-02-15,2026-03-15,5000,5376,108,46,TRUE,TRUE,TRUE,TRUE,https://www.kickstarter.com/projects/megacolossus/20-years-of-heavy-metal-help-mega-colossus-tour-europe
1315966197,Revenant,Murphy Campbell,An album preserving my family's North Carolina ballads,Music,Country & Folk,NC,2026-02-17,2026-03-24,15000,25723,171,363,TRUE,TRUE,TRUE,TRUE,https://www.kickstarter.com/projects/murphydoesnotmatter/revenant-0
630659916,Debut EP by Halle Mone',Halle Mone',Welcome to the kickstarter for Halle Mone's first EP! <3,Music,Pop,NC,2024-02-04,2024-03-05,17000,1828,11,16,FALSE,FALSE,FALSE,TRUE,https://www.kickstarter.com/projects/halle-mone/debut-ep-by-halle-mone
1309180235,MEADOWLANDS is making an EP!,MEADOWLANDS,We need your help to make our dream project come true!,Music,Indie Rock,NC,2023-02-21,2023-03-23,3000,1,0,1,FALSE,FALSE,FALSE,FALSE,https://www.kickstarter.com/projects/meadowlandsep/meadowlands-is-making-an-ep
97209276,Little Energies - children's oracle deck,Sky Bradshaw,"Support healthy energy habits w/ 24 chakra aligned oracle cards focusing on energy wellness through mantras, exercises, & envisioning.",Games,Playing Cards,NC,2023-10-11,2023-11-12,1771,1848,104,22,TRUE,TRUE,TRUE,FALSE,https://www.kickstarter.com/projects/tarotbysky/little-energies-childrens-oracle-deck
412098955,FetchFrenzy: an interactive dog breed scavenger hunt app,Jaden,"This is an app that will make the player go out and look for certain dog breeds, with google API, the camera will identify them.",Games,Mobile Games,NC,2024-02-26,2024-03-16,10000,11,0,2,FALSE,FALSE,FALSE,FALSE,https://www.kickstarter.com/projects/fetchfrenzy/fetchfrenzy-an-interactive-dog-breed-scavenger-hunt-app
1335634935,The Beakout: Animal Rescue Agency,CAUTION READY GAMES LLC.,The Breakout: ARA,Games,Video Games,NC,2025-10-28,2025-12-18,4779000,500,0,10,FALSE,FALSE,FALSE,FALSE,https://www.kickstarter.com/projects/crg-1/the-beakout-animal-rescue-agency
916563721,Mayfair's Manor: A Murder Mystery Game,Drew Rayfield,A murder mystery PC game with Lovecraftian influences as well as that of many great detective games of the past.,Games,Video Games,NC,2025-07-28,2025-09-16,6000,30,0,3,FALSE,FALSE,FALSE,FALSE,https://www.kickstarter.com/projects/puffypupgames/mayfairs-manor-a-murder-mystery-game
1682365289,Always Another Way,ogwgames,A Card Deck for Mental Health Stability and Suicide Prevention,Games,Playing Cards,NC,2024-06-02,2024-07-31,10000,406,4,5,FALSE,FALSE,FALSE,FALSE,https://www.kickstarter.com/projects/alwaysanotherway/always-another-way
915459157,Judah Knight: Knights and Demons,Douglas Clayton,"""""""""Welcome to the world of Judah Knight: Knights & Demons –Chapter One""""""""",Games,Video Games,NC,2025-04-13,2025-06-12,100000,337,0,12,FALSE,FALSE,FALSE,FALSE,https://www.kickstarter.com/projects/7th/judah-knight-knights-and-demons
1102945517,Dancin' Wild,Michael Davenport,"Can an elephant moonwalk? Well, with up to 1,200 possible combos, this guessing game is sure to be an experience you'll NEVER unsee!",Games,Live Games,NC,2023-09-13,2023-10-16,65000,6025,9,25,FALSE,FALSE,FALSE,FALSE,https://www.kickstarter.com/projects/dancinwild/dancin-wild
859770237,Bad Witch - Illustrated Playing Card Deck,Michelle Lodge,A standard playing card deck featuring original illustrations of witches in a fun pin up style theme.,Games,Playing Cards,NC,2023-10-03,2023-11-02,1500,7786,519,204,TRUE,TRUE,TRUE,FALSE,https://www.kickstarter.com/projects/michellelodge/bad-witch-illustrated-playing-card-deck
1150004810,The Dark Arrival,VAISHNAVI PALLEDA,Shadows of the past,Games,Video Games,NC,2025-12-21,2026-02-19,65200,250,0,4,FALSE,FALSE,FALSE,FALSE,https://www.kickstarter.com/projects/thedarkarrival7/the-dark-arrival
646280450,Chiphole Chipong: Where Golf Meets Great Times,Alastair Swan,"The innovative, handcrafted game that blends beer pong, cornhole, and golf for a new level of party fun! (Patent Pending)",Games,Live Games,NC,2023-04-05,2023-05-15,22300,3435,15,17,FALSE,FALSE,FALSE,FALSE,https://www.kickstarter.com/projects/chipholechipong/chiphole-chipong-where-golf-meets-great-times
1200872369,Twisted Wishes,Martin Schlesinger,The party game for people who are into ridiculous wish-granting and hysterical laughter.,Games,Playing Cards,NC,2023-03-14,2023-04-13,7500,11148,149,218,TRUE,TRUE,TRUE,FALSE,https://www.kickstarter.com/projects/martinschlesinger/twisted-wishes
966574123,Wonder Playing Cards - Emerald Edition,Chris Hage,A beautiful deck of playing cards.,Games,Playing Cards,NC,2023-02-01,2023-02-22,10000,34542,345,222,TRUE,TRUE,TRUE,FALSE,https://www.kickstarter.com/projects/wondercraft/wonder-playing-cards-emerald-edition
872047483,The Colorful Tears Tarot,Rebecca Schoenecker,A 78-card tarot deck where you’ll find yourself at home with beautiful humans that create colorful worlds!,Games,Playing Cards,NC,2023-03-07,2023-03-31,8890,9519,107,106,TRUE,TRUE,TRUE,FALSE,https://www.kickstarter.com/projects/s-h-a-d-o-w/the-colorful-tears-tarot
1455079913,"""""""""The Last Strawberry"""""""" – A Battle for Fruitopia!",Kuggs,"""""""""Join the battle as the last strawberry in a junk food-ravaged world, where fast-paced action and chaos reign""""""""",Games,Video Games,NC,2024-10-06,2024-11-05,5000,50,1,4,FALSE,FALSE,FALSE,FALSE,https://www.kickstarter.com/projects/kuggs/the-last-strawberry-a-battle-for-fruitopia-0
961690058,Unity Comics Cosplay Gallery #15 + Poker Cards + Skateboards,gropiusone,Featuring the Cosplay Art of Yunogana,Comics,NA,NC,2025-11-13,2025-12-03,300,5279,1760,103,TRUE,TRUE,TRUE,FALSE,https://www.kickstarter.com/projects/gropiusone/unity-comics-cosplay-gallery-15-poker-cards
1846269700,Shadowmere Adventure for 5th edition,Dice Portal,"A dark fantasy adventure for 5th Edition, set in a cursed land swallowed by mist, magic, and forgotten horrors.",Games,Tabletop Games,NC,2025-05-14,2025-06-13,1500,134,9,12,FALSE,FALSE,FALSE,FALSE,https://www.kickstarter.com/projects/shadowmere/shadowmere-adventure-for-5th-edition
828265121,Stupid Bird Game,rexx87,"A Flappy bird like game with clever twists, unique mechanics, and boss fights",Games,Mobile Games,NC,2026-01-03,2026-02-17,6000,64,1,9,FALSE,FALSE,FALSE,FALSE,https://www.kickstarter.com/projects/rexx87/stupid-bird-game
1158698598,LAST SHOT (Canceled),Johnny-Bless,A board wargame set in a realm of tanks and warships. Complete your missions and capture the central object for a Super Air Strike!,Games,Tabletop Games,NC,2023-11-17,2023-12-17,10000,2145,21,15,FALSE,FALSE,FALSE,FALSE,https://www.kickstarter.com/projects/battleforthekingdom/last-shot-1
767965711,Jared Kirkpatrick's Debut Album: Everpresent,Jared Kirkpatrick,"An exploration of folk tunes and reflective compositions, recorded on a piano passed down for 3 generations",Music,Country & Folk,NC,2023-10-03,2023-11-02,8000,10530,132,147,TRUE,TRUE,TRUE,FALSE,https://www.kickstarter.com/projects/j42kmusic/jared-kirkpatricks-debut-album-everpresent
2061407340,Studio Time! (Canceled),Nathan Wayne,It's time to track a few of these songs I've been working on,Music,Country & Folk,NC,2024-09-09,2024-10-06,3500,250,7,1,FALSE,FALSE,FALSE,FALSE,https://www.kickstarter.com/projects/nathanwayne/studio-time-1
1742380947,"THE PARIS ROGUES debut album entitled """"""""Live and Learn""""""""",Peter Rogan,The debut album of songs by Michael C. Parris and Peter Rogan. With guest musicians including Phil Madeira and Will Kimbrough.,Music,R&B,NC,2024-10-05,2024-11-04,7500,7544,101,54,TRUE,TRUE,TRUE,FALSE,https://www.kickstarter.com/projects/peterrogan/the-paris-rogues-debut-album-entitled-live-and-learn
2091401729,Lamp Posts & Lovers: A Debut Album By Dasher The Band,Max Dasher,"A full-length album for the dreamer, storyteller, and the believer",Music,Country & Folk,NC,2025-07-29,2025-09-27,24000,24110,100,40,TRUE,TRUE,TRUE,FALSE,https://www.kickstarter.com/projects/dashertheband/lamp-posts-and-lovers-a-debut-album-by-dasher-the-band
1342662557,Jessie Dunks: Studio recording in Nashville,Jessie Dunkelberger,"Support Jessie Dunks creating a new record at Freda Recording in Nashville, TN.",Music,Indie Rock,NC,2024-08-02,2024-09-01,12200,12374,101,66,TRUE,TRUE,TRUE,FALSE,https://www.kickstarter.com/projects/1428251500/jessie-dunks-studio-recording-in-nashville
299735680,The Pigeon River Messengers Album,Zachary Dyke,We are recording our debut album and we need your help!,Music,Country & Folk,NC,2023-06-06,2023-08-05,3500,3586,102,30,TRUE,TRUE,TRUE,FALSE,https://www.kickstarter.com/projects/pigeonriver/the-pigeon-river-messengers-album
1732990396,Tim Briggs and Folk Hymnal's New Album in 2023,Tim Briggs,"Help fund some fun, folky, churchy worship music.",Music,Country & Folk,NC,2023-03-06,2023-04-01,6825,6827,100,58,TRUE,TRUE,TRUE,FALSE,https://www.kickstarter.com/projects/951036069/tim-briggs-and-folk-hymnals-new-album-in-2023
1038114703,JAYWALK: An Endless Arcade Hopper Game,Juan Daniel Cabrera-Aispuro,"An arcade-style multiplayer game where players dodge traffic, trains, and rivers as unlockable characters.",Games,Video Games,NC,2026-01-21,2026-03-22,5000,15,0,1,FALSE,FALSE,FALSE,FALSE,https://www.kickstarter.com/projects/player9/jaywalk-an-endless-arcade-hopper-game
160204813,Mother-Daughter Christmas Album,Kirsten Maxwell,A classically trained mezzo soprano gives birth to a genre-crossing soprano and together they record an album of Christmas songs.,Music,Classical Music,NC,2025-10-15,2025-11-14,10000,10071,101,116,TRUE,TRUE,TRUE,FALSE,https://www.kickstarter.com/projects/christmasrecord/mother-daughter-christmas-album
1440830712,The House With The Broken Clock,Caleb,This is my debut horror game and introduction into the gaming industry.,Games,Video Games,NC,2025-09-27,2025-11-20,400,30,8,5,FALSE,FALSE,FALSE,FALSE,https://www.kickstarter.com/projects/cwpublishing/the-with-the-broken-clock
1642564794,HumanitySim (Canceled),steven lipford,lets make a real simulation game,Games,Video Games,NC,2024-06-19,2024-07-20,30900,80,0,7,FALSE,FALSE,FALSE,FALSE,https://www.kickstarter.com/projects/stevenclipford/humanitysim
614831318,Demon Crush (Canceled),Reverting Castles,"Demon Crush is a 2D sidescroller with fast-paced ninja action! Battle humans, demons, and beasts in a pixel art Japanese fantasy world!",Games,Video Games,NC,2024-09-02,2024-10-02,40000,390,1,2,FALSE,FALSE,FALSE,FALSE,https://www.kickstarter.com/projects/demon-crush/demon-crush
1895642370,Beautiful Fish,Isabella Mead,Bella Nona's Album Release Concert,Music,Country & Folk,NC,2025-04-27,2025-06-16,4000,71,2,4,FALSE,FALSE,FALSE,FALSE,https://www.kickstarter.com/projects/bella-nona-album/beautiful-fish
939545015,90s Styled R&B Album,Phil Edmond,Who doesn't miss the era of 90s love making music and new jack swing for the parties and cookouts!?,Music,R&B,NC,2024-06-09,2024-07-09,500,50,10,1,FALSE,FALSE,FALSE,FALSE,https://www.kickstarter.com/projects/philedmond/90s-styled-randb-album
2045479128,Carlos Rising: Making a Debut Album WITHOUT a Record Label,Carlos Rising,"I was a contestant on the Voice, I've released E.Ps, and now it's time to make my debut album. But I need your help!",Music,Indie Rock,NC,2025-01-01,2025-01-31,15000,15592,104,69,TRUE,TRUE,TRUE,FALSE,https://www.kickstarter.com/projects/carlosrising/carlos-rising-making-a-debut-album-without-a-record-label
78094383,Omar Ruiz-Lopez makes a full-length album of original music!,Omar Ruiz-Lopez,Be a part of this journey to bring this dream to reality! I am making an album of original music to share with the world,Music,Country & Folk,NC,2026-03-07,2026-04-06,20000,22400,112,240,TRUE,TRUE,TRUE,FALSE,https://www.kickstarter.com/projects/omarruizlopez/omar-ruiz-lopez-makes-a-full-length-album-of-original-music
1225980119,How Many Moons: A New Record from Laurelyn Dossett,Laurelyn Dossett,Laurelyn is making a record! Produced by M.C. Taylor of Hiss Golden Messenger.,Music,Country & Folk,NC,2025-11-14,2025-12-14,25000,26148,105,200,TRUE,TRUE,TRUE,TRUE,https://www.kickstarter.com/projects/1812139072/how-many-moons-a-new-record-from-laurelyn-dossett
1953721885,Rictorscale (Canceled),Ricardio,I possess a talent that people find enjoyable. It’s time I share it with the rest of the world who haven’t heard it yet. Time for A LP!,Music,Hip-Hop,NC,2025-02-23,2025-03-25,15000,0,0,0,FALSE,FALSE,FALSE,FALSE,https://www.kickstarter.com/projects/ricardio/rictorscale
147503081,Hairy-Legged Women Debut Album,Jess P,Recording our debut album with 12 original songs,Music,Indie Rock,NC,2025-04-28,2025-05-28,5000,5116,102,42,TRUE,TRUE,TRUE,TRUE,https://www.kickstarter.com/projects/hlw/hairy-legged-women-debut-album
381896536,Breathe For Me and Mercury In Retrograde (Canceled),Philip Howell,A father and son got through hard times by making 2 video games over the course of 6 years. This is our story. These are the games.,Games,Video Games,NC,2024-07-12,2024-08-11,500,10,2,1,FALSE,FALSE,FALSE,FALSE,https://www.kickstarter.com/projects/10eyesgames/breathe-for-me-and-mercury-in-retrograde
28697565,"Twisted Bags: The Card Game That Reinvents Cornhole""""""""",Jason Mills,Take Your Tailgating Game to the Next Level with Twisted Bags: The Card Game That Reinvents Cornhole,Games,Live Games,NC,2023-03-20,2023-05-19,10000,501,5,9,FALSE,FALSE,FALSE,FALSE,https://www.kickstarter.com/projects/twistedbags/twisted-bags-the-card-game-that-reinvents-cornhole
1164553766,TOTYM: The 2-4 Player Cute but Cutthroat Mythology Card Game,TOTYM,Don't Let the Cuteness Deceive You! 👹🔪 Bluff and deceive your opponent to ascend your baby champion to victory.,Games,Tabletop Games,NC,2025-08-12,2025-09-11,8000,71414,893,251,TRUE,TRUE,TRUE,FALSE,https://www.kickstarter.com/projects/totym/totym-the-cute-but-cutthroat-card-game
1644113295,Beyond Life,steven lipford,Where AI Dreams of Civilization.,Games,Video Games,NC,2025-04-23,2025-05-23,123500,0,0,0,FALSE,FALSE,FALSE,FALSE,https://www.kickstarter.com/projects/stevenclipford/beyond-life
1934471853,Flawed TCG - Broken Pair,Best Man Gaming,The Broken Pair expansion adds over 150 new cards to Flawed TCG! New Epic characters and color-combos take your deck to the next level.,Games,Playing Cards,NC,2025-06-19,2025-07-19,15000,20986,140,75,TRUE,TRUE,TRUE,FALSE,https://www.kickstarter.com/projects/bestmangaming/flawed-tcg-broken-pair
1819026106,Forged Playing Cards - Viking Fury,Chris Hage,Harness the might of Norse warriors with these luxury playing cards inspired by Viking weaponry.,Games,Playing Cards,NC,2023-09-05,2023-10-05,10000,61126,611,466,TRUE,TRUE,TRUE,FALSE,https://www.kickstarter.com/projects/wondercraft/forged-playing-cards-viking-fury
925936220,"""""""""The Last Strawberry"""""""" – A Battle for Fruitopia! (Canceled)",Kuggs,An Upcoming Platformer,Games,Video Games,NC,2024-09-29,2024-10-29,5000,0,0,0,FALSE,FALSE,FALSE,FALSE,https://www.kickstarter.com/projects/kuggs/the-last-strawberry-a-battle-for-fruitopia
1293,Animal Instincts Poker Playing Cards & Tarot Inspired Oracle,David Bollt,Fantasy playing card decks combine the structure of poker with the magical & divination of oracle cards. Tarot inspired playing cards.,Games,Playing Cards,NC,2023-09-12,2023-10-12,10000,36513,365,491,TRUE,TRUE,TRUE,FALSE,https://www.kickstarter.com/projects/minds-eye/animal-instincts-oracle-and-playing-card-decks
1683027040,IT BEGAN (Canceled),Ilia Denisov,"IT BEGAN is a single-player tactical horror shooter set in a sunken world of cults, monsters, and your own fears.",Games,Video Games,NC,2025-05-10,2025-06-09,240000,152,0,6,FALSE,FALSE,FALSE,FALSE,https://www.kickstarter.com/projects/itbegan/it-began
397127395,Crypto Empire Simulator,Devin,Build and learn how to run your very own Cryptocurrency Empire from the ground up. (And break a few laws along the way).,Games,Video Games,NC,2024-04-02,2024-06-01,10000,221,2,12,FALSE,FALSE,FALSE,FALSE,https://www.kickstarter.com/projects/nesiex/crypto-empire-simulator
440856128,Rafaf Legends: Echoes of the Multiverse (Canceled),Ilia Denisov,"Travel through fractured worlds, upgrade your sword, and choose between saving your world or staying with the one you love.",Games,Mobile Games,NC,2025-05-02,2025-06-01,50000,21,0,3,FALSE,FALSE,FALSE,FALSE,https://www.kickstarter.com/projects/itbegan/rafaf-legends-echoes-of-the-multiverse
898406415,I Am Prayer,Clayton Brooks,A collection of Scripture-based songs to help keep the listener in conversation with God,Music,Faith,NC,2024-05-10,2024-06-09,20000,20209,101,59,TRUE,TRUE,TRUE,FALSE,https://www.kickstarter.com/projects/claytonbrooks/i-am-prayer
1110194963,Launch Hannah Kaminer's 3rd Studio Album: Wish We Could Talk,Hannah Kaminer,The third studio album by award-winning songwriter Hannah Kaminer + an all-star cast of musicians!,Music,Country & Folk,NC,2023-03-01,2023-03-31,17300,17549,101,185,TRUE,TRUE,TRUE,FALSE,https://www.kickstarter.com/projects/hannahkaminer/launch-hannah-kaminers-3rd-studio-album-wish-we-could-talk
389625280,"The One Eighties - """"""""Minefields""""""""",The One Eighties,Help us get our debut album out into the world!,Music,Country & Folk,NC,2023-05-09,2023-06-08,5500,6482,118,56,TRUE,TRUE,TRUE,FALSE,https://www.kickstarter.com/projects/theoneeighties/the-one-eighties-minefields
556265000,"Hymns in Hindsight, Chapter 1",Seth Davey,A worship project that includes brighter arrangements and full-band orchestrations of five original hymns from 'Till You're All I See'.,Music,Faith,NC,2024-10-03,2024-11-02,3500,3945,113,61,TRUE,TRUE,TRUE,FALSE,https://www.kickstarter.com/projects/kingdomrising/hymns-in-hindsight-chapter-1
1311202551,Rachael Hurwitz's First Solo Album,Rachael Hurwitz,"A debut indie-folk record with a variety of themes, including nostalgia, anxiety, DND and being a mom",Music,Country & Folk,NC,2023-04-26,2023-05-26,8000,8121,102,102,TRUE,TRUE,TRUE,FALSE,https://www.kickstarter.com/projects/rachaelhurwitz/rachael-hurwitzs-first-solo-album
463888186,Tarwater: Making Flannery O'Connor's Stories into Songs,Colin Cutler,"A full album of songs based on Flannery's short stories, with touches of early country, blues, oldtime, gospel, and rock and roll.",Music,Country & Folk,NC,2023-05-03,2023-06-04,11000,12011.43,109,101,TRUE,TRUE,TRUE,FALSE,https://www.kickstarter.com/projects/colincutlermusic/tarwater-making-flannery-oconnors-stories-into-songs
1992811808,Tales of Evion,Eve Legion,Forgotten Dreams,Games,Video Games,NC,2024-04-28,2024-06-25,3000,22,1,3,FALSE,FALSE,FALSE,FALSE,https://www.kickstarter.com/projects/1418862948/tales-of-evion
1008084497,Lythe The Forgetful Witch (Canceled),Ryan Grady,A Visual Novel about a witch who has forgotten how to use magic.,Games,Video Games,NC,2025-06-06,2025-07-06,50000,1367,3,15,FALSE,FALSE,FALSE,FALSE,https://www.kickstarter.com/projects/lythethewitch/lythe-the-forgetful-witch
1843089623,Hallelujah Noel - A New Christmas Album,Wen Reagan,Help me release a new jazz/gospel/americana Christmas album!,Music,Country & Folk,NC,2024-09-06,2024-10-06,2750,3347,122,42,TRUE,TRUE,TRUE,FALSE,https://www.kickstarter.com/projects/wenreagan/hallelujah-noel-a-new-christmas-album
1743692437,The Wayward Realms,OnceLost Games,"From legendary game developers Ted Peterson and Julian Lefay. Restoring Scope, choice, consequence & Role-Playing To RPGs",Games,Video Games,NC,2024-05-30,2024-06-29,500000,864036,173,10389,TRUE,TRUE,TRUE,FALSE,https://www.kickstarter.com/projects/oncelostgames/the-wayward-realms
114623360,Ghost Command - The AI War Begins,Joseph L Cosgriff,Ghost Command is a gripping military-tech thriller that explores the intersection of artificial intelligence and human conflict.,Publishing,Fiction,NC,2025-01-28,2025-02-22,7500,25,0,1,FALSE,FALSE,FALSE,FALSE,https://www.kickstarter.com/projects/shadowrunner/ghost-command-the-ai-war-begins
908044781,"Slave Society, The Age of Intelligence Series (Canceled)",Maris James,Humans Were Made for Service - The Future Belongs to the Intelligence.,Publishing,Fiction,NC,2026-03-25,2026-04-12,1000,64,6,2,FALSE,FALSE,FALSE,FALSE,https://www.kickstarter.com/projects/marisjames/slave-society-the-age-of-the-intelligent-series
1149823600,Camp Blackwater: A Y2K Eldritch Horror LARP,Cataclysmic Events,Do you have what it takes to survive summer of '07? How about at a summer camp where the movies are a bit TOO real?,Games,Live Games,NC,2025-07-01,2025-07-31,1200,2083,174,17,TRUE,TRUE,TRUE,FALSE,https://www.kickstarter.com/projects/cataclysmicevents/camp-blackwater-a-y2k-eldritch-horror-larp
1907573286,FatesEnd GM Screen 2.0,Kim Bourrie,"Introducing the next evolution in 3D-printed GM screens – a fusion of artistry, functionality, and innovation: FatesEnd GM Screen 2.0",Games,Tabletop Games,NC,2024-01-16,2024-02-06,500,19155,3831,631,TRUE,TRUE,TRUE,FALSE,https://www.kickstarter.com/projects/kimbolt/gm-screen
172212428,"New Year, New Books!",Falstaff Books,"5 New Books / 3 New Series from Fantasy Authors John G. Hartness, Patrick Dugan, & Darin Kennedy",Publishing,Fiction,NC,2024-01-01,2024-02-01,15000,15023,100,227,TRUE,TRUE,TRUE,FALSE,https://www.kickstarter.com/projects/falstaffbooks/new-year-new-books
352728520,A Choice of Light and Dark Series Special Editions + Audio,Lacey Lehotzky,A dark fantasy romance series that focuses on mental health and trauma healing,Publishing,Fiction,NC,2024-04-12,2024-05-01,20000,16104,81,85,FALSE,FALSE,FALSE,TRUE,https://www.kickstarter.com/projects/chainedaudiobook/chained-audiobook-production
2132657210,A. Guardian #1 - Epic Fantasy (single issue release),Eastin DeVerna,"War dawns on the three kingdoms once again, and a mysterious ancient guardian is at the center of it all. Game of Thrones x Iron Giant",Comics,Comic Books,NC,2024-09-23,2024-10-17,3000,3144,105,125,TRUE,TRUE,TRUE,FALSE,https://www.kickstarter.com/projects/eastindeverna/a-guardian-1-epic-fantasy-single-issue-release
1242174900,Deadly Betrayal: A YA Urban Fantasy Signed Hardcover,Nichole Heydenburg,"Demon hunter academy, no spice romance, found family, & The Chosen One. For fans of The Mortal Instruments and Vampire Diaries.",Publishing,Fiction,NC,2025-05-13,2025-05-30,500,926,185,33,TRUE,TRUE,TRUE,FALSE,https://www.kickstarter.com/projects/poisonedinkpress/deadly-betrayal-book-2-in-the-shadow-bound-chronicles
2104838224,Daughter of the Mystic Moon - A Medieval Fantasy Novel,Nicolle Morock,"A clean fantasy with a female lead character, magic, intrigue, a secret family history, and just a touch of romance.",Publishing,Fiction,NC,2025-07-08,2025-07-23,300,1112,371,36,TRUE,TRUE,TRUE,FALSE,https://www.kickstarter.com/projects/nicollemorock/daughter-of-the-mystic-moon-a-medieval-fantasy-novel
970163858,Flags of Freedom - The Quest for Freedom (Canceled),Walter Franklin Davis,"Every Flag Tells a Story! Discover the epic history of """"""""How America Became America"""""""" as told by the flags that witnessed it happen!",Publishing,Nonfiction,NC,2025-05-08,2025-06-01,39950,1725,4,2,FALSE,FALSE,FALSE,FALSE,https://www.kickstarter.com/projects/wfd/the-flags-of-freedom-trilogy
269175066,Dragons & Shifters Romantasy: Print Exclusive~ Printed Edges,Yvette Hines,SMOKE: A romantasy with sassy heroines and alpha heroes over a four-book serial.,Publishing,Fiction,NC,2025-04-11,2025-05-15,1500,5398,360,46,TRUE,TRUE,TRUE,FALSE,https://www.kickstarter.com/projects/1379910364/dragons-and-shifters-romantasy-print-exclusive-printed-edges
1166236863,Where the Streetlight Ends,Bradley Butts,Spooky Tales for Fans of Scary Stories and Goosebumps,Publishing,Young Adult,NC,2026-01-05,2026-02-19,3000,3115,104,35,TRUE,TRUE,TRUE,FALSE,https://www.kickstarter.com/projects/the-streetlight-ends/where-the-streetlight-ends
1745828805,Shujaa the Discriminator,Jesse Keppler,"A cyberpunk comic book about AI, protest, character assassination, and losing your mind.",Comics,Comic Books,NC,2025-03-19,2025-04-12,3000,3603,120,77,TRUE,TRUE,TRUE,FALSE,https://www.kickstarter.com/projects/moosecatcomics/shujaa-the-discriminator
1648638903,Justice for the People - The Anita Earls Story (Canceled),Billy Corriher,"From a humble orphanage to the halls of power, this modern-day civil rights hero defies the odds every time defeat appears inevitable.",Publishing,Nonfiction,NC,2026-01-19,2026-02-02,7350,1105,15,17,FALSE,FALSE,FALSE,FALSE,https://www.kickstarter.com/projects/2063370296/radical-justice-the-anita-earls-story
1402567125,The Realms of Aetherus TTRPG,Fogg Realm Games,Become a Guardian and protect reality against incursions from other realms and try to stop the flow of deadly supernatural entities.,Games,Tabletop Games,NC,2024-05-10,2024-06-09,10000,171,2,9,FALSE,FALSE,FALSE,FALSE,https://www.kickstarter.com/projects/foggrealm/the-realms-of-aetherus
629549342,The Angel Chloe,Jeff Stewart,A YA novel by a father with stage 4 cancer,Publishing,Young Adult,NC,2025-05-04,2025-07-03,3500,3756,107,62,TRUE,TRUE,TRUE,FALSE,https://www.kickstarter.com/projects/living/the-angel-chloe
38603066,The Iron Coffin: A Mothership® Pamphlet Module,Severed Hand,"""""""""MAYDAY. SOMETHING ONBOARD IS HUNTING US. I REPEAT: SOMETHING—""""""""",Games,Tabletop Games,NC,2024-11-14,2024-12-13,500,2048,410,388,TRUE,TRUE,TRUE,FALSE,https://www.kickstarter.com/projects/severed-hand/the-iron-coffin-a-mothership-pamphlet-module
837240997,HoloChess Pro Chess Board,HoloChessPro0003,Play friends across the table or across the world using this innovation holographic chess board.,Games,Tabletop Games,NC,2025-07-02,2025-08-16,45000,461,1,4,FALSE,FALSE,FALSE,FALSE,https://www.kickstarter.com/projects/holochesspro/holochess-pro-chess-board
90565974,Rooftops and Alleyways: Community Canvas 2024,The Durham Production Company,"A night of community-made digital art, displayed on the side of a building in downtown Durham, NC.",Art,Digital Art,NC,2024-03-25,2024-04-24,29000,495,2,6,FALSE,FALSE,FALSE,FALSE,https://www.kickstarter.com/projects/jl-klinck/rooftops-and-alleyways-community-canvas-2024
1361203378,GM FlowWeaver — Enter the FlowState of Game Mastery (Canceled),Gregory Erickson,"Stay in Game Master FlowState with AI‐assisted worldbuilding, story arc crafting, and real‐time tools for smoother, richer sessions.",Games,Tabletop Games,NC,2026-01-08,2026-03-05,48000,265,1,1,FALSE,FALSE,FALSE,FALSE,https://www.kickstarter.com/projects/gmflowweaver/gm-flowweaver-enter-the-flowstate-of-game-mastery
1295181120,Voltage Dsp - Audio Plugin Startup (Canceled),Princston Terry,Help launch CURRENT — a groundbreaking plugin that brings power-supply dynamics and electrical behavior to digital audio.,Technology,Software,NC,2026-03-13,2026-05-12,6500,0,0,0,FALSE,FALSE,FALSE,FALSE,https://www.kickstarter.com/projects/perfectharmany/voltage-dsp-audio-plugin-startup
640893357,The Keepers of Balance,Nick,Unveiling Charlotte’s Largest Escape Experience and Outdoor Bar,Games,Live Games,NC,2024-11-12,2025-01-11,25000,35251,141,196,TRUE,TRUE,TRUE,FALSE,https://www.kickstarter.com/projects/keepersofbalance/epic-adventure-charlottes-largest-immersive-experience
1612222687,Hound Dog Blues a mobile dog gym,Hound Dog Blues,Hound Dog Blues is a mobile dog gym that travels to someone’s how to run their dog for them,Design,NA,NC,2025-11-30,2025-12-30,5000,108,2,3,FALSE,FALSE,FALSE,FALSE,https://www.kickstarter.com/projects/hounddogblues/hound-dog-blues-a-mobile-dog-gym
43468631,Epoch of Nuf,TMP Games,A passion project influenced by the games of my childhood. I hope you like it as much as I do.,Games,Video Games,NC,2026-02-02,2026-02-27,2000,112,6,7,FALSE,FALSE,FALSE,FALSE,https://www.kickstarter.com/projects/epochofnuf/epoch-of-nuf
1320527413,Houses of Fog & Ember: (Vol. 1) - The Greek & Roman Mythos,Erin Rabideau,an Educational Artbook about the Pantheons of old,Art,Illustration,NC,2024-10-24,2024-11-23,5000,542,11,12,FALSE,FALSE,FALSE,FALSE,https://www.kickstarter.com/projects/ruyamira/houses-of-fog-and-ember-vol-1-the-greek-and-roman-mythos
1794017334,Nevermore: An Anthology Inspired By Edgar Allan Poe,Falstaff Books,A feast of creepy stories from a host of dark fantasy writers,Publishing,Anthologies,NC,2023-06-01,2023-07-01,10000,11854,119,270,TRUE,TRUE,TRUE,FALSE,https://www.kickstarter.com/projects/falstaffbooks/nevermore-an-anthology-inspired-by-edgar-allen-poe
473211308,STEM Solvers Book Series,Rich Gilliam,10-book children's series of young innovators solving real-world problems through science and teamwork,Publishing,Children's Books,NC,2026-03-11,2026-04-10,2000,2604,130,21,TRUE,TRUE,TRUE,FALSE,https://www.kickstarter.com/projects/stemplug/stem-solvers-book-series
2068453869,What They Face: A Book for the US & NATO,Garrison Foster,A book about the combat on the ground in Ukraine by a former US Marine who has been fighting there for nearly two years,Publishing,Nonfiction,NC,2023-12-23,2024-01-22,12600,670,5,9,FALSE,FALSE,FALSE,FALSE,https://www.kickstarter.com/projects/whattheyface/what-they-face-a-book-for-the-us-and-nato
1042413422,Exploring Wetlands: A Journey Through Nature's Hidden Gems,Marc Seelinger,"Discovering Biodiversity, Conservation, and Ecosystems in Wetlands - 5th Grade",Publishing,Nonfiction,NC,2024-03-26,2024-04-25,20000,6,0,2,FALSE,FALSE,FALSE,FALSE,https://www.kickstarter.com/projects/swampschool/exploring-wetlands-a-journey-through-natures-hidden-gems
999183067,Grandpa's Nickname: beautifully illustrated children's book,Deborah Clark,"This children's book takes you around the world, as it teaches you different nicknames for grandpa in various countries and cultures.",Publishing,Children's Books,NC,2024-06-16,2024-07-06,1965,2160,110,35,TRUE,TRUE,TRUE,FALSE,https://www.kickstarter.com/projects/cjbooks2023/grandpas-nickname
747975235,Sacramancy Eclipse - Creepy Cards for DnD and Oracle Reading,Doug Hoppes,"35-card dark fantasy idea deck and book used by oracle readers, DnD Players, therapists, teachers, and writers.",Publishing,Art Books,NC,2025-08-20,2025-09-03,1100,1305,119,25,TRUE,TRUE,TRUE,FALSE,https://www.kickstarter.com/projects/shadowmyths/sacramancy-eclipse-dark-art-for-dnd-and-oracle-reading
27977165,Lean Culture,Christopher Reep,Why Tools Fail and Behavior Wins,Publishing,Academic,NC,2026-01-15,2026-02-14,10000,220,2,22,FALSE,FALSE,FALSE,FALSE,https://www.kickstarter.com/projects/reep/lean-culture
1363121192,Zehlreg A. Grindstone's Spectacular Western Oddity Emporium,Suzanna Lundale,"An anthology of Weird West short stories, flash fiction, & poems blending Wild West tropes with themes from across the Fantasy spectrum",Publishing,Anthologies,NC,2024-05-31,2024-06-30,5003,5372,107,96,TRUE,TRUE,TRUE,FALSE,https://www.kickstarter.com/projects/interestingtimes/zehlreg-a-grindstones-spectacular-western-oddity-emporium
226389081,Where Are The Women?,Taylor Wirthlin,A search-and-find picture book looking for history's hidden heroines,Publishing,Children's Books,NC,2025-11-01,2025-11-16,4200,5494,131,96,TRUE,TRUE,TRUE,TRUE,https://www.kickstarter.com/projects/1671242545/where-are-the-women
586365096,Deluxe Sins,Rhiannon Futch,Deluxe editions of the Sins series and a brand new novel and novella in the series.,Publishing,Fiction,NC,2024-11-08,2024-11-21,500,900,180,15,TRUE,TRUE,TRUE,FALSE,https://www.kickstarter.com/projects/rhiannonfutchauthor/deluxe-sins
1933203407,The Dreamlighters Go to Space,Michael Gammage,"Follow Kaleb and Maya as a magical genie emerges from their nightlight, revealing a world of careers beyond being an astronaut!",Publishing,Children's Books,NC,2023-07-01,2023-08-01,5000,6235,125,65,TRUE,TRUE,TRUE,FALSE,https://www.kickstarter.com/projects/mikewritesforkids/the-dreamlighters-go-to-space
823022475,The Dance Of The Damned,Donnie Lee Harper Jr,"A universe of Horror, Fantasy, And Science Fiction,Fantasy, Horror. What if All the myths were real?",Publishing,Fiction,NC,2024-11-20,2025-01-19,10000,70,1,3,FALSE,FALSE,FALSE,FALSE,https://www.kickstarter.com/projects/wykkydambitions/the-dance-of-the-damned
235591311,Farzanah and the 17 Camels,Dr. Sue Looney,A children's book about mathematical problem-solving and perseverance,Publishing,Children's Books,NC,2024-08-05,2024-09-04,7000,7061,101,135,TRUE,TRUE,TRUE,TRUE,https://www.kickstarter.com/projects/magicturtle/farzanah-and-the-17-camels
1466393036,2023 Lunar Calendar (Second Run) (Canceled),Anissa Cosby,A lunar calendar that helps you plan your days by the stars!,Publishing,Calendars,NC,2023-01-30,2023-02-13,1000,36,4,2,FALSE,FALSE,FALSE,FALSE,https://www.kickstarter.com/projects/anissacosby/2023-lunar-calendar-second-run
529418310,Becoming One with Christ: The Lessons of King David,David Richards,"A book that personalizes what has long been institutionalized, equipping people with the knowledge to discover God within them.",Publishing,Academic,NC,2025-01-30,2025-03-31,15000,2080,14,12,FALSE,FALSE,FALSE,FALSE,https://www.kickstarter.com/projects/bowc/becoming-one-with-christ-the-lessons-of-king-david
1480484318,Coco The Miracle Rescue Dog: A Children's Book,Sarah Pai,"A true tale of a senior dog, animal rescue, and the healing power of love.",Publishing,Children's Books,NC,2023-08-22,2023-09-21,18000,19022,106,202,TRUE,TRUE,TRUE,TRUE,https://www.kickstarter.com/projects/sarahpai/coco-the-miracle-rescue-dog
1759295445,Late Stage Capitalism: Photo Book,Shawn Keding,"@fujifilmdad takes us on a journey through the United States, examining the intersection of nature, humanity & consumerism...",Photography,Photobooks,NC,2023-01-10,2023-03-05,12000,140,1,6,FALSE,FALSE,FALSE,FALSE,https://www.kickstarter.com/projects/337465142/late-stage-capitalism-photo-book
1917666112,I Love You From My Head Tomatoes: Book of Unconditional Love,Andrew Decker,"A children's book specially designed to fuel kids' souls with adventure, unconditional support, colors of the rainbow, and more.",Publishing,Children's Books,NC,2023-03-28,2023-04-24,3000,4315,144,115,TRUE,TRUE,TRUE,TRUE,https://www.kickstarter.com/projects/andydecker/i-love-you-from-my-head-tomatoes-book-of-unconditional-love
2007115635,My Life Coach - The Achiever Planner,Brittany Johnson,"Your own personal life coach, in a book! All-In-One workbook, planner, and notebook. """"""""Make 100""""""""",Publishing,Nonfiction,NC,2025-01-23,2025-02-22,5000,331,7,4,FALSE,FALSE,FALSE,FALSE,https://www.kickstarter.com/projects/workshopplanners/my-life-coach-the-achiever-planner
935571510,4th Annual Knowledge Share Extravaganza Live Conference,Pronto Tax School,"Live, in-person conference designed to empower tax pros with the knowledge, tools, and connections you need to truly thrive!",Publishing,Academic,NC,2025-05-13,2025-07-01,49850,4482,9,9,FALSE,FALSE,FALSE,FALSE,https://www.kickstarter.com/projects/prontotaxschool/4th-annual-knowledge-share-extravaganza-live-conference
467115436,Good Movies as Old Books / Vol.2,matt stevens,An art book and set of prints of my favorite films reimagined as vintage book covers. Vol.2 and a reprint of Vol.1.,Publishing,Art Books,NC,2023-08-04,2023-09-03,30000,38871,130,422,TRUE,TRUE,TRUE,TRUE,https://www.kickstarter.com/projects/mattstevensclt/good-movies-as-old-books-vol2
1453686652,OBX Print + Frame,Amaris Hames,"An online print shop featuring vibrant film photographs by local artists, bringing curated pieces of the coast into your home.",Photography,Places,NC,2025-12-04,2026-01-03,82600,1250,2,7,FALSE,FALSE,FALSE,FALSE,https://www.kickstarter.com/projects/obxprintandframe/obx-print-frame
1373329394,Daddy Take A Picture!,Mehmet Demirci,"A photo book created with just a phone, an app, and two children's curiosity 40pix, 4.13X6.50 inches Wide Angle Press,2025",Photography,Photobooks,NC,2025-06-10,2025-08-09,5500,5941,108,69,TRUE,TRUE,TRUE,FALSE,https://www.kickstarter.com/projects/mehmetdemirci/dady-take-a-picture
43627317,The Blush House Studio,Jessica Lowery,So much happening in one house,Photography,People,NC,2025-09-01,2025-10-01,5000,0,0,0,FALSE,FALSE,FALSE,FALSE,https://www.kickstarter.com/projects/jessicajulissa/the-blush-house-studio
2027818561,I Am Patiently Waiting Bag,Janet Harris,Bridging Behavior: From Home to School and Beyond!,Publishing,Academic,NC,2025-07-24,2025-09-22,5300,47,1,4,FALSE,FALSE,FALSE,FALSE,https://www.kickstarter.com/projects/1853485729/i-am-patiently-waiting-bag
1814067917,Big Al's Mountain Service - National Parks Travel Guide,Alex McCoy,I went to all the National Parks and you can too!,Publishing,Art Books,NC,2025-09-30,2025-11-04,6500,7213,111,95,TRUE,TRUE,TRUE,TRUE,https://www.kickstarter.com/projects/bigalsmtnsvc/big-als-mountain-service-national-parks-travel-guide
1166521016,OBX Print + Frame - Bring Home the Beauty of the Coast,Amaris Hames,"An online print shop featuring vibrant film photographs by local artists, bringing curated pieces of coastal imagery to you.",Photography,Fine Art,NC,2026-02-05,2026-03-09,53000,2246,4,8,FALSE,FALSE,FALSE,FALSE,https://www.kickstarter.com/projects/obxprintandframe/obx-print-frame-bring-home-the-beauty-of-the-coast
708546356,Bad Habits - A Party Card Game,Joshua Jinks,Because Perfection is Overrated,Games,Playing Cards,NC,2023-12-06,2024-02-04,6500,406,6,15,FALSE,FALSE,FALSE,FALSE,https://www.kickstarter.com/projects/badhabitscardgame/bad-habits-a-party-card-game
1891025706,Dead Men Tell No Tales,Shawn Hennessey,"Dead Men Tell No Tales is a pirate themed rummy style card game, created by Hennessey Games",Games,Playing Cards,NC,2024-04-09,2024-05-07,24000,1907,8,48,FALSE,FALSE,FALSE,FALSE,https://www.kickstarter.com/projects/hennessey-games/dead-men-tell-no-tales-0
1867130803,Tether,Mark McGee (How To Steam Broccoli),"A """"""""mirror deck"""""""" card game about connecting astronauts together for 2 players or 2 teams.",Games,Tabletop Games,NC,2023-02-21,2023-03-21,7500,17959,239,1009,TRUE,TRUE,TRUE,TRUE,https://www.kickstarter.com/projects/howtosteambroccoli/tether-1
1684116546,The Real Talk Deck,Tobin Poppenberg,"The Card Deck That Makes Authentic Connection Effortless, fun and Irresistible!",Games,Playing Cards,NC,2025-09-02,2025-09-23,5000,11737,235,117,TRUE,TRUE,TRUE,FALSE,https://www.kickstarter.com/projects/tobinator/the-real-talk-deck
530276003,Murder Mansion Mayhem,Drew Rayfield,Find the killer and discover the mystery of the mansion in this PC Lovecraftian detective thriller.,Games,Video Games,NC,2025-10-31,2025-11-30,3200,80,2,3,FALSE,FALSE,FALSE,FALSE,https://www.kickstarter.com/projects/puffypupgames/murder-mansion-mayhem
238272764,Stardrop Spirits: A Stardew Valley Inspired Tarot Deck,Danielle Egolf,"A tarot deck inspired by the 2016 farm life simulation role-playing video game, Stardew Valley",Games,Playing Cards,NC,2025-03-18,2025-04-17,7000,9450,135,135,TRUE,TRUE,TRUE,FALSE,https://www.kickstarter.com/projects/stardropspiritstarot/stardrop-spirits-a-stardew-valley-inspired-tarot-deck
2013247516,Trial By Starlight,Angela Lombardo,"An outsider returns to a magical world that fears him, where the Starlight Trials decide who will shape the future of Polaris.",Publishing,Young Adult,NC,2026-03-24,2026-04-13,1500,841,56,16,FALSE,FALSE,FALSE,FALSE,https://www.kickstarter.com/projects/adlombardo/trial-by-starlight
740458036,Lemon & Malice: A fantasy novel,Kaitlyn Owenby,We are using Kickstarter to fund the Lemon & Malice audiobook!,Publishing,Fiction,NC,2025-10-27,2025-11-21,2300,148,6,5,FALSE,FALSE,FALSE,FALSE,https://www.kickstarter.com/projects/1050618337/lemon-and-malice-a-fantasy-novel
128082243,Third Sunset: A Story of Truth and Reflection,A.D Wilder,Elevating Black stories from the quiet corners of rural America into the realms of epic adventure and the psychological unknown.,Publishing,Fiction,NC,2026-03-08,2026-04-07,3000,0,0,0,FALSE,FALSE,FALSE,FALSE,https://www.kickstarter.com/projects/thirdsunset/third-sunset-a-story-of-truth-and-reflection-by-ad-wilder
468841163,Only Way Home: a solo journaling TTRPG pamphlet zine,Joel Salda,An astronaut stranded on Mars seeks a way home - a solo journaling TTRPG zine - contained on a 8.5 x 3.5 trifold pamphlet for just $7.,Games,Tabletop Games,NC,2025-02-01,2025-03-01,350,648,185,87,TRUE,TRUE,TRUE,FALSE,https://www.kickstarter.com/projects/thebigtabletop/only-way-home-a-solo-journaling-ttrpg-pamphlet-zine
1649691033,Blood Legend,Charles Leggett,A Gothic Adventure Novel — Book One of the Blood Codex Trilogy,Publishing,Fiction,NC,2026-03-02,2026-03-30,7500,1800,24,22,FALSE,FALSE,FALSE,FALSE,https://www.kickstarter.com/projects/1224577444/blood-legend
1087863847,Mas Magazine Issue 003,Mas Magazine,"Mas Magazine platforms diverse creatives, amplifies unique voices and pushes boundaries. Help us print issue 003.",Publishing,Zines,NC,2024-03-11,2024-04-05,1000,102,10,6,FALSE,FALSE,FALSE,FALSE,https://www.kickstarter.com/projects/masmagazine/mas-magazine-issue-003
436960697,Morpholomancy,David Edwards II,A linguistic micro-RPG of magical spell-word creation.,Games,Tabletop Games,NC,2023-02-02,2023-02-23,450,1317.11,293,116,TRUE,TRUE,TRUE,FALSE,https://www.kickstarter.com/projects/morpholomancy/morpholomancy
1837919785,Wrath's Daughter Special Edition: a Dark Science Fantasy (Canceled),Anissa Cosby,"Where """"""""Blade"""""""" meets """"""""Legend of Korra"""""""". A polyromantic story set in a queer-norm cyberpunk world.",Publishing,Fiction,NC,2025-03-25,2025-04-15,8000,4373,55,26,FALSE,FALSE,FALSE,FALSE,https://www.kickstarter.com/projects/anissacosby/wraths-daughter-audiobook
926646242,Veilborn: A Story of Our Inheritance,Isri Adum,"A Black American Epic fantasy where joy is outlawed, history is stolen, and light is policed.",Publishing,Fiction,NC,2025-12-25,2026-01-24,7500,30,0,2,FALSE,FALSE,FALSE,FALSE,https://www.kickstarter.com/projects/veilbornverse/veilborn-a-story-of-our-inheritance
789124304,Paranormal Academy: A Reverse Harem Series,Christina Chavis,From enemies to lovers: Follow Aria's journey with her three male suitors at a paranormal academy in this steamy reverse harem romance.,Publishing,Young Adult,NC,2023-03-05,2023-05-04,50000,586,1,10,FALSE,FALSE,FALSE,FALSE,https://www.kickstarter.com/projects/cchavis082687/paranormal-academy-a-reverse-harem-series
1727012862,The Hell Crusades 1099: A TTRPG Zine,Jason,"A Christian army took Jerusalem in 1099. The slaughter of innocents that followed opened a portal to Hell, sealing their fate.",Games,Tabletop Games,NC,2026-02-01,2026-03-06,777,155,20,10,FALSE,FALSE,FALSE,FALSE,https://www.kickstarter.com/projects/hellcrusades1099/the-hell-crusades-1099-a-ttrpg-zine
756975771,Rat Milk: A Grimly Absurd Level 1 Adventure for Shadowdark,Hamilton Ward,An adventure that doesn’t take itself too seriously but is serious enough to be taken seriously when needed.,Games,Tabletop Games,NC,2025-11-18,2025-12-18,500,290,58,28,FALSE,FALSE,FALSE,FALSE,https://www.kickstarter.com/projects/727359253/rat-milk-a-grimly-absurd-level-1-adventure-for-shadowdark
556679739,Storms Within,John Tyler,A young adult romance thriller by Lara Jenkins.,Publishing,Fiction,NC,2025-09-25,2025-10-26,749,0,0,0,FALSE,FALSE,FALSE,FALSE,https://www.kickstarter.com/projects/larajenkins/storms-within
1611170212,Eternally Yours,Kaitlyn Vanderburg,A 2 book series of poems written by me depicting my transformation through the teenage era,Journalism,Print,NC,2024-07-04,2024-08-03,200,23,12,1,FALSE,FALSE,FALSE,FALSE,https://www.kickstarter.com/projects/eternally-yours/eternally-yours-0
642427034,Shadow Work Oracle Deck/DnD Campaign Idea Book and Deck,Doug Hoppes,"A 35-card dark fantasy idea deck and book used by oracle readers, DnD Players, therapists, teachers and writers.",Games,Playing Cards,NC,2023-02-07,2023-03-09,1100,6148,559,85,TRUE,TRUE,TRUE,FALSE,https://www.kickstarter.com/projects/shadowmyths/shadow-work-oracle-deck-dnd-campaign-idea-book-and-deck
759420289,The Lost Aureus,GlobalKeyQuest,A Timeless Treasure Hunt Through Two Millennia—Track a Legendary Roman Coin from Ancient Rome to Nazi Germany and Beyond,Games,Video Games,NC,2025-10-06,2025-11-10,15000,540,4,5,FALSE,FALSE,FALSE,FALSE,https://www.kickstarter.com/projects/globalkeyquest/the-lost-aureus
82565174,Down East Oracle Deck,Eren Simpson,"An oracle deck inspired by the beauty, history and wildlife of the southern East Coast.",Games,Playing Cards,NC,2023-02-07,2023-02-26,3000,716,24,17,FALSE,FALSE,FALSE,FALSE,https://www.kickstarter.com/projects/themamabearcreative/down-east-oracle-deck
1874935029,COTA: Child Of The Apocalypse,Nyako Pharr,"A Top-down Action Shooter inspired by Left 4 Dead, Dead-Rising, and Zombies Ate My Neighbors!",Games,Video Games,NC,2025-02-06,2025-03-08,20000,0,0,0,FALSE,FALSE,FALSE,FALSE,https://www.kickstarter.com/projects/cotagame/cota-child-of-the-apocalypse
935801392,HekDek,Chrysanthemum Productions,A new twist on classic playing cards! What can you build with HekDek?,Games,Playing Cards,NC,2025-10-01,2025-10-31,3000,3485,116,46,TRUE,TRUE,TRUE,FALSE,https://www.kickstarter.com/projects/chrysanthemum/hekdek
1270435817,Super Duper Werewolves,Evan VanDerwerker,The end-all be-all deck for Werewolf card game lovers,Games,Playing Cards,NC,2023-02-04,2023-03-06,1300,319,25,16,FALSE,FALSE,FALSE,FALSE,https://www.kickstarter.com/projects/evanvanderwerker/super-duper-werewolves
1232361387,Puppy Puzzles,Kelly McClelland,"Your support means the world to us furry friends. With your help, we'll keep spreading smiles one puzzle piece at a time.",Games,Puzzles,NC,2024-08-05,2024-08-16,5000,60,1,2,FALSE,FALSE,FALSE,FALSE,https://www.kickstarter.com/projects/puppypuzzles/puppy-puzzles
1000022226,Ferret Flush®,Brittany Viola,"An easy-to-play, laugh-a-lot card game for your emotional well-being. Made for creatures who like to dig a little deeper.",Games,Playing Cards,NC,2024-07-02,2024-08-03,10000,10069,101,111,TRUE,TRUE,TRUE,FALSE,https://www.kickstarter.com/projects/bviolagonzalez/ferret-flush
1227725395,QA Simulator,Murat,"Dive into QA testing with our simulation game. Hone your skills, tackle puzzles, and rise as a QA expert!",Games,Video Games,NC,2025-11-17,2026-01-16,6400,506,8,21,FALSE,FALSE,FALSE,FALSE,https://www.kickstarter.com/projects/qasimulator/qa-simulator
635535923,Diari | 2D RPG Platformer,Zenovia Louden,Explore and experience Ekrose with Aimacra through a 2D platforming world.,Games,Video Games,NC,2024-05-01,2024-05-31,10000,888,9,16,FALSE,FALSE,FALSE,FALSE,https://www.kickstarter.com/projects/zenovia/diari
332418547,Ghost Peppers,Mike Belsole,A card game in which two ghosts challenge each other to a hot pepper-eating contest!,Games,Tabletop Games,NC,2023-09-16,2023-10-01,1250,3620,290,161,TRUE,TRUE,TRUE,TRUE,https://www.kickstarter.com/projects/mikebelsole3/ghost-peppers
867693506,Treasure Island - Interactive Terrain,MiniaturesCraze,3D printable Interactive Terrain for tabletop gaming,Games,Tabletop Games,NC,2023-01-31,2023-02-14,1000,3880,388,89,TRUE,TRUE,TRUE,FALSE,https://www.kickstarter.com/projects/miniaturescraze/vengeance-of-the-wild
354435945,An Infinity of Ships,Adam STATION,A toolkit for creating diverse and wondrous spaceships for sci-fi tabletop RPGs.,Games,Tabletop Games,NC,2023-10-17,2023-11-17,5000,109946,2199,2863,TRUE,TRUE,TRUE,TRUE,https://www.kickstarter.com/projects/72stations/an-infinity-of-ships
1535832232,ICKY WARS Trading Card Game,Icky Ink,"An electrically charged, war-based card game! Simple to play. Endless strategy!",Games,Playing Cards,NC,2025-06-17,2025-07-18,10000,530,5,6,FALSE,FALSE,FALSE,FALSE,https://www.kickstarter.com/projects/icky-wars/icky-wars-trading-card-game
1549801621,Make 100 Bastards,Adam STATION,"Give me a song, & I'll give you a custom class for your RPG games (Bastards and others).",Games,Tabletop Games,NC,2023-01-17,2023-01-31,200,872,436,131,TRUE,TRUE,TRUE,FALSE,https://www.kickstarter.com/projects/72stations/make-100-bastards
729260200,Heavy Knuckles,Lost Bear,"Forge your mech in Heavy Knuckles, a thrilling PVP card game of strategy, luck, sabotage, repairs, and epic brawling to seize victory!",Games,Tabletop Games,NC,2025-06-24,2025-07-24,9750,4037,41,76,FALSE,FALSE,FALSE,FALSE,https://www.kickstarter.com/projects/lostbear/heavy-knuckles
2069220911,Focal Point: A game of casual precision,Kyle Posey,Focal point is a party game in which players use words and phrases to direct each other to specific locations on a game board.,Games,Tabletop Games,NC,2024-04-25,2024-06-24,1000,75,8,8,FALSE,FALSE,FALSE,FALSE,https://www.kickstarter.com/projects/29883917/focal-point-a-game-of-casual-precision
734300509,Elections The Card Game,Kamil Jaworowski,Welcome to Elections - Where Deceit Rules and Friendship Is Just a Casualty!,Games,Playing Cards,NC,2024-03-19,2024-04-28,16000,2115,13,24,FALSE,FALSE,FALSE,FALSE,https://www.kickstarter.com/projects/kamilj/elections-the-card-game
805902612,Sentence Me This: An Exhilarating Party Game,Kevin Avery,Sentence Me This is a party game where your mission is to adeptly construct sentences utilizing clues provided by your opponents.,Games,Tabletop Games,NC,2024-08-14,2024-09-28,15000,119,1,6,FALSE,FALSE,FALSE,FALSE,https://www.kickstarter.com/projects/sentencemethis/sentence-me-this-an-exhilarating-party-game
1854274980,Four Corners,Ray Wehrs,A living puzzle board game for 1-6. Twist tiles to reflect dazzling Kaleidoscope displays or craft your own gorgeous Galaxy!,Games,Tabletop Games,NC,2023-01-24,2023-02-26,8500,18831,222,437,TRUE,TRUE,TRUE,TRUE,https://www.kickstarter.com/projects/calliopegamenight/four-corners
1931088299,The Wicked Blue- Special Limited Edition Hardcover,Cassie Swindon,"Little mermaid retelling with a twist, romantasy standalone with forbidden romance, forced proximity",Publishing,Fiction,NC,2025-10-06,2025-10-30,500,1119,224,33,TRUE,TRUE,TRUE,FALSE,https://www.kickstarter.com/projects/cassieswindon22/the-wicked-blue-special-limited-edition-hardcover
317674597,Codex of Chance: Random Encounter+ Overhaul for D&D 5E,Logan Miller,"A Dungeons & Dragons project that uses 3,000+ creatures to overhaul Random Encounters with Terrain Guides, Survival Mechanics, & more",Games,Tabletop Games,NC,2024-07-18,2024-09-01,1000,1370,137,54,TRUE,TRUE,TRUE,FALSE,https://www.kickstarter.com/projects/823632379/codex-of-chance-random-encounter-overhaul-for-dandd-5e-0
2077709800,The Last Pendragon/ Book 1 of The Pendragon series,Jeanette T. Queen,Arthurian legend meets Twilight in this new adult contemporary fantasy adventure with a side of romance.,Publishing,Fiction,NC,2023-05-16,2023-06-30,650,151,23,4,FALSE,FALSE,FALSE,FALSE,https://www.kickstarter.com/projects/jeanettetqueen/the-last-pendragon-book-1-of-the-pendragon-saga
803313069,Young Adult Contemporary Romance Series Special Edition,Creative Writing With Dr Nagle,Strap in for an emotional rollercoaster ride through YOUTH! Special edition print covers are KICKSTARTER exclusives.,Publishing,Young Adult,NC,2023-05-07,2023-05-25,1000,2715,272,26,TRUE,TRUE,TRUE,FALSE,https://www.kickstarter.com/projects/naglenorthpublishing/the-drummonds-complete-new-covers-contemporary-ya-series
1273289592,105° of You By: H.A Newsome,Hailey Newsome,Immerse yourself in the story of two lovers brought back together by unfortunate circumstances.,Publishing,Fiction,NC,2023-05-15,2023-06-14,2000,2,0,2,FALSE,FALSE,FALSE,FALSE,https://www.kickstarter.com/projects/borntobesaved/105-of-you-by-ha-newsome
1846855414,Dead in the Water: Science Fiction & Fantasy Hardcover,Sean Willson,"Submerge into a high-stakes odyssey where survival means facing mythological creatures, ancient gods, and our tenuous grip on reality.",Publishing,Fiction,NC,2024-09-05,2024-09-27,750,1791,239,30,TRUE,TRUE,TRUE,FALSE,https://www.kickstarter.com/projects/seanwillson/dead-in-the-water-the-latest-portalverse-sci-fi-novel
18479535,A Fortune Seeker's Intro to Artifact Acquisition - TTRPG,Brad (Second Rodeo Games),"Quickstart rules and an introductory campaign for Fortune Seekers, a globetrotting pulp adventure tabletop RPG.",Games,Tabletop Games,NC,2025-02-27,2025-03-28,200,2091,1046,66,TRUE,TRUE,TRUE,FALSE,https://www.kickstarter.com/projects/secondrodeogamesfs/a-fortune-seekers-introduction-to-artifact-acquisition
394964743,The Last Pendragon (First novel in the Pendragon trilogy) (Canceled),Jeanette T. Queen,It has been 500 years since King Arthur's time. The sword Excalibur has returned. A new Pendragon will be chosen to save the world.,Publishing,Fiction,NC,2023-01-09,2023-03-05,5000,1,0,1,FALSE,FALSE,FALSE,FALSE,https://www.kickstarter.com/projects/jeanettetqueen/fantasy-novel-called-the-last-pendragon
563362947,Fae-Blessed Deluxe Special Edition Fantasy Hardcovers,Momentum Media and Publishing,"Discover this no-spice ACOTAR meets The Hobbit romantasy series with unhinged villains, magical creatures, banter, and sizzling tension",Publishing,Fiction,NC,2025-09-01,2025-09-22,1000,5130,513,39,TRUE,TRUE,TRUE,FALSE,https://www.kickstarter.com/projects/momentummedia/fae-blessed-deluxe-special-edition-fantasy-hardcovers
1382203623,5 Year Writing Journal: A Make 100 Project,Creative Writing With Dr Nagle,Track your writing trends for the next 5 years with this make 100 resource.,Publishing,Nonfiction,NC,2025-01-01,2025-01-21,900,760,84,28,FALSE,FALSE,FALSE,FALSE,https://www.kickstarter.com/projects/naglenorthpublishing/5-year-writing-journal-a-make-100-project
751904976,The LeftEarlies,Amy da Luz,Audio Drama,Publishing,Radio & Podcasts,NC,2023-09-05,2023-10-05,5000,841,17,11,FALSE,FALSE,FALSE,FALSE,https://www.kickstarter.com/projects/the-leftearlies/the-leftearlies
2002372701,The Last Pendragon- Book One in the Pendragon Legacy Series.,Jeanette T. Queen,An ancient evil is rising. War is coming. Excalibur has chosen the next Pendragon to take up where Arthur had left off.,Publishing,Fiction,NC,2024-02-10,2024-03-11,500,686,137,20,TRUE,TRUE,TRUE,FALSE,https://www.kickstarter.com/projects/jeanettetqueen/the-last-pendragon-book-one-in-the-pendragon-legacy-series
1806862076,Couple’s Compass: Faith-Centered Conversation Cards,Diamond,Guiding Couples and Singles Toward Strong Christ-Centered Relationships,Games,Playing Cards,NC,2026-03-08,2026-04-09,5000,80,2,3,FALSE,FALSE,FALSE,FALSE,https://www.kickstarter.com/projects/couplescompass/couples-compass-faith-centered-conversation-cards
1654756772,A Song for a Siren: YA Fantasy Novel with Romance,David J. Macias,"In 1824 Scotland a heartbroken apothecary faces sirens, kelpies, grief, and love, with his violin, plants, and a semi-deaf sailor.",Publishing,Young Adult,NC,2023-11-02,2023-11-25,500,1713,343,25,TRUE,TRUE,TRUE,FALSE,https://www.kickstarter.com/projects/gentlygiantllc/a-song-for-a-siren
1996646778,"Saddle Up, City Girl: Rom Com Paperback & eBook",Jill Westwood,Book one in a brand new series of later-in-life romantic comedies set on a ranch in rural Wyoming. Love & laughter don't end at forty!,Publishing,Fiction,NC,2025-04-14,2025-05-03,500,628,126,28,TRUE,TRUE,TRUE,FALSE,https://www.kickstarter.com/projects/jillwestwood/saddleupcitygirl
789443737,The Boy Who Would Be King: Debut Fantasy Novel Launch,Alexa Mooney,"A fast-paced, epic fantasy retelling of David and Goliath, following an underdog hero's fight against darkness for the throne.",Publishing,Fiction,NC,2025-11-16,2025-12-16,5400,5710,106,75,TRUE,TRUE,TRUE,FALSE,https://www.kickstarter.com/projects/alexamooneywrites/bring-to-life-the-boy-who-would-be-king
1629561595,BLUE GHOST - Manga adventure!,Wtf Comics,17-year-old Daffiny Luna becomes the new Blue Ghost when she meets Fox Torres; after he transfers the spectral powers!,Comics,Comic Books,NC,2024-03-20,2024-04-19,500,830,166,28,TRUE,TRUE,TRUE,FALSE,https://www.kickstarter.com/projects/wtfcomics/blue-ghost-manga-adventure
74443801,"""""""""Wait, What needs YOU! Help us MAKE IT HAPPEN!",Carissa Kerner,"Where the real, ridiculous and the Unexpected Collide!""""""""",Publishing,Radio & Podcasts,NC,2025-07-01,2025-07-31,12000,10,0,1,FALSE,FALSE,FALSE,FALSE,https://www.kickstarter.com/projects/2111910284/wait-what-needs-you-help-us-make-it-happen
842521988,Empower the Next Generation of Environmental Professionals:,Marc Seelinger,An Easy-to-Follow Wetland Delineation Manual,Publishing,Nonfiction,NC,2024-10-30,2024-12-09,30000,1160,4,15,FALSE,FALSE,FALSE,FALSE,https://www.kickstarter.com/projects/swampschool/empower-the-next-generation-of-environmental-professionals
2091427986,Be Your Soul Podcast w/ Sky Bradshaw,Sky Bradshaw,"A semimonthly podcast about energy, self-growth, and the soul- with interviews, spirit messages, and helpful tools to support balance.",Publishing,Radio & Podcasts,NC,2023-01-16,2023-03-17,2777,3138,113,29,TRUE,TRUE,TRUE,FALSE,https://www.kickstarter.com/projects/tarotbysky/be-your-soul-podcast-w-sky-bradshaw
487076536,Aithos - By Izaic Yorks,Izaic Yorks,Embark on an epic fantasy expedition to prove that the world is more than a flat scrawl of clouds and floating islands.,Publishing,Fiction,NC,2024-03-05,2024-04-04,1000,2005,200,42,TRUE,TRUE,TRUE,FALSE,https://www.kickstarter.com/projects/ascendantnovel/aithos-by-izaic-yorks
421680063,Warriors of The South Pacific,Kathryn Scarborough,The Journals and letters of W.E. Scarborough. USN 1940-1943; a first hand view as the war unfolds,Publishing,Nonfiction,NC,2025-08-11,2025-09-12,6000,1110,18,3,FALSE,FALSE,FALSE,FALSE,https://www.kickstarter.com/projects/wesjournal/warriors-of-the-south-pacific
1258212558,Reyuul's Redemption: A Teresan Saga Novel by David Liberto,MustardseedRealms,"An infamous cleric's testimony about four centuries of war crimes becomes a race against time, assassins, and his own dark past.",Publishing,Fiction,NC,2025-08-05,2025-08-23,1000,2278,228,25,TRUE,TRUE,TRUE,FALSE,https://www.kickstarter.com/projects/mustardseedrealms/teresan-saga-reyuuls-redemption
1531396376,Wicked Fae Series Omnibus: Deluxe Fantasy Hardcover Volume 1,Momentum Media and Publishing,"A 2-book omnibus of an enemies-to-lovers closed-door romantasy series, where all the men are morally gray and work to win their women.",Publishing,Fiction,NC,2026-03-01,2026-03-16,500,5565,1113,60,TRUE,TRUE,TRUE,FALSE,https://www.kickstarter.com/projects/momentummedia/wicked-fae-series-omnibus-deluxe-fantasy-hardcover-volume-1
1184939143,Caravan of Blades: A LitRPG Fantasy Novel - Deluxe Edition,JP Weaver,"The first hardcover, paperback, and ebook editions of this cozy deckbuilder, filled with heists, clueless isekaied heroes, and goats!",Publishing,Fiction,NC,2025-02-02,2025-03-04,500,1325,265,30,TRUE,TRUE,TRUE,FALSE,https://www.kickstarter.com/projects/1450871766/carvan-of-blades-a-litrpg-deckbuilder
470146898,LIMITED SPECIAL EDITION - Rise of the Pendragon,Jeanette T. Queen,When the magic and fantasy of an Arthurian legend meets the world of Supernaturals.,Publishing,Fiction,NC,2025-06-17,2025-07-17,1000,1117,112,19,TRUE,TRUE,TRUE,FALSE,https://www.kickstarter.com/projects/jeanettetqueen/rise-of-the-pendragon-book-2-blood-of-pendragon-series
1074253341,The Midnight Land: Tenth Anniversary Epic Fantasy Boxed Set,Helia Press,Slavic fairy tales and nobledark fantasy meet in a neurodivergent heroine's journey of empowerment through a magical Northern land.,Publishing,Fiction,NC,2025-06-10,2025-06-27,500,1195,239,13,TRUE,TRUE,TRUE,FALSE,https://www.kickstarter.com/projects/heliapress/the-midnight-land-tenth-anniversary-epic-fantasy-boxed-set
1541757938,Readings From Cursed Room 301,Joey Powell,An Anthology of Twisted Terror from Mad Axe Media,Publishing,Fiction,NC,2024-04-09,2024-05-11,2000,709,35,17,FALSE,FALSE,FALSE,FALSE,https://www.kickstarter.com/projects/madaxemedia/readings-from-cursed-room-301
1061037144,Partners in Crime -Murder/Ghost/Romance stories,TK Eldridge,A murder mystery/supernatural suspense/romance collection for readers who love intrigue with jackets and gold foiling.,Publishing,Fiction,NC,2025-04-22,2025-05-04,300,885,295,14,TRUE,TRUE,TRUE,FALSE,https://www.kickstarter.com/projects/graffridgepub/partners-in-crime-murder-ghost-romance-stories
1266062770,The Harvest Floor,James Padgett,A Dystopian Novel About What We Sell When We Have Nothing Left... By Edmund J. Whitlock,Publishing,Fiction,NC,2025-11-25,2025-12-20,5000,10,0,1,FALSE,FALSE,FALSE,FALSE,https://www.kickstarter.com/projects/e-j-whitlock/the-harvest-floor
686117425,The Hell Forged Wizard,Eric Swett,A fantasy novella limited print in the Armageddon Angels series.,Publishing,Fiction,NC,2025-04-29,2025-05-29,1250,1250,100,13,TRUE,FALSE,TRUE,FALSE,https://www.kickstarter.com/projects/innocenteric/the-hell-forged-wizards
1694364343,The Ginger Code,Nina Kilbride,"Redheads through the lenses of history, culture, society, science and ourselves",Publishing,Zines,NC,2025-06-17,2025-07-17,5000,10,0,1,FALSE,FALSE,FALSE,FALSE,https://www.kickstarter.com/projects/thegingercode/the-ginger-code
1896347437,Unholy Wars: Book One : The Fall Of Humanity,Sebastian,The book is a beautifully illustrated high fantasy tale that follows characters on both sides of a war.,Publishing,Fiction,NC,2024-05-27,2024-06-26,12000,169,1,12,FALSE,FALSE,FALSE,FALSE,https://www.kickstarter.com/projects/1624117283/unholy-wars-book-one-the-fall-of-humanity
810341725,Obsidian Kingdom,Maera,Book One: Burden of Bones,Publishing,Fiction,NC,2025-09-10,2025-11-09,2000,56,3,2,FALSE,FALSE,FALSE,FALSE,https://www.kickstarter.com/projects/maeraursyn/obsidian-kingdom
1777557949,Corium University Special Edition Hardcovers,C. Hallman,"This will include gold foil, sprayed edges, and special interior design.",Publishing,Fiction,NC,2024-12-06,2025-01-05,8000,2362,30,22,FALSE,FALSE,FALSE,FALSE,https://www.kickstarter.com/projects/coriumuniversity/corium-university-special-edition-hardcovers
173291958,Highgate Wood,Palimpsest Productions,A rock and roll ghost story audio drama and a full album of songs. The Black Tapes meets Daisy Jones and the Six with a dash of Faust.,Publishing,Radio & Podcasts,NC,2025-11-21,2025-12-21,10000,2635,26,40,FALSE,FALSE,FALSE,FALSE,https://www.kickstarter.com/projects/palimpsestprod/highgate-wood
888815292,Dark Road Diaries: A Horror-Comedy Audio Drama Podcast,Once Upon a Wasteland Productions,Jack and Daria hit the road to save their friend from demonic possession. Hilarity ensues.,Publishing,Radio & Podcasts,NC,2025-07-01,2025-07-31,15000,885,6,11,FALSE,FALSE,FALSE,FALSE,https://www.kickstarter.com/projects/onceuponawasteland/dark-road-diaries-a-horror-comedy-audio-fiction-podcast
1803306252,"VICIOUS #1 - A Violent, Sexy & Gritty Revenge Thriller",Elliott Duque-Estrada,"After surviving years in the wilderness, a woman with the sharp senses and killer instincts of an animal predator hunts vile criminals",Comics,Comic Books,NC,2024-10-19,2024-11-18,6000,4101,68,143,FALSE,FALSE,FALSE,FALSE,https://www.kickstarter.com/projects/destrada/vicious-1-a-nsfw-violent-sexy-and-gritty-revenge-thriller
300860420,The Shadow Bound Chronicles: YA Fantasy Hardcovers,Nichole Heydenburg,"The Mortal Instruments meets Wednesday in this no-spice, demon hunter series with found family, an immortal dog, & a magical academy.",Publishing,Young Adult,NC,2026-02-09,2026-02-28,500,2762,552,45,TRUE,TRUE,TRUE,FALSE,https://www.kickstarter.com/projects/poisonedinkpress/the-complete-shadow-bound-chronicles-no-spice-ya-fantasy-series
1953936426,FatesEnd Tomes – 3D Printable Storage for your gaming gear!,Kim Bourrie,"Twenty D&D and Elemental-themed 3D-printable book boxes for cards, dice, and minis. Add epic style to your table—no supports needed!",Games,Tabletop Games,NC,2024-11-25,2024-12-09,1000,43213,4321,929,TRUE,TRUE,TRUE,FALSE,https://www.kickstarter.com/projects/kimbolt/fatesend-tomes
2100965803,The Lighthouse Collective: Fueling the Mission of Balance,Dr. Chantal Barr,"A healing single mother creating space for softness, rest, and rebirth. Help fund the work that’s been called through me for you.",Publishing,Radio & Podcasts,NC,2025-07-01,2025-08-30,8500,1,0,1,FALSE,FALSE,FALSE,FALSE,https://www.kickstarter.com/projects/thelighthousecollect/the-lighthouse-collective-fueling-the-mission-of-balance
139177958,Gatekeepers The Fate of Eulydon,Patrick Caldwell,A fiction story that follows the lives of four individuals who are destined to save the world of Eulydon,Publishing,Fiction,NC,2025-07-10,2025-09-05,35000,0,0,0,FALSE,FALSE,FALSE,FALSE,https://www.kickstarter.com/projects/gkthefateofeulydon/gatekeepers-the-fate-of-eulydon
1684600080,A Verse for Witches Audiobook,John Hundley,The paperback is out! Early reviews averaging 4.7 stars! Help bring this epic fantasy romance to life in dual narration.,Publishing,Fiction,NC,2025-02-03,2025-02-23,500,609,122,14,TRUE,TRUE,TRUE,FALSE,https://www.kickstarter.com/projects/redwolfjohn/a-verse-for-witches-audiobook
448968932,This Country Needs an Enema (Canceled),Bradley Hall,A book bringing awareness to this country's shortcomings and where we can do better.,Publishing,Nonfiction,NC,2023-08-13,2023-09-12,5000,115,2,4,FALSE,FALSE,FALSE,FALSE,https://www.kickstarter.com/projects/enema/this-country-needs-an-enema
322712441,Academy of the Seraph: A Fantasy Romance Series,Brandi Elledge,"Angels. Enemies. Second Chance Romance. Get this exclusive collector’s edition fantasy romance with foiling, edge printing, and more!",Publishing,Fiction,NC,2026-01-10,2026-01-25,1000,2635,264,28,TRUE,TRUE,TRUE,FALSE,https://www.kickstarter.com/projects/brandielledgeauthor/academy-of-seraph
1881344838,Steel Magnolia Issue # 0 : Road to Jahannam,Ronin Entertainment LLC,The Prelude to a Trailblazing Superhero Comic Book Series by an Indie Comic Producer,Comics,Comic Books,NC,2024-09-01,2024-10-31,7500,660,9,3,FALSE,FALSE,FALSE,FALSE,https://www.kickstarter.com/projects/steelmagnolia-issue0/steel-magnolia-issue-0-road-to-jahannam
1238041901,Seeds of Hope: For Love of Life,Annie,"Seeds of Hope planted everyday with all our words we choose to say. All Love for All Nations, All creations.",Publishing,Poetry,NC,2023-05-13,2023-06-14,25000,2,0,2,FALSE,FALSE,FALSE,FALSE,https://www.kickstarter.com/projects/seedsofhopeforannie/poetic-words-planting-mustard-seeds-to-bring-hope
1020494176,"PRINT """"""""Hello, WOrld!"""""""", A Robot Album",One Hacker Band,Deploying Our Debut Album: From Cyberspace to IRL,Music,Electronic Music,NC,2025-04-25,2025-06-09,5000,9003,180,139,TRUE,TRUE,TRUE,TRUE,https://www.kickstarter.com/projects/onehackerband/print-hello-world
1210464445,Garathas Infinite Universe Book Series Volume 1,Hasan Koruk,The Enchanting World of Science Fiction and Fantasy,Publishing,Fiction,NC,2024-06-21,2024-07-12,1000,650,65,6,FALSE,FALSE,FALSE,FALSE,https://www.kickstarter.com/projects/hasankoruk/garathas-infinite-universe-book-series-volume-1
602639979,Flourishing Hope (Canceled),Leah Outten,a 30 day devotional for pregnant women in unexpected places,Publishing,Nonfiction,NC,2024-04-22,2024-05-22,5500,1258,23,19,FALSE,FALSE,FALSE,FALSE,https://www.kickstarter.com/projects/leahoutten/flourishing-hope
1231506831,The Manifesto of the Rememberers (Canceled),Jacqueline Noel,How We Were Colonized by Control—and How We Reclaim Ourselves. A book for those waking up in a world built to make them forget.,Publishing,Nonfiction,NC,2025-04-04,2025-04-20,2500,0,0,0,FALSE,FALSE,FALSE,FALSE,https://www.kickstarter.com/projects/rememberers/the-manifesto-of-the-rememberers
1439421830,Shadows of Lost Things - Help me self-publish!,Erin,I have always dreamed of publishing a book. This is my fantasy novel based on the connections of my Dungeons and Dragons characters.,Publishing,Fiction,NC,2024-12-13,2025-02-11,20000,352,2,9,FALSE,FALSE,FALSE,FALSE,https://www.kickstarter.com/projects/290525632/shadows-of-lost-things-help-me-self-publish
1244720543,The Queen’s Treasure: Fantasy Special Edition Hardcovers,"Blue Ink Press, LLC","An enchanting medieval duology for those who love no spice romance, kingdom intrigue, unfound treasure, and unexpected friendships.",Publishing,Fiction,NC,2025-07-15,2025-08-08,500,1743,349,38,TRUE,TRUE,TRUE,FALSE,https://www.kickstarter.com/projects/blueinkpress/the-queens-treasure
298913589,Gumiho Kiss: A No-Spice Enemies to Lovers Korean Romantasy,Claire Kohler,KPop Demon Hunters meets fantasy romance in the tale of a crime-fighting fox shapeshifter & the self-righteous bodyguard hunting her.,Publishing,Fiction,NC,2025-07-24,2025-08-14,500,3000,600,77,TRUE,TRUE,TRUE,FALSE,https://www.kickstarter.com/projects/clairekohler/gumiho-kiss-a-no-spice-enemies-to-lovers-korean-romantasy
724225601,Greenfield Police Dept. - 80s/Modern 3D Printable Terrain,LambdaFive,3D printable 80's themed/modern small town police department building and scatter terrain for tabletop miniature games. 40mm/32mm/28mm,Games,Tabletop Games,NC,2024-04-27,2024-05-25,2000,8891,445,237,TRUE,TRUE,TRUE,FALSE,https://www.kickstarter.com/projects/lambdafive/the-greenfield-pd-80s-modern-3d-printable-terrain-stls
243746349,Shining Slabs: Light Up Trading Card Displays,Zachary Cline,✨ Turn Your Collection Into Art ✨,Games,Playing Cards,NC,2026-01-25,2026-03-25,15000,676,5,8,FALSE,FALSE,FALSE,FALSE,https://www.kickstarter.com/projects/shiningslabs/shining-slabs-light-up-trading-card-displays
1777773779,Black Moms Anonymous (Canceled),Whitney Dodds,Because We Didn't Get a Manual!,Publishing,Radio & Podcasts,NC,2023-02-20,2023-04-21,60000,1,0,1,FALSE,FALSE,FALSE,FALSE,https://www.kickstarter.com/projects/blackmomsanonymous/black-moms-anonymous-0
1530463056,Kip and May: Whiskers of the Smokies,Steve Dickens,"An illustrated journey through the Smoky Mountains, exploring resilience, companionship, and the quiet courage it takes to carry on.",Publishing,Young Adult,NC,2025-12-18,2026-01-17,5500,51,1,2,FALSE,FALSE,FALSE,FALSE,https://www.kickstarter.com/projects/kipandmay/kip-and-may-whiskers-of-the-smokies
626388930,Eternally Yours : the series,Kaitlyn Vanderburg,"Book 1 : eternal thoughts Book 2 : eternal nights a two book series of poems dedicated to girlhood and adulthood, the past & future",Publishing,Poetry,NC,2024-08-22,2024-10-20,250,26,10,2,FALSE,FALSE,FALSE,FALSE,https://www.kickstarter.com/projects/eternally-yours/eternally-yours-the-series
1429527808,FatesEnd Tankards,Kim Bourrie,"Support-Free STL Files for 15+ Tankards and Matching Vaults—Made to Hold Dice, Drinks, and Glory!",Games,Tabletop Games,NC,2025-05-20,2025-06-10,1000,24209,2421,557,TRUE,TRUE,TRUE,FALSE,https://www.kickstarter.com/projects/kimbolt/fatesend-tankards
1614209371,Black Moms Anonymous (Canceled),Whitney Dodds,A 12-step program for Black mothers and daughters to step towards generational healing.,Publishing,Radio & Podcasts,NC,2023-02-20,2023-03-22,60000,1,0,1,FALSE,FALSE,FALSE,FALSE,https://www.kickstarter.com/projects/blackmomsanonymous/black-moms-anonymous
1153068571,Crimson Oath Hardcover Special Edition Book,Cassie Swindon,"Fantasy romance, enemies to lovers, standalone, forced proximity, dark vibes with witty banter and a dash of open-door spice",Publishing,Fiction,NC,2026-03-02,2026-03-23,1000,2231,223,36,TRUE,TRUE,TRUE,FALSE,https://www.kickstarter.com/projects/cassieswindon22/crimson-oath-hardcover-special-edition-book
1271088451,Halae: Gateway to Adventure,Dan Sprietzer,Book 1 – A Unique D&D 5eR Campaign Setting,Games,Tabletop Games,NC,2024-10-01,2024-10-31,100,666,666,24,TRUE,TRUE,TRUE,FALSE,https://www.kickstarter.com/projects/mcup/halae-gateway-to-adventure
437230297,The Other Fellow - A Retro Spy Novel,William Hastings,Classic Cold War Action With A Twist,Publishing,Fiction,NC,2024-06-02,2024-07-02,1000,1418,142,47,TRUE,TRUE,TRUE,FALSE,https://www.kickstarter.com/projects/tgrpress/the-other-fellow-a-retro-spy-novel
845931787,"Love Me Through the Grief: Fund the Novel, Unlock the Sequel",J.S. Tazwell,"A contemporary romance rooted in grief, growth, and second chances. This debut novel will have you falling in love after chapter one.",Publishing,Fiction,NC,2025-05-07,2025-06-07,900,1324,147,30,TRUE,TRUE,TRUE,FALSE,https://www.kickstarter.com/projects/palosaurtales/love-me-through-the-grief-fund-the-novel-unlock-the-sequel
1999404861,Vagabonds Book 1 Launch,Isaac Young,"The first novel in the Vagabonds series, Dead Men Running is an alternative exploration of the Superhero genre",Publishing,Fiction,NC,2025-11-21,2026-01-20,250,5623,2249,176,TRUE,TRUE,TRUE,FALSE,https://www.kickstarter.com/projects/isaacyoung/vagabonds-book-1-launch
1487363534,Carnivora: A Dark Demon Romance Special Edition,allypatraauthor,"Sinfully spicy hardcover with stunning artwork, delicious dark romance, and demon summoning.",Publishing,Fiction,NC,2025-04-04,2025-04-18,1000,4220,422,68,TRUE,TRUE,TRUE,FALSE,https://www.kickstarter.com/projects/allypatraauthor/carnivora-a-dark-demon-romance-special-edition
2128012145,Gunz 'n' Ammo - Vast Grimm Compatible Supplement & Adventure,Ashley Hemsath,"Let your campaign players shop! A supplement for high end weapons, and an adventure for regular or raider classes to meet Dexter.",Games,Tabletop Games,NC,2025-10-28,2025-11-15,350,920,263,53,TRUE,TRUE,TRUE,FALSE,https://www.kickstarter.com/projects/gunznammo/gunz-n-ammo-vast-grimm-compatible-supplement-and-adventure
38504409,The Last Song - Chronicles of Penarriam: Book One (Canceled),M. W. Westfold,"A story of legacy, wonder, and the destiny placed on one girl’s shoulders.",Publishing,Fiction,NC,2025-06-01,2025-07-01,12000,2230,19,19,FALSE,FALSE,FALSE,FALSE,https://www.kickstarter.com/projects/lastsong/the-last-song-chronicles-of-penarriam-book-one
2129846268,Many Faces Novels (Canceled),MANY FACES NOVELS,"A series of novels depicting former CIA agent, now turned private investigator, Peter Gray & pi intern extraordinaire, Isabelle Martin.",Publishing,Fiction,NC,2024-01-15,2024-02-14,6000,651,11,9,FALSE,FALSE,FALSE,FALSE,https://www.kickstarter.com/projects/manyfacesnovels/many-faces-novels
522666123,Thunderborn Issue #1,CT Parker,"A storm-born story of courage, faith, and the fight against darkness.",Comics,Comic Books,NC,2025-09-17,2025-10-31,3000,256,9,10,FALSE,FALSE,FALSE,FALSE,https://www.kickstarter.com/projects/zioncomics/thunderborn-issue-1
308993167,N_LL,EggPlant Productions,N_LL is a comic book about these creatures showing up into the world. And the only was to stop a N_LL is to become one.,Comics,Comic Books,NC,2024-02-12,2024-04-12,4950,204,4,9,FALSE,FALSE,FALSE,FALSE,https://www.kickstarter.com/projects/nll/n-ll
441359152,The Desert Fox: Reign of Regicide,George Dawkins II,"The Desert Fox must save the “City of David” after a millionaire, philistine fanatic turned terrorist takes over.",Comics,Comic Books,NC,2025-11-01,2025-12-25,2000,205,10,6,FALSE,FALSE,FALSE,FALSE,https://www.kickstarter.com/projects/thedesertfoxcomic/the-desert-fox-reign-of-regicide
1608718831,WAR OF THE SPHINX ISSUES 1-3,Will Coggins,"War of the Sphinx: Phantom, a risen warrior, and Frozen Fist, an ice-powered mercenary, defy Neo Nubia’s Order, sparking a prophecy.",Comics,Comic Books,NC,2025-09-03,2025-10-03,4500,287,6,4,FALSE,FALSE,FALSE,FALSE,https://www.kickstarter.com/projects/wots1/war-of-the-sphinx-issues-1-3
53035669,Sovereign Fireside,Sovereign Fireside,Discover Tranquility and Connection at our North Carolina Forest Spring,Design,NA,NC,2023-05-30,2023-06-29,20000,9772,49,164,FALSE,FALSE,FALSE,FALSE,https://www.kickstarter.com/projects/1985930340/sovereign-fireside
814259498,Sneaky Kil Plushie (Canceled),TokyoTato,Looking for a cute and playful addition to your plush collection? Look no further than the Sneaky Kil Plush Doll!,Design,Toys,NC,2023-04-12,2023-05-08,1700,74,4,3,FALSE,FALSE,FALSE,FALSE,https://www.kickstarter.com/projects/tokyotato/sneaky-kil-plushie
42123267,Cowboy Alien and Friends (Canceled),alpacasews,Help bring to life Alpacasews' 4th kickstarter project: Cowboy Alien and UFO Cow! Follow their adventures though postcards and plush~,Design,Toys,NC,2023-12-01,2023-12-15,3500,1886,54,36,FALSE,FALSE,FALSE,FALSE,https://www.kickstarter.com/projects/babycryptids/cowboy-alien-and-friends
1079622888,Gordo's Kitchen,Leonard Davenport,"Gordo Soul food brings southern flavors, with a bit of boldness from the city and a Latin twist one bite at a time.",Food,NA,NC,2023-01-03,2023-02-02,12000,1,0,1,FALSE,FALSE,FALSE,FALSE,https://www.kickstarter.com/projects/gdo/gordos-kitchen
859749312,Cute Spooky Pins,Lauren Hood,An assortment of cute pins 💚,Art,NA,NC,2023-01-13,2023-01-27,500,1595,319,38,TRUE,TRUE,TRUE,FALSE,https://www.kickstarter.com/projects/positivesweatercat/cute-spooky-pins
233053997,Year of the Dragon: Dragon Villagers Enamel Pins,Denise Nicole,Let's celebrate the year of the dragon with enamel pins of cute and colorful dragons to invite to your town/island!,Art,NA,NC,2024-02-21,2024-03-17,300,7141,2380,134,TRUE,TRUE,TRUE,FALSE,https://www.kickstarter.com/projects/omuart/year-of-the-dragon-dragon-villagers-enamel-pins
652611292,Blue Mouse Pins and Wallet,Lauren Hood,This is a kickstarter to fund new Blue Mouse pins <3,Art,NA,NC,2023-03-03,2023-03-10,450,2826,628,66,TRUE,TRUE,TRUE,FALSE,https://www.kickstarter.com/projects/positivesweatercat/blue-mouse-pins-and-wallet
1035794679,Help Empower a Black Filmmaker Creating Real Change,Dru Richard,#JustAKidFromTheNorthside,Film & Video,NA,NC,2025-07-17,2025-08-16,5200,342,7,7,FALSE,FALSE,FALSE,FALSE,https://www.kickstarter.com/projects/drurichard/help-empower-a-black-filmmaker-creating-real-change
2110050692,"""""""""Halloweenosaurs"""""""" Enamel Pins",Artyopteryx,Quality enamel pins of Halloween inspired dinosaurs,Art,NA,NC,2023-10-11,2023-11-10,500,2824,565,103,TRUE,TRUE,TRUE,FALSE,https://www.kickstarter.com/projects/1093862569/halloweenosaurs-enamel-pins
1883431338,The War Of Enlightenment,Caleb,(Cover Art),Art,Illustration,NC,2025-05-31,2025-07-21,2000,0,0,0,FALSE,FALSE,FALSE,FALSE,https://www.kickstarter.com/projects/cwpublishing/the-war-of-enlightenment
964448251,Merpeople Pride Pins by Lostboy & Nurse Nikki (Canceled),Nurse Nikki & Lostboy,"Pin Designs by Lostboy Studios: Rainbow, Bisexual, Pansexual, Aromantic, Asexual, Transgender Femme & Masc, Non-Binary, Lesbian, & Gay",Art,NA,NC,2025-08-04,2025-09-03,13000,89,1,4,FALSE,FALSE,FALSE,FALSE,https://www.kickstarter.com/projects/nursenikkiandlostboy/merpeople-pride-pins-by-lostboy-and-nurse-nikki
258574084,The Asheville Artists Flood Collection,Erica Schaffel,"A card deck and coffee table book honoring original artwork that was lost, but not forgotten, during Hurricane Helene.",Art,NA,NC,2024-10-04,2024-11-03,15000,202141,1348,2359,TRUE,TRUE,TRUE,TRUE,https://www.kickstarter.com/projects/ashevilleflood/the-asheville-artists-flood-collection
156457251,Fine Art Illustration Prints (Canceled),Lauren,High quality fine art giclee prints of my digital illustrations,Art,Illustration,NC,2025-08-27,2025-09-26,1500,102,7,3,FALSE,FALSE,FALSE,FALSE,https://www.kickstarter.com/projects/studio7co/fine-art-illustration-prints
97941289,Bo Hampton 3 Devils Art Primer Book! Make 100,Bo Hampton,Limited edition art book with a behind the scenes look at each step of the process from concept to finished art!,Comics,Graphic Novels,NC,2025-01-27,2025-02-20,2500,5900,236,74,TRUE,TRUE,TRUE,FALSE,https://www.kickstarter.com/projects/ft1/bo-hampton-3-devils-art-primer-book-make-100
2075466986,Torch: Reclaim the Skies #1-3,AJ Rojek,"Kid prodigy starpilot was the best in the galaxy until the government forced her to retire. Feeling stuck, she decides to run wild!",Comics,Comic Books,NC,2024-05-21,2024-06-20,1000,4380,438,193,TRUE,TRUE,TRUE,FALSE,https://www.kickstarter.com/projects/ajrojek/torch-reclaim-the-skies-1-3
792724888,The Desert Fox: Silent Night,George Dawkins II,Semifinalist in the Negative Space Fall Annual Comics Competition,Comics,Comic Books,NC,2024-03-02,2024-04-01,2000,2002,100,21,TRUE,TRUE,TRUE,FALSE,https://www.kickstarter.com/projects/thedesertfoxcomic/the-desert-fox-silent-night
2147255473,Let Go - A Horror Comic,Scott Roche,Let Go is a comic based on a short story I wrote and features one man's choices in the face of a zombie apocalypse.,Comics,Comic Books,NC,2025-03-01,2025-04-01,1600,263,16,11,FALSE,FALSE,FALSE,FALSE,https://www.kickstarter.com/projects/scottroche/let-go-a-horror-comic
1961596687,Golden Chronicles Issue #1 - Origin of The Silverback,Christopher Coleman,Witness the beginning of Silverback’s story—before the world called him a hero.,Comics,Comic Books,NC,2025-05-30,2025-06-29,1500,149,10,9,FALSE,FALSE,FALSE,FALSE,https://www.kickstarter.com/projects/1776785/golden-chronicles-issue-1-origin-of-the-silverback
1613034949,Beyond The Cube: The Comic Series,Maurice Hicks,The anti-corporate tale that you've been waiting for. Join Gary's journey of discovery all while meeting his productivity metrics.,Comics,Comic Books,NC,2025-08-19,2025-09-18,4000,847,21,25,FALSE,FALSE,FALSE,FALSE,https://www.kickstarter.com/projects/mauricefilm/beyond-the-cube-the-comic-series
1537688274,Mythic Maidens (Canceled),12:34 Publishing,And other magical things,Comics,Comic Books,NC,2025-03-24,2025-04-23,500,600,120,19,TRUE,TRUE,FALSE,FALSE,https://www.kickstarter.com/projects/1234pub/mythic-maidens
1671519587,Unity Comics Cosplay Gallery #2,gropiusone,"This release features the art of Yunogana, one of the premiere cosplay artists in the comic genre, as Triss Merigold.",Comics,Comic Books,NC,2025-04-26,2025-05-16,300,1055,352,49,TRUE,TRUE,TRUE,FALSE,https://www.kickstarter.com/projects/gropiusone/unity-comics-cosplay-gallery-2
1866762179,Trespassers a Graphic Novel by Scott Hampton,Scott Hampton,From the Eisner Award-winning artist a never before published work of fantastical terror,Comics,Graphic Novels,NC,2024-05-13,2024-06-12,10000,13558,136,116,TRUE,TRUE,TRUE,FALSE,https://www.kickstarter.com/projects/hampton/trespassers-a-graphic-novel-by-scott-hampton
533800347,Pin-Up Queens: Who Did it Better?,Unity Comics,Selected artists were asked to put their spin on Phoenix. This is their outcomes! Who did it better?,Comics,Comic Books,NC,2025-04-28,2025-05-19,400,632,158,18,TRUE,TRUE,TRUE,FALSE,https://www.kickstarter.com/projects/unitycomics/pin-up-queens-who-did-it-better
2027619195,VAMPRESS LUXURA: reVAMPED - Phase 03,VAMPRESS LUXURA,"JOIN our MISSION to Remaster THE VAMPRESS LUXURA'S Covers, Pin-Ups and Stories in FULL COLOR!",Comics,Graphic Novels,NC,2024-12-09,2024-12-19,99,4355,4399,95,TRUE,TRUE,TRUE,FALSE,https://www.kickstarter.com/projects/vampressluxura/vampress-luxura-revamped-phase-03
218213775,THE VALIANT: LAST VANTHIAN KNIGHT Issue 5,Scott H. Davis,BLOODSPRAY!!,Comics,Comic Books,NC,2023-08-08,2023-09-21,2500,1,0,1,FALSE,FALSE,FALSE,FALSE,https://www.kickstarter.com/projects/hazardcomics/the-valiant-last-vanthian-knight-issue-5
2126921411,VAMPRESS LUXURA: reVAMPED - Phase 04,VAMPRESS LUXURA,"JOIN our ongoing MISSION to Remaster THE VAMPRESS LUXURA'S Covers, Pin-Ups and Stories in FULL COLOR!",Comics,Comic Books,NC,2025-06-13,2025-06-21,99,2329,2353,49,TRUE,TRUE,TRUE,FALSE,https://www.kickstarter.com/projects/vampressluxura/vampress-luxura-revamped-phase-04
1901027771,Kirk Lindo's VAMPRESS LUXURA: reVAMPED - Phase 02,Kirk Lindo,JOIN our MISSION to REMASTER the VAMPRESS LUXURA stories and art from the original VAMPEROTICA comic series in FULL COLOR!,Comics,Comic Books,NC,2023-10-21,2023-10-30,500,2636,527,60,TRUE,TRUE,TRUE,FALSE,https://www.kickstarter.com/projects/kirklindo/kirk-lindos-vampress-luxura-revamped-phase-02
1353659837,The Remnant Saga Trade Paperback (Vol 1),Grok Comics,The Call for Heroes: Embrace the Excitement of the Remnant Saga! Collected Editions Volume 1,Comics,Graphic Novels,NC,2024-11-14,2024-12-14,600,2066,344,33,TRUE,TRUE,TRUE,FALSE,https://www.kickstarter.com/projects/grokcomics/the-remnant-saga-trade-paperback-vol-1
942665254,LumberJax: By Any Means Graphic Novel (1-4),Danny J Quick,This graphic novel saga covers the initial story arc for LumberJax (1-4). Along with special features and a teaser for issue 5.,Comics,Comic Books,NC,2025-05-04,2025-06-05,3000,6237,208,84,TRUE,TRUE,TRUE,FALSE,https://www.kickstarter.com/projects/dannyjquick/lumberjax-1-4-legacy-by-any-means
661747246,Houndman #1: The Story of Houndman comic,Renown,The beginning installment to the Renown Universe comic series. Join the journey,Comics,Comic Books,NC,2024-09-20,2024-10-20,1200,80,7,4,FALSE,FALSE,FALSE,FALSE,https://www.kickstarter.com/projects/renownuniverse/houndman-1-the-story-of-houndman-comic
1922608468,The Junkwoods,Sweet Tooth Eddy,A horror/action comic created by Sweet Tooth Eddy. Survive the myths or become fodder for the tales.,Comics,NA,NC,2024-08-30,2024-10-11,15000,662,4,23,FALSE,FALSE,FALSE,FALSE,https://www.kickstarter.com/projects/junkwoods/the-junkwoods
1534468123,Doctor S. - The Graphic Novel,Jordan Antonic,A ~120 page B/W graphic novel starring Dr. S. and his trusty assistant Professor Albert!,Comics,Graphic Novels,NC,2024-07-10,2024-08-09,34500,1045,3,21,FALSE,FALSE,FALSE,FALSE,https://www.kickstarter.com/projects/jordanparkerantonic/doctor-s-the-graphic-novel
405693683,Frequency of Fire: Tale of Leon,Tomel,Book One of the Golden Lotus Saga,Comics,Graphic Novels,NC,2025-06-30,2025-08-29,25000,192,1,4,FALSE,FALSE,FALSE,FALSE,https://www.kickstarter.com/projects/golden-lotus-series/frequency-of-fire-tale-of-leon
1737108884,Aceblade 1-8: Comics & Action Figures,Danny J Quick,The Vegas Vigilante RETURNS! The first 8 Issues of the Aceblade comic book series & limited edition Action Figures.,Comics,Comic Books,NC,2024-07-17,2024-08-03,2250,5414,241,137,TRUE,TRUE,TRUE,FALSE,https://www.kickstarter.com/projects/dannyjquick/aceblade-1-8-comics-and-action-figures
566788799,FrankenFury: The Monster of Martial Arts!,Michael T Gonzalez,36-page martial arts/sci-fi/fantasy/horror for all ages! Premier issue!,Comics,Comic Books,NC,2025-04-21,2025-05-21,1500,288,19,18,FALSE,FALSE,FALSE,FALSE,https://www.kickstarter.com/projects/rainyroad/frankenfury-the-monster-of-martial-arts
465224472,WAR OF THE SPHINX,Will Coggins,Neo-Nubia erupts in uprising as a mercenary and a long-exiled warrior return—fulfilling a 500-year-old prophecy to restore balance.,Comics,Comic Books,NC,2025-06-04,2025-07-02,625,45,7,1,FALSE,FALSE,FALSE,FALSE,https://www.kickstarter.com/projects/wots1/war-of-the-sphinx
630361356,The Remnant: The World Still Needs Heroes (Jump on Now!) (Canceled),Grok Comics,"The end of days are upon us, The Remnant stands ready to battle the coming evil!",Comics,Comic Books,NC,2023-08-03,2023-09-02,200,229,114,4,TRUE,TRUE,FALSE,FALSE,https://www.kickstarter.com/projects/grokcomics/the-remnant-the-world-still-needs-heroes-jump-on-now
2143648160,Pin-Up Queens 2,Unity Comics,Issue 2 of Pin-Up Queens features original artwork from Gil Elvgren and covers by popular modern artists.,Comics,Comic Books,NC,2025-02-05,2025-02-20,6500,2878,44,40,FALSE,FALSE,FALSE,FALSE,https://www.kickstarter.com/projects/unitycomics/pin-up-queens-2
626557527,Draz and The Birth of Dracard Kingdom: Issue 4,Ence Gaming,"Fantasy Comic based on Dra, follow Draz as she tries to retire at her tavern, but fate has different plans for her.",Comics,Comic Books,NC,2023-11-06,2023-12-06,1500,667,44,23,FALSE,FALSE,FALSE,FALSE,https://www.kickstarter.com/projects/encegaming/draz-and-the-birth-of-dracard-kingdom-issue-4
2082265614,INCISION #1-3: The Gritty Cyberpunk Superhero Adventure!,Jay Red,"When INCISION confronts INFECTION the scars won't just be physical, and nothing will ever be the same.",Comics,Comic Books,NC,2025-08-19,2025-09-26,500,2013,403,49,TRUE,TRUE,TRUE,FALSE,https://www.kickstarter.com/projects/jayred/incision-1-3
2052352578,Sleeping Betty - Issue 1,Unity Comics,Get ready for a KILLER time when Dexter meets A Nightmare on Elm Street in this original comic from Unity Comics.,Comics,Comic Books,NC,2025-08-04,2025-08-24,750,3110,415,77,TRUE,TRUE,TRUE,FALSE,https://www.kickstarter.com/projects/unitycomics/sleeping-betty-issue-1
79390685,Drexler #4 (Canceled),Nathan Kelly,The Explosive Conclusion to Drexler!,Comics,Comic Books,NC,2023-06-06,2023-07-06,7000,997,14,53,FALSE,FALSE,FALSE,FALSE,https://www.kickstarter.com/projects/drexler03/drexler-4
894116412,Kirk Lindo's VAMPRESS LUXURA: BACKER'S DELIGHT - Round 04,Kirk Lindo,2 All NEW NSFW NAUGHTY PREMIUM HARDCOVER EDITIONS of the LUXURA V04 Comic!,Comics,Comic Books,NC,2023-08-22,2023-08-29,99,1266,1279,34,TRUE,TRUE,TRUE,FALSE,https://www.kickstarter.com/projects/kirklindo/kirk-lindos-vampress-luxura-backers-delight-round-04
440963466,The Wolf and the Crow Graphic Novel!,Daniel Gordon,Four full issues comprising Volume 1 of The Wolf and the Crow!,Comics,NA,NC,2023-03-01,2023-03-31,1700,1957,115,66,TRUE,TRUE,TRUE,FALSE,https://www.kickstarter.com/projects/revenge2/the-wolf-and-the-crow-graphic-novel-volume-1
1764802043,Unity Comics Cover Gallery #1,gropiusone,Featuring the art of Ally Loren,Comics,Comic Books,NC,2025-05-16,2025-06-05,300,1954,651,59,TRUE,TRUE,TRUE,FALSE,https://www.kickstarter.com/projects/gropiusone/unity-comics-cover-gallery-1
226780911,Unity Comics Cosplay Gallery #3,Unity Comics,Featuring the cosplay art of Elsie VI in her comic debut as Nico Robin from One Piece.,Comics,Comic Books,NC,2025-05-19,2025-06-08,300,812,271,39,TRUE,TRUE,TRUE,FALSE,https://www.kickstarter.com/projects/unitycomics/unity-comics-cosplay-gallery-3
1827868909,AMBER- Brutal horror comic + album,Wtf Comics,This isn't the tale of a human surviving in a world of demons... this is the story of a demon saving humanity from MASSACRE!,Comics,Comic Books,NC,2024-12-13,2025-01-13,500,531,106,19,TRUE,TRUE,TRUE,FALSE,https://www.kickstarter.com/projects/wtfcomics/amber-brutal-horror-comic-album
1341111913,Big Tiddie Goth Girlfriends on the Moon comic #1 Redux!,Sirk,Reprint of Sold Out Issue #1! Don't miss out again!,Comics,Comic Books,NC,2023-10-09,2023-11-08,3000,11075,369,286,TRUE,TRUE,TRUE,FALSE,https://www.kickstarter.com/projects/sirk/big-tiddie-goth-girlfriends-on-the-moon-comic-1-redux
1270470382,Dripping Skulls Exclusive Pin Collection (Canceled),Doug Hoppes,This collection is a set of unique pins that remind us of the underlying truth beneath the darkness that surrounds us.,Art,Illustration,NC,2026-01-20,2026-02-19,2000,231,12,6,FALSE,FALSE,FALSE,FALSE,https://www.kickstarter.com/projects/shadowmyths/dripping-skulls-exclusive-pin-collection
1112115664,Motivational Stickers for Creatives,Small Sketch,"Get inspired from the personification of Inspiration itself! As well as other aspects of the artistic process, here to help you create!",Art,Digital Art,NC,2024-07-01,2024-07-16,400,253,63,10,FALSE,FALSE,FALSE,FALSE,https://www.kickstarter.com/projects/smallsketch/motivational-stickers-for-creatives
1091557021,Enchanted Herb Collection,Forevermore Emporium,A magical collection of hard enamel charms!,Art,Digital Art,NC,2023-11-20,2023-12-20,400,173,43,7,FALSE,FALSE,FALSE,FALSE,https://www.kickstarter.com/projects/forevermoreemporium/enchanted-herb-collection
545054139,"ART MOST FOUL - The Grim, Grotesque Art of THE GURCH",FantaCo Enterprises LLC,A massive collection of horror illustrations by The Gurch,Art,Illustration,NC,2024-07-12,2024-08-11,15000,6320,42,48,FALSE,FALSE,FALSE,FALSE,https://www.kickstarter.com/projects/fantaco/the-gurch-art-book-art-most-foul
2025828576,For The Love Of Wildlife Bumper Stickers,Paige,"We are a small business that loves art & design, using our skills to back Wildlife!",Art,Digital Art,NC,2023-07-13,2023-08-02,600,63,10,5,FALSE,FALSE,FALSE,FALSE,https://www.kickstarter.com/projects/1783256853/for-the-love-of-wildlife-bumper-stickers
1931634514,Unity Comics Cosplay Gallery 1,Unity Comics,Unity Comics presents a gallery of cosplayer Daria Hime as Rangiku Matsumoto from Bleach.,Comics,NA,NC,2025-03-28,2025-04-27,200,1705,852,43,TRUE,TRUE,TRUE,FALSE,https://www.kickstarter.com/projects/unitycomics/unity-comics-cosplay-gallery-1
418983804,MEL: Post-Apocalyptic Gratification (Canceled),Joseph PIontkowski,MEL is a series of rapid-fire funny and violent vignettes creating (and burying) memorable characters in the wastelands.,Comics,Comic Books,NC,2023-12-01,2024-01-30,14000,1,0,1,FALSE,FALSE,FALSE,FALSE,https://www.kickstarter.com/projects/mirageinsight/mel-post-apocalyptic-gratification
1965520612,BCB Tainted Souls #1 Variant + Issue #2 (Canceled),B. Chris Brown,"Variants Issue #1+ publication of Issue #2. Demonic Lord's, Christian slaves, Dead-heads and much more!!! Humor mixed with real chaos!",Comics,Comic Books,NC,2023-04-26,2023-06-25,1750,21,1,2,FALSE,FALSE,FALSE,FALSE,https://www.kickstarter.com/projects/bcbtaintedsouls/bcb-tainted-souls-1-variant-issue-2
1199807194,Miss Adventure: Issue #1 - Action Comedy meets Cosmic Horror,Jonathan Barbour,Indiana Jones meets H.P. Lovecraft. A globe-trotting adventure set during the 1920s that focuses on the importance of fatherhood.,Comics,Comic Books,NC,2025-02-04,2025-03-07,3000,72,2,7,FALSE,FALSE,FALSE,FALSE,https://www.kickstarter.com/projects/jonathanb/miss-adventure-issue-1-action-comedy-meets-cosmic-horror
784656839,Unity Comics Cover Gallery #2,Unity Comics,Featuring the art of Ally Loren,Comics,NA,NC,2025-06-10,2025-06-30,300,1607,536,45,TRUE,TRUE,TRUE,FALSE,https://www.kickstarter.com/projects/unitycomics/unity-comics-cover-gallery-2
1712786340,Unity Comics Cosplay Gallery #6,Unity Comics,Featuring the cosplay art of IRABYB as D.Va from OVERWATCH,Comics,NA,NC,2025-06-30,2025-07-20,300,1080,360,32,TRUE,TRUE,TRUE,FALSE,https://www.kickstarter.com/projects/unitycomics/unity-comics-cosplay-gallery-6
1438146351,Unity Comics Cosplay Gallery #4 MEGA ISSUE,gropiusone,"Featuring the cosplay art of Daria Hime as Lady D, Makima, Megara and a Playboy Bunny",Comics,Comic Books,NC,2025-06-05,2025-06-25,300,2413,804,71,TRUE,TRUE,TRUE,FALSE,https://www.kickstarter.com/projects/gropiusone/unity-comics-cosplay-gallery-4-mega-issue
763629202,Demi-Devil Comic Issue #1,Devin Thorpe,Sins of the Father,Comics,Graphic Novels,NC,2024-11-19,2024-12-19,3500,220,6,12,FALSE,FALSE,FALSE,FALSE,https://www.kickstarter.com/projects/112460035/demi-devil
791703951,Whitaker Knox Books 1-3,Randall Rozzell,"When Knox found his own dead body, he made desperate choices. Now timelines are merging and existence is breaking, as Knox goes mad.",Comics,Comic Books,NC,2024-03-15,2024-04-14,2000,2275,114,99,TRUE,TRUE,TRUE,FALSE,https://www.kickstarter.com/projects/rrozzell/whitaker-knox-books-1-3
1828007852,The Magick Makers: A Spiritual Community Hub + Shop,The Magick Makers,"Help open a sacred space for spiritualists, witches, and craft-curious folks to gather and shop in Downtown Durham, North Carolina.",Art,NA,NC,2023-10-05,2023-11-05,50000,4441,9,54,FALSE,FALSE,FALSE,FALSE,https://www.kickstarter.com/projects/themagickmakers/the-magick-makers-a-spiritual-community-hub-shop
732533700,Horror Pins: Celebrating The Movies That Scared Us,Taylor,Embrace the fear.,Art,Illustration,NC,2023-06-08,2023-06-30,2600,141,5,8,FALSE,FALSE,FALSE,FALSE,https://www.kickstarter.com/projects/artsncrassofficial/horror-pins-celebrating-the-movies-that-scared-us
1804237107,Debutation Pin Collection,Samantha Leonard,"A collection of pins inspired by the Taylor Swift albums, “Taylor Swift” and “Reputation”.",Art,NA,NC,2025-06-17,2025-07-17,313,0,0,0,FALSE,FALSE,FALSE,FALSE,https://www.kickstarter.com/projects/pinnacleofsuccess/debutation-pin-collection
688392833,Sakura Monster Enamel Pin Collection,Amanda Moon,"An exciting new kickstarter featuring cute little monsters playing in sakura flowers, having a blast!",Art,Digital Art,NC,2024-03-02,2024-03-17,1000,93,9,5,FALSE,FALSE,FALSE,FALSE,https://www.kickstarter.com/projects/eclecticscribbles/sakura-monster-enamel-pin-collection
68983701,Rebel 3D Labs: A 3D Content Studio,Miko Bey,Miko Bey is a Caribbean artist creating a studio space and looking to purchase new equipment to develop her business.,Art,Digital Art,NC,2023-12-05,2024-01-15,18500,279,2,8,FALSE,FALSE,FALSE,FALSE,https://www.kickstarter.com/projects/2106034941/rebel-3d-labs-a-3d-content-studio
1753722051,Rowaelin Hard Enamel Pin,Ceren,Aelin and Rowan hard enamel pin inspired by the Throne of Glass series. Made in collaboration with The Witchy Library and Artsiidaisy!,Art,Digital Art,NC,2023-03-20,2023-04-09,2000,517,26,11,FALSE,FALSE,FALSE,FALSE,https://www.kickstarter.com/projects/cereniz/rowaelin-hard-enamel-pin
1917533231,Natura Animalia: 78 Card Tarot Deck,Purple MAJIC Designs,Discover an enchanting tarot deck merging nature's power with timeless animal spirits for profound self-discovery and empowerment.,Art,Digital Art,NC,2023-10-26,2023-11-25,4500,1569,35,17,FALSE,FALSE,FALSE,FALSE,https://www.kickstarter.com/projects/purplemajicdesigns/natura-animalia-78-card-tarot-deck
1232084687,Battalion Fist,Steven Belcher,A 5V5 GAMING EXPERIENCE FEATURING BLACK COMIC BOOK CHARACTERS BY BLACK COMICBOOK CREATORS,Games,Video Games,NC,2025-04-15,2025-06-14,20000,51,0,2,FALSE,FALSE,FALSE,FALSE,https://www.kickstarter.com/projects/revolutionbattalion/battalion-fist-video-game
1293552739,music for falling and flying,Nathan Hudson,A new album of original music from composer Nathan Hudson and writer Ben Loory.,Music,Classical Music,NC,2023-11-16,2023-12-16,16000,16190,101,67,TRUE,TRUE,TRUE,TRUE,https://www.kickstarter.com/projects/fallingandflying/music-for-falling-and-flying
1641921430,Relaxed & Games,Tracy,"""""""""Empowering Play, Inspiring Creators: Your Gaming Community""""""""",Games,Video Games,NC,2023-09-10,2023-10-10,10000,54,1,9,FALSE,FALSE,FALSE,FALSE,https://www.kickstarter.com/projects/1175843844/relaxed-and-games
394142493,Demon Crush,Reverting Castles,"Demon Crush is a 2D sidescroller with fast-paced ninja action! Battle humans, demons, and beasts in a pixel art Japanese fantasy world!",Games,Video Games,NC,2024-10-01,2024-11-01,40000,6221,16,97,FALSE,FALSE,FALSE,FALSE,https://www.kickstarter.com/projects/demon-crush/demon-crush-game
955393283,Guevara's War (Canceled),Alec Guarino,Freeman: Guerilla Warfare/Mount and blade spiritual successor PC video game ORIGINAL DEV.,Games,Video Games,NC,2023-07-28,2023-08-27,7500,136,2,7,FALSE,FALSE,FALSE,FALSE,https://www.kickstarter.com/projects/guevara/guevaras-war
898137583,LATCH: The Loopbound Card Game,Brad Bates,"A digital deckbuilder where your cards are emotions, the enemy evolves, and the loop remembers you.",Games,Video Games,NC,2025-08-26,2025-09-25,5000,271,5,7,FALSE,FALSE,FALSE,FALSE,https://www.kickstarter.com/projects/373694884/latch-the-loopbound-card-game
428284420,Flamy Grant's Big Gay Christian Record,Matthew Blake,A disco/gospel/folk/funk record so draggy it will usher in the second coming. Let's give the end times the soundtrack they deserve.,Music,Faith,NC,2023-11-15,2023-12-16,30000,56608,189,559,TRUE,TRUE,TRUE,TRUE,https://www.kickstarter.com/projects/matthewwilliams/flamy-grants-big-gay-christian-record
546892510,An Album of Hymns and Original Songs,Jeremy Goodwyne,"In 2024 I'm headed to Nashville, TN to record an album of hymns and original songs, produced by Jeremy Casella.",Music,Faith,NC,2023-10-17,2023-11-16,12000,12942,108,99,TRUE,TRUE,TRUE,TRUE,https://www.kickstarter.com/projects/jeremygoodwynemusic/an-album-of-hymns-and-original-songs
917424816,a spring may well up,Jacob Goins,a new album of mainly instrumental music from jacob goins,Music,NA,NC,2024-04-15,2024-05-13,5000,5236,105,65,TRUE,TRUE,TRUE,TRUE,https://www.kickstarter.com/projects/jacobgoins/a-spring-may-well-up
492455885,"The Noëls: """"""""Stayed""""""""",Jonathan & Amanda Noël,"A new 10-song studio record from veteran singer-songwriter duo, Jonathan & Amanda Noël",Music,Faith,NC,2024-06-18,2024-07-19,25000,27351,109,137,TRUE,TRUE,TRUE,TRUE,https://www.kickstarter.com/projects/thenoelsmusic/the-noels-stayed
1659889141,"Little Deaths, the new full-length album by Siena Christie",Siena Christie,"Little Deaths is a novel about love, grief, and radical acceptance, in the form of a song cycle.",Music,Country & Folk,NC,2023-12-08,2024-01-11,3000,3803,127,74,TRUE,TRUE,TRUE,TRUE,https://www.kickstarter.com/projects/littledeathsalbum/little-deaths-the-new-full-length-album-by-siena-christie
2121965008,WILD ERIC'S TRAVELING PODCAST (Canceled),Eric Maldonado,"SONGWRITER, COMEDIAN, AND MAN OF FAITH -Traveling planet Earth interviewing the most interesting people from all walks of life!",Journalism,Audio,NC,2023-01-05,2023-02-26,5000,51,1,2,FALSE,FALSE,FALSE,FALSE,https://www.kickstarter.com/projects/ericmaldonado/wild-erics-traveling-podcast
1928713821,Dread of the Mage,Nearphus,"Dread of the Mage is a shooter platformer about magic, demons, and revenge.",Games,Video Games,NC,2024-11-26,2024-12-26,600,182,30,7,FALSE,FALSE,FALSE,FALSE,https://www.kickstarter.com/projects/demonmagegame/demon-mage
1344421931,The Curse of Zarradûn: Dark Arabian 3D Printable Miniatures,MiniaturesCraze,"127 Miniatures, Modular Terrain, and Unlimited Customization via Miniaturescraze Crafts. STL files.",Games,Tabletop Games,NC,2025-11-18,2025-12-02,100,4528,4528,84,TRUE,TRUE,TRUE,FALSE,https://www.kickstarter.com/projects/miniaturescraze/the-curse-of-zarradun-dark-arabian-3d-printable-miniatures
1896564483,Mech Tech — A New Fusion of Action & Strategy Game!,sam_makes_games,"Pilot mechs and command an army in bite-sized battles! Up to 8 player PVP online and locally, with a 4 player co-op roguelite campaign!",Games,Video Games,NC,2026-03-18,2026-04-17,8000,13474,168,286,TRUE,TRUE,TRUE,FALSE,https://www.kickstarter.com/projects/1676953484/mech-tech
786976680,Deal Damage (Canceled),Corey Matthews,Party Based Dueling Card Game for 2-5 players!,Games,Tabletop Games,NC,2023-01-01,2023-01-31,15000,101,1,5,FALSE,FALSE,FALSE,FALSE,https://www.kickstarter.com/projects/cdminteractive/deal-damage
1726592749,The Portal: A Bible Museum Dedicated To Sharing The Truth,Titus Blair,We are creating a digital creation museum so people around the world can learn about scientific proofs for God creating the universe.,Games,Video Games,NC,2023-08-08,2023-10-07,10000,1408,14,13,FALSE,FALSE,FALSE,FALSE,https://www.kickstarter.com/projects/thetitusblair/the-portal-a-bible-museum-dedicated-to-sharing-the-truth
474881657,Charlatans,Koiote,Was that an enemy in your periphery? Or are you seeing things? Perhaps the Hidden aren't honest about what they are. What charlatans.,Games,Video Games,NC,2023-03-28,2023-03-30,11000,1,0,1,FALSE,FALSE,FALSE,FALSE,https://www.kickstarter.com/projects/koiote/charlatans
1183463595,STORY MODE | Quipu Runner | June 2025,Altura Logic,An immersive adventure that marks the beginning of an epic Inca saga.,Games,Video Games,NC,2025-03-03,2025-05-02,20,460,2300,12,TRUE,TRUE,TRUE,FALSE,https://www.kickstarter.com/projects/alturalogic/quipu-runner-videogame-story-mode
639019644,"""""""""Arcade Rewind: Journey Back to the Best Era of Gaming!""""""""",Brandon,"""""""""Relive the Thrills, Rediscover the Classics, and Experience the Best of 80s Gaming Glory!""""""""",Games,Video Games,NC,2024-01-04,2024-02-03,100000,41,0,2,FALSE,FALSE,FALSE,FALSE,https://www.kickstarter.com/projects/arcaderewind/arcade-rewind-journey-back-to-the-best-era-of-gaming
1963935709,Adventarum,Baomont,Idle Fighter/Looter,Games,Video Games,NC,2025-09-21,2025-11-01,150,280,187,7,TRUE,TRUE,TRUE,FALSE,https://www.kickstarter.com/projects/baomont/adventarum
1549644853,Save Al's Place QUANTUM LEAP Online Community Forums,Brian Greene,Al's Place Quantum Leap Online Community will be upgraded in 2024! We are fully funded - thank you!,Journalism,Web,NC,2023-11-14,2024-01-13,200,659,330,32,TRUE,TRUE,TRUE,FALSE,https://www.kickstarter.com/projects/alsplaceql/save-als-place-online-community-forums
137625996,Dungeon Rebound,Forrest Powell,an innovative take on the classic arcade genre,Games,Video Games,NC,2023-04-25,2023-05-01,2500,31,1,5,FALSE,FALSE,FALSE,FALSE,https://www.kickstarter.com/projects/477893724/dungeon-rebound
1925504727,Dani Kerr Album Project,Dani Kerr,"Come and be part of this Carolina roots rich project, seeded in soul and poetry and brought to you independently. Read on to learn more",Music,Country & Folk,NC,2025-04-01,2025-05-16,5000,5149,103,34,TRUE,TRUE,TRUE,FALSE,https://www.kickstarter.com/projects/danikerrmusic/dani-kerr-album-project
256448187,TALK TO GOD - EP,Ashleigh Faith,"A raw, honest collection of songs that explore Ashleigh Faith's current walk with God and encourages the listener to TALK TO GOD.",Music,Hip-Hop,NC,2026-03-20,2026-04-29,1200,130,11,2,FALSE,FALSE,FALSE,FALSE,https://www.kickstarter.com/projects/ashleighfaith/talk-to-god-ep
1020761945,Deceit,Toni Hall,The Lies We Live,Publishing,Fiction,NC,2025-01-07,2025-03-08,6600,30,0,2,FALSE,FALSE,FALSE,FALSE,https://www.kickstarter.com/projects/tonettehall/deceit-1
275061238,Kristine Moon - New Age Singer-Songwriter's Debut Album,Kristine Moon,"Motherhood, hard times, and advocacy taught me that I and others need music to heal. Please help me launch my first New Age album!",Music,Electronic Music,NC,2024-05-24,2024-06-14,5000,6080,122,108,TRUE,TRUE,TRUE,TRUE,https://www.kickstarter.com/projects/kristinemoon/kristine-moon-new-age-singer-songwriters-debut-album
1637554980,Scourge Of the Skies,TheRevenger,Where a world of Fantasy become Reality!!!,Games,Video Games,NC,2024-01-25,2024-03-25,80000,41,0,3,FALSE,FALSE,FALSE,FALSE,https://www.kickstarter.com/projects/tr-1678340/scourge-of-the-skies
36546066,Forsaken Shores,Daniel walker,Base building survival game with RPG style combat system.,Games,Video Games,NC,2024-09-14,2024-10-14,10000,315,3,9,FALSE,FALSE,FALSE,FALSE,https://www.kickstarter.com/projects/forsakenshores/forsaken-shores
211836278,Goddess x Demon Queen - Visual Novel,Sakura Productions,Three Goddess's and Three Demons from another world get stuck in the mortal realm and end up living with a cafe owner.,Games,Video Games,NC,2023-08-22,2023-09-21,4000,1217,30,31,FALSE,FALSE,FALSE,FALSE,https://www.kickstarter.com/projects/sakuraproductions/goddess-x-demon-queen-visual-novel
1719319826,"20 Foods, 20 Myths, 1 Heart: A Video Series for Heart Health",Bibhusan Basnet,Heart disease is fueled by food myths we have believed for years. Let’s finally expose the lies that put millions in danger.,Journalism,Video,NC,2025-12-22,2026-01-31,1200,120,10,4,FALSE,FALSE,FALSE,FALSE,https://www.kickstarter.com/projects/heartmyths/20-foods-20-myths-1-heart-a-video-series-for-heart-health
1173619753,Ghost Protocols: Book 3 — A Gritty Thriller by Mike Belasko,Mike Belasko,Help bring the next chapter of the Ghost Protocols series to life,Publishing,Fiction,NC,2025-10-27,2025-11-26,2500,5,0,1,FALSE,FALSE,FALSE,FALSE,https://www.kickstarter.com/projects/mikebelasko/ghost-protocols-book-3-a-gritty-thriller-by-mike-belasko
406780930,"Possession: The Shadow Walker Chronicles, Book One",Timothy E. Sizemore,The Dresden Files meets Warfare where a former U.S. Army Ranger discovers he is a mage after succumbing to a demonic possession in Iraq,Publishing,Fiction,NC,2025-06-15,2025-07-15,7500,2171,29,48,FALSE,FALSE,FALSE,FALSE,https://www.kickstarter.com/projects/886331609/possession-the-shadow-walker-chronicles-book-one
1071686080,HER Becoming: A year at His feet,Fatmata Enyi,"Equipping women to reclaim identity in Christ, deepen spiritual consistency, and courageously walk in the fullness of their calling.",Publishing,NA,NC,2025-10-10,2025-10-30,2600,4985,192,77,TRUE,TRUE,TRUE,FALSE,https://www.kickstarter.com/projects/womanwifemomgod/her-becoming-a-year-at-his-feet
1762676987,TROTDF Special Edition,Katherine Whiteheart,Bringing a special edition to the shelves of The Dark Flame Series fans.,Publishing,Fiction,NC,2025-01-13,2025-03-11,2500,156,6,6,FALSE,FALSE,FALSE,FALSE,https://www.kickstarter.com/projects/trotdf/trotdf-special-edition
730809859,Druid Wild Shape Reference Cards for 5e (Canceled),Moonweaver Games,Streamline your combat with these reference cards. Everything you need to know in the palm of your hand!,Games,Tabletop Games,NC,2023-09-02,2023-10-02,13500,216,2,7,FALSE,FALSE,FALSE,FALSE,https://www.kickstarter.com/projects/moonweavergames/druid-wild-shape-reference-cards-for-5e
159058248,Druid Wild Shape Reference Cards for 5e,Moonweaver Games,Streamline your combat with these reference cards. Everything you need to know in the palm of your hand!,Games,Tabletop Games,NC,2023-10-22,2023-11-21,9500,2252,24,77,FALSE,FALSE,FALSE,FALSE,https://www.kickstarter.com/projects/moonweavergames/druid-wild-shape-reference-cards-for-5e-0
996701919,Calypso's Catch: Aquatic TTRPG Adventure with Maps & Music,Domille,"Level-Agnostic, System-Agnostic Digital Adventure with D&D 5e and Pathfinder 2e Creature Recommendations",Games,Tabletop Games,NC,2025-10-06,2025-11-06,998,3153,316,55,TRUE,TRUE,TRUE,FALSE,https://www.kickstarter.com/projects/1264886596/calypsos-catch-aquatic-ttrpg-adventure-with-maps-and-music
467925778,Rocket Fire: A Family Board Game (Canceled),Michael J Sacco,"A Space Exploration Board Game - competitive family """"""""turns based"""""""" dice and card game.",Games,Tabletop Games,NC,2023-04-18,2023-06-17,2000,773,39,18,FALSE,FALSE,FALSE,FALSE,https://www.kickstarter.com/projects/1360823378/rocket-fire-a-family-board-game
881269830,Jon Shain's new album and a new fingerstyle guitar book!,Jon Shain,"Two new projects this year - I'm publishing a new guitar book, and creating an album of original music with FJ Ventre and Bill Newton!",Music,Blues,NC,2023-05-09,2023-05-30,15000,16291.5,109,117,TRUE,TRUE,TRUE,TRUE,https://www.kickstarter.com/projects/jonshain/jon-shains-new-album-and-a-new-fingerstyle-guitar-book
766877540,MonboVerse Skyblock,MonboCorp,A New an cool Skyblock with many new features,Games,Video Games,NC,2023-08-19,2023-09-09,575,2,0,2,FALSE,FALSE,FALSE,FALSE,https://www.kickstarter.com/projects/monboverse/monboverse-skyblock
197862276,Necrofugitive | Medieval Shapeshifting Action,Black Garden,Conquer the Kingdom as a Powerful Shapeshifter!,Games,Video Games,NC,2025-06-24,2025-07-24,50000,60068,120,923,TRUE,TRUE,TRUE,TRUE,https://www.kickstarter.com/projects/blackgarden/necrofugitivegame
787549814,"Dewborne Dawn - An Immersive, Character-Centric Metroidvania",Mythwalk Studios,"In this new hand-drawn, story-rich metroidvania, explore the last haven of a dying world, and discover what part you play in saving it.",Games,Video Games,NC,2023-11-28,2023-12-28,50000,70881,142,1077,TRUE,TRUE,TRUE,TRUE,https://www.kickstarter.com/projects/dewbornedawn/dewborne-dawn-an-action-adventure-metroidvania
467030559,The Madlings: Miniatures STL's for Tabletop wargaming,Tyler Swank,"The Madlings is a miniatures project to be used for wargaming and tabletop roleplaying games, and can be printed at home!",Games,Tabletop Games,NC,2023-10-08,2023-11-07,100,106,106,8,TRUE,TRUE,TRUE,FALSE,https://www.kickstarter.com/projects/nuttyrobotstls/the-madlings-miniatures-stls-for-tabletop-wargaming
499748891,You Are The Future,Eastin DeVerna,A thematic tabletop game and an immersive graphic novel in one gorgeously crafted package.,Games,Tabletop Games,NC,2023-02-28,2023-03-29,20000,10689,53,165,FALSE,FALSE,FALSE,TRUE,https://www.kickstarter.com/projects/eastindeverna/you-are-the-future
580531997,Deal Damage,Corey Matthews,Deal Damage! A fun and fast paced battle card game for 2-5 players!,Games,Tabletop Games,NC,2023-03-01,2023-03-31,15000,2183,15,56,FALSE,FALSE,FALSE,FALSE,https://www.kickstarter.com/projects/cdminteractive/deal-damage-0
440111283,Road Kill,Tread Possum,A zombie survival/dating sim furry visual novel.,Games,Video Games,NC,2023-04-30,2023-05-30,3000,3333,111,38,TRUE,TRUE,TRUE,FALSE,https://www.kickstarter.com/projects/roadkillvisualnovel/road-kill-0
912337130,Legend Tripping: A Dollar Signs Record,Erik Button,A new record by the veterans of punk about the horrors of going home.,Music,Punk,NC,2023-07-05,2023-08-11,12000,26040,217,297,TRUE,TRUE,TRUE,FALSE,https://www.kickstarter.com/projects/legendtripping/legend-tripping-a-dollar-signs-record
141883907,Isaac Hadden Organ Trio's Debut Album,Isaac Hadden,We need your help to release this music to the world. Please consider donating to help make dreams come true!,Music,Jazz,NC,2023-06-16,2023-07-16,10000,11388,114,117,TRUE,TRUE,TRUE,FALSE,https://www.kickstarter.com/projects/isaachadden/isaac-hadden-organ-trios-debut-album
1552130685,Holdout,Humble Bard Games,Grow and manage your post-apocalyptic home while defending it from raiders in this solitaire print-and-play game.,Games,Tabletop Games,NC,2023-06-06,2023-06-24,100,1444,1444,234,TRUE,TRUE,TRUE,FALSE,https://www.kickstarter.com/projects/thehumblebard/holdout
1569461082,Zeta Wolf Chronicles - Realistic Dating Sim Visual Novel,AniClash Studios,"""""""""Date"""""""" one of four girls on the path to enlightenment. Prom awaits. Will you be led astray by an old crush?",Games,Video Games,NC,2023-03-01,2023-04-01,6250,8889,142,269,TRUE,TRUE,TRUE,FALSE,https://www.kickstarter.com/projects/670413175/zeta-wolf-chronicles-realistic-dating-sim-visual-novel
4006664,Patrician: Towers of Influence,Ray Wehrs,Compete to build magnificent towers across medieval Italy in Michael Schacht's classic strategy board game for 2-5 master architects.,Games,Tabletop Games,NC,2023-10-12,2023-11-11,8500,10491,123,292,TRUE,TRUE,TRUE,FALSE,https://www.kickstarter.com/projects/calliopegamenight/patrician-towers-of-influence
1891050536,Epic Tales: Themed DM Screens for Every Quest,MiniaturesCraze,Customize Your Campaign with Artistic and Functional Screens! Designed for 3D Printing and CNC,Games,Tabletop Games,NC,2024-11-09,2024-11-18,100,622,622,13,TRUE,TRUE,TRUE,FALSE,https://www.kickstarter.com/projects/miniaturescraze/epic-tales-themed-dm-screens-for-every-quest
767538891,Aesphera: Lost Union,8bitGrimm,A tactical rotation RPG,Games,Video Games,NC,2023-09-01,2023-10-31,32700,43885,134,350,TRUE,TRUE,TRUE,FALSE,https://www.kickstarter.com/projects/aesphera/aesphera-lost-union
1561202298,"Expansive, the Game",Shawn Hartley,"Use your wits, take a risk, and secure the galaxy for your faction.",Games,Tabletop Games,NC,2023-01-03,2023-03-04,5000,1759,35,27,FALSE,FALSE,FALSE,FALSE,https://www.kickstarter.com/projects/expansive/expansive-the-game
1343981954,Reign of the Sundered Idol,CroWares,Travel through a magically scarred world in this 5th edition supplement. Content ready for players and dungeon masters alike.,Games,Tabletop Games,NC,2023-04-04,2023-05-04,3500,4176,119,39,TRUE,TRUE,TRUE,FALSE,https://www.kickstarter.com/projects/1197918338/reign-of-the-sundered-idol
1223377309,“Interstellar” a rock & roll dreamscape...,Laura Jane Vincent,help Laura Jane Vincent bring her third full length album to life,Music,Indie Rock,NC,2023-08-11,2023-09-10,5000,5352,107,64,TRUE,TRUE,TRUE,TRUE,https://www.kickstarter.com/projects/ljvmusic/interstellar-a-rock-and-roll-dreamscape
1478393037,Curtis Eller's American Circus: Another Nice Mess,Curtis Eller,A New Phonographic Recording Coming Soon!,Music,Indie Rock,NC,2023-08-25,2023-09-27,10000,12340,123,235,TRUE,TRUE,TRUE,TRUE,https://www.kickstarter.com/projects/curtiseller/curtis-ellers-american-circus-another-nice-mess
624101016,Lakewood Jump - Keenan McKenzie & the Riffers' New Album,Keenan McKenzie,It's time to finally record a full-length album!,Music,Jazz,NC,2023-05-18,2023-06-16,9500,12640,133,161,TRUE,TRUE,TRUE,TRUE,https://www.kickstarter.com/projects/keenanmckenzie/lakewood-jump-keenan-mckenzie-and-the-riffers-new-album
719728160,Who I Am: New Album,Will Plyler,"A new Christian music album that dives into a wide array of genres including rock, pop, gospel, and country.",Music,Indie Rock,NC,2023-07-28,2023-08-18,200,241,120,5,TRUE,TRUE,TRUE,FALSE,https://www.kickstarter.com/projects/wpmusic/who-i-am-new-album
1506624986,Farewell Friend : 'The Silent Years' Debut Vinyl Pressing,Farewell Friend Band,Fund the creation of 300 copies of our Debut Double LP ‘The Silent Years’ an album written for the vinyl experience.,Music,Indie Rock,NC,2023-11-17,2023-12-23,8000,8152,102,72,TRUE,TRUE,TRUE,FALSE,https://www.kickstarter.com/projects/silentyearsvinyl/farewell-friend-the-silent-years-debute-vinyl-pressing
1678705904,NEW! Flagship Album III,Drake Margolnick,We're bringing Flagship back as a true independent band and we plan to be better than ever.,Music,Indie Rock,NC,2023-03-07,2023-04-06,22500,10671,47,86,FALSE,FALSE,FALSE,FALSE,https://www.kickstarter.com/projects/1425057109/new-flagship-album-iii
2055392382,AZUL,AZUL,Funding for sophomore EP and industry promotion of the project.,Music,Pop,NC,2023-10-27,2023-12-26,6500,6871,106,80,TRUE,TRUE,TRUE,FALSE,https://www.kickstarter.com/projects/azulzapata/azul
456688102,"Mushrooms, Magic and More",Zach Onstot,"A fast paced, fun, and easy to play card game featuring mind-bending and immersive border to border art.",Games,Tabletop Games,NC,2023-08-01,2023-08-31,10000,12649,126,169,TRUE,TRUE,TRUE,FALSE,https://www.kickstarter.com/projects/mushroomsmagicmore/mushrooms-magic-and-more
422077233,Land of Vampires: Slipping into Shadow,Grove Guardian Press,A One-on-One 5e Campaign for Levels 1-10,Games,Tabletop Games,NC,2024-01-31,2024-03-01,10000,11042,110,108,TRUE,TRUE,TRUE,FALSE,https://www.kickstarter.com/projects/groveguardian/land-of-vampires-slipping-into-shadow
112162181,Quote Me: The Ultimate Movie & TV Show Quote Game,Taylor,Be the star of the show with this new addition to your game night collection.,Games,Tabletop Games,NC,2023-03-12,2023-04-26,2500,2926,117,73,TRUE,TRUE,TRUE,FALSE,https://www.kickstarter.com/projects/quotemecards/quote-me-the-ultimate-movie-and-tv-show-quote-game
1949664587,The Traveling Forest,Jay Massey,"Forever moving forward, the Traveling Forest must remain in the light. Offering physical and digital items. Ends October 26, 2023.",Games,Tabletop Games,NC,2023-09-26,2023-10-26,500,704,141,15,TRUE,TRUE,TRUE,FALSE,https://www.kickstarter.com/projects/thetravelingforest/the-traveling-forest
1216072820,Gothic Building Design Campaign Spring 2023,Chris Martens,"You asked for them so more Gothic Buildings compatible with Adeptus Titanicus, and Battletech, new and waiting for battle damage!",Games,Tabletop Games,NC,2023-05-21,2023-06-09,500,1727,345,39,TRUE,TRUE,TRUE,FALSE,https://www.kickstarter.com/projects/wargameforge/gothic-building-design-campaign-spring-2023
1469655923,High Sails,Nicolas B,Ahoy there! Set sail on an exciting pirate adventure with this card game! Conquer island and defend them from your enemies.,Games,Tabletop Games,NC,2023-09-01,2023-10-31,10000,601,6,15,FALSE,FALSE,FALSE,FALSE,https://www.kickstarter.com/projects/nomadgames/high-sails
1157460186,Eldritch Horrors: A Compendium of 5E Monsters,The Unknown,"A collection of 38 monsters for you and your friends to fight, befriend, and flee.",Games,Tabletop Games,NC,2023-11-15,2023-12-15,500,1118,224,187,TRUE,TRUE,TRUE,FALSE,https://www.kickstarter.com/projects/the-unknown/eldritch-horrors-a-compendium-of-5e-monsters
1707566413,Kravein: The Elemental Cataclysm,HarleyQuinsane,The magical world of Kravein; an alternate reality game set in Fantasy. All that's left is to publish the work for you to enjoy!,Games,Tabletop Games,NC,2023-08-02,2023-08-22,20000,1,0,1,FALSE,FALSE,FALSE,FALSE,https://www.kickstarter.com/projects/harleyquinsane/kravein-the-elemental-cataclysm
1841017293,Kings of the Heartland,George Harmon,Core Rulebook and Adventures,Games,Tabletop Games,NC,2023-08-01,2023-08-31,10000,436,4,11,FALSE,FALSE,FALSE,FALSE,https://www.kickstarter.com/projects/bitterdm/kings-of-the-heartland
1941802472,"Cy: Cyberpunk Survivors (PC, Android, Linux, SteamOS)",Morgan Caraway,"Superhero Cy battles alone against hordes of zombies, killer robots, and mutants galore. Retro arcade madness with a roguelite twist.",Games,Video Games,NC,2023-10-19,2023-11-18,100,200,200,16,TRUE,TRUE,TRUE,FALSE,https://www.kickstarter.com/projects/eldritchtentacles/cy-cyberpunk-survivors
1181856129,AntWarz Roblox Game,MonboCorp,A 4x game on roblox where players can build ant nest an attack other players an npc. with ant type trading system,Games,Video Games,NC,2023-07-02,2023-07-17,250,251,100,2,TRUE,TRUE,TRUE,FALSE,https://www.kickstarter.com/projects/monboverse/antwarz-roblox-game
218346493,Peppers,Zachary Norris,A friendly card game with a little spice!,Games,Tabletop Games,NC,2023-03-14,2023-05-05,10000,1186,12,31,FALSE,FALSE,FALSE,FALSE,https://www.kickstarter.com/projects/115356876/peppers
1517159612,Barbarian Girl,John Mazuroski,3D Printing .STL,Games,Tabletop Games,NC,2023-06-25,2023-07-17,200,155,78,26,FALSE,FALSE,FALSE,FALSE,https://www.kickstarter.com/projects/1229691863/barbarian-girl
90497838,Crossing The Road | A Platforming Adventure,Smithy At Home,One chicken's personal journey to answer the age-old question.,Games,Video Games,NC,2023-09-14,2023-10-14,5000,5286,106,15,TRUE,TRUE,TRUE,FALSE,https://www.kickstarter.com/projects/85493132/crossing-the-road-a-platforming-adventure
153638358,Fell Hypogeum -- an adventure for D&D 5E,Rafael Chandler,"Fell Hypogeum (""""""""underground burial chamber of the wicked"""""""") is a 10-level dungeon inspired by escape rooms!",Games,Tabletop Games,NC,2023-05-09,2023-06-07,2000,4480.66,224,79,TRUE,TRUE,TRUE,FALSE,https://www.kickstarter.com/projects/rafaelchandler/fell-hypogeum-an-adventure-for-dandd-5e
1862347797,"The Sun, The Sky, and The Stars",OLC Games,A space age card game for all ages! Join Kyupi as he adventures through the universe!,Games,Tabletop Games,NC,2023-08-01,2023-08-22,5000,5355,107,73,TRUE,TRUE,TRUE,FALSE,https://www.kickstarter.com/projects/thesuntheskythestars/the-sun-the-sky-and-the-stars
1023655683,Ascendant: Platinum Edition,Autarch,"A revised second printing of the core rules, the game’s first official sourcebook, and our premiere graphic novel, all in one bundle!",Games,Tabletop Games,NC,2023-02-28,2023-04-14,10000,34858,349,307,TRUE,TRUE,TRUE,FALSE,https://www.kickstarter.com/projects/autarch/ascendant-platinum-edition
1080938154,Milkman – A Legendairy Dice & Delivery Game,Dice Hate Me Games,Use dice to process and deliver milk to thirsty customers in 1950s America.,Games,Tabletop Games,NC,2023-04-25,2023-05-13,15000,45679,305,1279,TRUE,TRUE,TRUE,FALSE,https://www.kickstarter.com/projects/dicehateme/milkman-a-legendairy-dice-and-delivery-game
1446053691,Disciples of Cthulhu the card game,John M Cahoon,A 60 Tarot sized card deck with 15 different incredible images that can be played by 2-4 players. A fast paced deck building game,Games,Tabletop Games,NC,2023-08-19,2023-09-28,4000,2486,62,33,FALSE,FALSE,FALSE,FALSE,https://www.kickstarter.com/projects/afairyfieldguide/disciples-of-cthulhu-the-card-game
595367947,Bladegrip,Andrew Lonon,Get a better grip on 6 inch craft sticks & take your painting to the next level.,Games,Tabletop Games,NC,2023-08-05,2023-08-31,500,231,46,19,FALSE,FALSE,FALSE,FALSE,https://www.kickstarter.com/projects/rillworks/bladegrip
1626584500,Adventurer Conqueror King System Imperial Imprint (ACKS II),Autarch,"Welcome to the new edition of the bestselling fantasy role-playing game (RPG). Adventure, conquer, and reign. Crowdfunding now!",Games,Tabletop Games,NC,2023-10-24,2023-11-23,50000,333010,666,1972,TRUE,TRUE,TRUE,FALSE,https://www.kickstarter.com/projects/autarch/adventurer-conqueror-king-system-imperial-imprint-acks-ii
1129893080,Make 100: Fantasy RPG Scentsory Aids,Heather Jones,"Immerse yourself with these game-enhancing soaps, candles, and sprays.",Games,Tabletop Games,NC,2023-01-09,2023-02-08,200,723,362,11,TRUE,TRUE,TRUE,FALSE,https://www.kickstarter.com/projects/heatherj/make-100-fantasy-rpg-scentsory-aids
865361629,Common Critters® the Card Game (Canceled),Erik Day,A modular-collectible-combinable-educational TRICK-TAKING card game challenging players knowledge of animals specific to ecoregions.,Games,Playing Cards,NC,2025-09-02,2025-10-07,12000,371,3,5,FALSE,FALSE,FALSE,FALSE,https://www.kickstarter.com/projects/newanglegames/common-critters-the-card-game
1546666440,Shadow / Giant 2e (Canceled),psychhound,A jaded guardian & magical child two-player episodic TTRPG,Games,Tabletop Games,NC,2025-09-09,2025-09-30,2000,753,38,29,FALSE,FALSE,FALSE,FALSE,https://www.kickstarter.com/projects/psychhound/shadow-giant-2e
172926044,One Hacker Band's Debut Album,One Hacker Band,"1HB, a band of hacked robot instruments, is releasing its debut album, """"""""Barely Wired"""""""". And I want you to be a part of it!",Music,NA,NC,2023-06-27,2023-07-27,5500,3726,68,65,FALSE,FALSE,FALSE,TRUE,https://www.kickstarter.com/projects/onehackerband/one-hacker-bands-debut-album
1689273772,RENOWNED (Canceled),Mouthbreathers Guild,"RENOWNED is a multiplayer, monster collecting, deck-building card game.",Games,Tabletop Games,NC,2023-06-13,2023-07-13,30000,3873,13,51,FALSE,FALSE,FALSE,FALSE,https://www.kickstarter.com/projects/renownedthegame/renowned
164404176,Forgotten Hymns TTRPG,Timeless Architect,A Template-Based TTRPG,Games,Tabletop Games,NC,2023-11-02,2024-01-01,1400,41,3,3,FALSE,FALSE,FALSE,FALSE,https://www.kickstarter.com/projects/tattrpg/forgotten-hymns-ttrpg
564192097,To the Moon and Back.....and other stuff - A Tarot Deck (Canceled),Erin Rabideau,"Fantasy style Tarot Deck with the Mushy stuff, but in a whimsical way. Celebrating love of all the thingamabobs in your life.",Games,Playing Cards,NC,2023-11-18,2023-12-18,6900,166,2,3,FALSE,FALSE,FALSE,FALSE,https://www.kickstarter.com/projects/ruyamira/to-the-moon-and-backand-other-stuff-a-tarot-deck
24809923,Obsidian Gods,Caleb,A card game where your creatures are your resource. With cards based on in the universe of Caleb D. Walker's novels & other stories.,Games,Playing Cards,NC,2025-12-14,2026-02-12,3000,48,2,2,FALSE,FALSE,FALSE,FALSE,https://www.kickstarter.com/projects/cwpublishing/obsidian-gods
1099803304,Codex of Chance: Random Encounter Overhaul for D&D 5E (Canceled),Logan Miller,"A Dungeons & Dragons project that overhauls random encounters for 3,000+ creatures with Terrain Guides, Survival Mechanics, & more",Games,Tabletop Games,NC,2024-06-23,2024-07-23,3000,683,23,29,FALSE,FALSE,FALSE,FALSE,https://www.kickstarter.com/projects/823632379/codex-of-chance-random-encounter-overhaul-for-dandd-5e
306564232,Rambo Ranch,Geoff,Just Look Out For The Feral Kitten!,Games,Playing Cards,NC,2026-01-10,2026-02-09,5000,58,1,2,FALSE,FALSE,FALSE,FALSE,https://www.kickstarter.com/projects/geoffkern/rambo-ranch
1395072297,Molten Makerspace: Ignite Creative Community,Molten Makerspace,"Fueling a space where creativity, connection, and community thrive.",Games,NA,NC,2026-02-24,2026-04-10,70000,434,1,5,FALSE,FALSE,FALSE,FALSE,https://www.kickstarter.com/projects/953052905/molten-makerspace-ignite-creative-community
281156286,Sacramancer - Dark Fantasy Lightweight Strategy Board Game (Canceled),Doug Hoppes,Easy-to-learn strategy board for 1 - 5 players where you capture citadels using spells and monsters. All art is Original (NOT A.I.),Games,Tabletop Games,NC,2024-04-16,2024-05-16,5600,3241,58,41,FALSE,FALSE,FALSE,FALSE,https://www.kickstarter.com/projects/shadowmyths/sacramancer-dark-fantasy-board-game-for-1-to-5-players
518688302,The Black Zodiac Tarot Deck,Mothman Press,An updated and revised version of the dark and beautiful tarot deck designed by Brandon Yowell,Games,Playing Cards,NC,2025-08-01,2025-08-31,3000,2068,69,29,FALSE,FALSE,FALSE,FALSE,https://www.kickstarter.com/projects/theblackzodiactarot/the-black-zodiac-tarot-deck
1150600923,No Rizz?,Rizzlers Inc,The Game To Test If You've Got Game,Games,Playing Cards,NC,2024-08-12,2024-10-11,6000,2900,48,25,FALSE,FALSE,FALSE,FALSE,https://www.kickstarter.com/projects/norizz/no-rizz
241659556,"Imminent Peril - Imagine, Improvise, Survive! (Canceled)",Crit Harder,Compete to escape deadly situations using special abilities and your imaginations!,Games,Tabletop Games,NC,2025-05-02,2025-07-01,10000,9008,90,144,FALSE,FALSE,FALSE,FALSE,https://www.kickstarter.com/projects/critharder/imminent-peril
2088711788,Elections The Card Game - Original Edition 2024 (Canceled),Kamil Jaworowski,"A Card Game (and it has its own SOUNDTRACK!)for people who love to play it dirty, and sometimes, betray their friends.",Games,Tabletop Games,NC,2024-07-24,2024-08-23,10000,2641,26,38,FALSE,FALSE,FALSE,FALSE,https://www.kickstarter.com/projects/kamilj/elections-the-card-game-original-edition-2024
1951268023,10 Hits Sports Trivia Card Game (Canceled),Scott Lazev,"375 Sports Trivia Question Cards in 7 different categories with each Question having 10 possible """"""""hit answers"""""""" for players to guess",Games,Playing Cards,NC,2025-07-31,2025-08-30,5000,0,0,0,FALSE,FALSE,FALSE,FALSE,https://www.kickstarter.com/projects/1430749165/10-hits-sports-trivia-card-game
1742461060,Slab Labs Inc: LED Trading Card Displays (Canceled),Zachary Cline,Fully customizable LED graded card mounts for your favorite TCG. Give your cards the attention they deserve.,Games,Playing Cards,NC,2026-01-14,2026-03-15,10000,0,0,0,FALSE,FALSE,FALSE,FALSE,https://www.kickstarter.com/projects/shiningslabs/slab-labs-inc-led-trading-card-displays
255918647,Dragon Tricks,Good Idea Games,Collect magic items and use them to hatch dragon eggs in this unique and fast-paced trick-taking game for all ages.,Games,Tabletop Games,NC,2025-02-01,2025-03-03,4500,5023,112,72,TRUE,TRUE,TRUE,FALSE,https://www.kickstarter.com/projects/goodideagames/dragon-tricks
1159642472,Battle Host,Maxx Mayhm Games,"A battle royale card game for 2 - 10 players, winner takes all. Utilize your special ability with uniquely illustrated playing cards.",Games,Playing Cards,NC,2025-05-26,2025-06-25,5000,2295,46,45,FALSE,FALSE,FALSE,FALSE,https://www.kickstarter.com/projects/maxxmayhm/battle-host
703186761,Life's A Pitch,John,Pitchin’ Ain’t Easy – donate to us and let’s see where the game takes us!,Games,Playing Cards,NC,2024-10-06,2024-12-05,8000,463,6,9,FALSE,FALSE,FALSE,FALSE,https://www.kickstarter.com/projects/1949737574/lifes-a-pitch-1
1541141363,"""""""""Artnarok Elements TCG"""""""" (Canceled)",Fabrizio Vasquez,"Artnarok Elements is a customizable and strategic card game, with a great collection of spells and avatars. The Artnarok awaits you!",Games,Tabletop Games,NC,2023-09-16,2023-11-15,16000,363,2,9,FALSE,FALSE,FALSE,FALSE,https://www.kickstarter.com/projects/artnarok/artnarok-elements-tcg
136828739,Crimson Woods (Canceled),Red Clover Games,A Semi Cooperative Horror Survival Board Game with a 36 tile modular board. Will you escape before the Killer gets you? Run!,Games,NA,NC,2023-11-14,2023-12-14,10000,80,1,2,FALSE,FALSE,FALSE,FALSE,https://www.kickstarter.com/projects/redclovergames/crimson-woods-1
189996762,Space is Unforgiving (and so is this game),Dan Aitken (Katastrophy Games),"A cooperative, space-themed survival adventure, where your chances depend on your ability to provide for your ship and crew!",Games,Tabletop Games,NC,2024-01-17,2024-02-16,8800,1745,20,20,FALSE,FALSE,FALSE,FALSE,https://www.kickstarter.com/projects/spaceisunforgiving/space-is-unforgiving-and-so-is-this-game
1663290961,Gaia Cards: Season One,Gaia Cards TCG,A competitive wildlife card game. Build your own ecological pyramid with your favorite plants and animals.,Games,Tabletop Games,NC,2024-11-26,2024-12-26,1500,754,50,10,FALSE,FALSE,FALSE,FALSE,https://www.kickstarter.com/projects/gaiacardstcg/gaia-cards-season-one
1643193756,The Forest Suit by Gaia Cards TCG,Gaia Cards TCG,A Trading Card Game based on wildlife and building your own ecosystem.,Games,Tabletop Games,NC,2024-03-26,2024-05-25,26000,1480,6,23,FALSE,FALSE,FALSE,FALSE,https://www.kickstarter.com/projects/gaiacardstcg/the-forest-suite-by-gaia-cards-tcg
249652755,Marketplace Madness Adult Party Game (Canceled),Marketplace Madness,Party game with endless opportunities and boundless chaos.,Games,Tabletop Games,NC,2023-10-28,2023-11-30,2828,274,10,10,FALSE,FALSE,FALSE,FALSE,https://www.kickstarter.com/projects/marketplacemadness/marketplace-madness
370080675,The Real Estate Game: GRIT OUT,Zach Pittman,"This generation’s real estate board game featuring real-world risks, strategic deals, & a high-stakes race to claim a luxurious mansion",Games,Tabletop Games,NC,2025-04-06,2025-06-05,5000,126,3,9,FALSE,FALSE,FALSE,FALSE,https://www.kickstarter.com/projects/zachfpitt/the-real-estate-game-grit-out
743037931,StarForged Menagerie - a Tarot Deck,Erin Rabideau,a Victorian Steampunk Circus Tarot Deck: featuring mythological creatures and fantastical humanoids.,Games,Playing Cards,NC,2025-11-03,2025-12-03,5000,1106,22,21,FALSE,FALSE,FALSE,FALSE,https://www.kickstarter.com/projects/ruyamira/starforged-menagerie-a-tarot-deck
174272570,Interactive Collectible Cards: Unleash the Magic of GIFs!,Kuggs,Animated Cards Featuring Dragons and Mythical Beings for All Ages,Games,Playing Cards,NC,2025-01-25,2025-02-24,14300,153,1,1,FALSE,FALSE,FALSE,FALSE,https://www.kickstarter.com/projects/kuggs/interactive-collectible-cards-unleash-the-magic-of-gifs
1292896149,Walking With Jesus Board Game,Live Oak Board Games,Walk along Jesus's footsteps and learn about Jesus's life.,Games,Tabletop Games,NC,2024-01-22,2024-03-22,7000,748,11,18,FALSE,FALSE,FALSE,FALSE,https://www.kickstarter.com/projects/walkingwithjesus/walking-with-jesus-board-game
414454328,Ragnarok Reborn: Roll For Knowlege (Canceled),Odinn,Teaching people how to play TTRPG's with a personal touch.,Games,Tabletop Games,NC,2024-12-26,2025-01-25,1000,0,0,0,FALSE,FALSE,FALSE,FALSE,https://www.kickstarter.com/projects/rollforknowledge/ragnarok-reborn-roll-for-knowlege
1039057123,DX MONSTERS TCG,Levelup Lemon,RETURN OF LEGENDS,Games,Tabletop Games,NC,2024-06-01,2024-07-01,8000,1388,17,15,FALSE,FALSE,FALSE,FALSE,https://www.kickstarter.com/projects/leveluplemon/dx-monsters-tcg-0
565746749,Rambo Kittens (Canceled),Jennifer Kern,"A card game for people who are into Kittens, Bows, Arrows, Laser Swords, and even a Ballistic Missile",Games,Playing Cards,NC,2025-01-01,2025-01-31,10000,154,2,4,FALSE,FALSE,FALSE,FALSE,https://www.kickstarter.com/projects/jenkern/rambo-kittens
258455134,Elemental Conquest: The Ronin Saga Dice Game (Canceled),Shindig Entertainment,Get your hands on a piece of Matt Wolf's Ronin Saga! This custom designed game features a unique rule set and artisan designed dice,Games,Tabletop Games,NC,2024-12-18,2025-01-15,5000,2820,56,24,FALSE,FALSE,FALSE,FALSE,https://www.kickstarter.com/projects/shindigentertainment/elemental-conquest-the-ronin-saga-dice-game
958810050,Debut novel- Sword of the Voivode by T. G. Joye,Author T.G. Joye,"An adventure fantasy novel about a transman confronting his past, falling in love, and saving his homeland.",Publishing,Fiction,NC,2024-01-29,2024-03-01,1500,693,46,29,FALSE,FALSE,FALSE,FALSE,https://www.kickstarter.com/projects/authortgjoye/debut-novel-sword-of-the-voivode-by-t-g-joye
1588259209,Shadows of Paradise: An Environmental Thriller,Jon Crane,A gripping story of justice and survival set against the stunning backdrop of Hawaii.,Publishing,Fiction,NC,2024-09-12,2024-10-12,20000,0,0,0,FALSE,FALSE,FALSE,FALSE,https://www.kickstarter.com/projects/shadowsofparadise/shadows-of-paradise-an-environmental-thriller
192366126,Dragon Rider's Creed,Salem Nightshade,Book two of the DragonScale Chronicles.,Publishing,Fiction,NC,2025-11-28,2025-12-28,400,192,48,3,FALSE,FALSE,FALSE,FALSE,https://www.kickstarter.com/projects/dragonsanctuary/dragon-riders-creed
1820981646,Ashes of the Assembly,kcoder12,"A dystopian philosophical novel exploring the concept of truth, suffering, love and humanity.",Publishing,Fiction,NC,2025-02-11,2025-03-13,1500,1,0,1,FALSE,FALSE,FALSE,FALSE,https://www.kickstarter.com/projects/kylecoder12/ashes-of-the-assembly
1668398473,My Family Tree: A Personalized PhotoStory Book,Sue Donhym,"Part photo album, part storybook, it's a keepsake for generations and a gift for the whole family.",Publishing,NA,NC,2023-09-04,2023-11-03,4000,51,1,2,FALSE,FALSE,FALSE,FALSE,https://www.kickstarter.com/projects/manimaltales/my-family-tree-a-personalized-photostory-book
1959754484,Help me record a CD of my own dang songs!,Ol' Teeyum (Tim Smith),"Your assistance will help me do this right, supporting studio time and making it possible to bring in professional musicians.",Music,NA,NC,2023-01-08,2023-02-07,1500,3375,225,62,TRUE,TRUE,TRUE,FALSE,https://www.kickstarter.com/projects/teeyum/help-me-record-a-cd-of-my-own-dang-songs
1725533779,A place artist can call home,Ashley Blaire,"A place where creatives can perform, grab a drink, network and call home",Music,NA,NC,2025-10-09,2025-12-08,50000,1,0,1,FALSE,FALSE,FALSE,FALSE,https://www.kickstarter.com/projects/557591648/a-place-artist-can-call-home
1643571322,Music In The Air by Neville’s Quarter,Neville’s Quarter,Creating an album of Neville’s Quarter tunes featuring our good friends Bryan O’Kelley Cox and Tuck Satterfield.,Music,NA,NC,2023-03-13,2023-05-05,1000,2737,274,32,TRUE,TRUE,TRUE,FALSE,https://www.kickstarter.com/projects/nevillesquarter/music-in-the-air-by-nevilles-quarter
139578305,Anthem Music And Vintage,Shawn Galbraith,A retail music establishment and performance space dedicated to the creation of unique sonic experiences for all who dare to enter.,Music,NA,NC,2023-04-04,2023-05-04,15000,16183,108,53,TRUE,TRUE,TRUE,FALSE,https://www.kickstarter.com/projects/shawngalbraith/anthem-music-and-vintage
486996710,JOE MEDWICK'S ALL MY FRIENDS ALBUM,joe medwick,"Joe Medwick's new album will feature members of The LEVON HELM BAND, THE BRUCE HORNSBY BAND, THE LUCINDA WILLIAMS BAND, & MANY more!",Music,NA,NC,2023-07-03,2023-08-02,7500,7726,103,36,TRUE,TRUE,TRUE,FALSE,https://www.kickstarter.com/projects/1412554289/joe-medwicks-all-my-friends-album
846796954,Ocean Isle Documentary: A Journey Through Time and Tide. (Canceled),OIB Kahuna,"Stories of the origin, evolving culture and the legacy of Ocean Isle Beach.",Film & Video,Documentary,NC,2024-07-19,2024-08-18,40000,4425,11,32,FALSE,FALSE,FALSE,FALSE,https://www.kickstarter.com/projects/oibkahuna/ocean-isle-documentary-a-journey-through-time-and-tide
1843526606,Dewey's 100th Birthday,Daniel Ullom,A recording session and short film celebrating a mandolin's 100th birthday,Music,Country & Folk,NC,2024-01-29,2024-02-28,5000,5251,105,95,TRUE,TRUE,TRUE,TRUE,https://www.kickstarter.com/projects/deweys100thbirthday/deweys-100th-birthday
566331720,Resilient: From Homeless to Dr. (Movie and Movement),Dr. Tommy Watson,"Feature film: boy growing up homeless to parents who were arrested 121 times with aspirations of the NFL, becomes Dr. Tommy Watson.",Film & Video,Drama,NC,2025-02-27,2025-03-29,3000,7430,248,63,TRUE,TRUE,TRUE,FALSE,https://www.kickstarter.com/projects/drtommyresilient/resilient-from-homeless-to-dr-movie-and-movement
675743285,The Wholehearted Journey - The Movie,Joel,A successful man’s life is interrupted by the desperate cry of the child from his past.,Film & Video,Movie Theaters,NC,2024-11-07,2025-01-02,100000,20623,21,54,FALSE,FALSE,FALSE,FALSE,https://www.kickstarter.com/projects/wholehearted/the-wholehearted-journey-the-film
199710073,Big Brain; Let's Bring Charlotte Art to Global Screens (Canceled),Big Brain,Big Brain is a fictional afrosurrealist scripted series exploring the weight of consciousness navigating the Charlotte art world.,Film & Video,Television,NC,2025-06-11,2025-08-10,25000,0,0,0,FALSE,FALSE,FALSE,FALSE,https://www.kickstarter.com/projects/bigbraintheseries/big-brain-lets-bring-charlotte-art-to-global-screens
1330204709,Hallov: A New Studio Album & Live Experience,Michael Anderson,"Michael Anderson’s fully orchestrated piano and vocal masterpiece, brought to life with dance and cinematic visuals.",Music,Classical Music,NC,2025-10-01,2025-10-31,10500,13310,127,64,TRUE,TRUE,TRUE,TRUE,https://www.kickstarter.com/projects/michaelanderson/hallov
2009685360,Help on making this dream,Donella Galinis,Let help us grow this amazing and beautiful career of mine,Film & Video,Documentary,NC,2025-07-04,2025-08-03,5000,28,1,2,FALSE,FALSE,FALSE,FALSE,https://www.kickstarter.com/projects/donella/help-on-making-this-dream
195353400,Sukien,Skeeall,A Story-based Rythm Game,Games,Video Games,NC,2025-02-10,2025-03-12,500,115,23,4,FALSE,FALSE,FALSE,FALSE,https://www.kickstarter.com/projects/skeeall/sukien
841087851,Quiet are the Birds | Short Film,T Farias,A Neo-Western short film by a passionate and talented team of UNC Chapel Hill students.,Film & Video,Drama,NC,2024-04-30,2024-06-29,500,861,172,8,TRUE,TRUE,TRUE,FALSE,https://www.kickstarter.com/projects/cassiankraus/quiet-are-the-birds-short-film
1785431764,Founding Fathers,Keenan Schlecht,The Law based Drinking Card Game,Games,Playing Cards,NC,2024-07-29,2024-08-28,10000,0,0,0,FALSE,FALSE,FALSE,FALSE,https://www.kickstarter.com/projects/743639592/founding-fathers
1303989155,Bring the Vibrant Flavors of Trinidad & Tobago to Greensboro,Kemba Charles-Sylvester,Support Authentic Trinidadian Vegan Street Food: Join Us on Our Food Truck Journey!,Food,Vegan,NC,2025-01-16,2025-02-15,5000,340,7,4,FALSE,FALSE,FALSE,FALSE,https://www.kickstarter.com/projects/tdnt/bring-the-vibrant-flavors-of-trinidad-and-tobago-to-greensboro
977455072,1313 AUTRYVILLE,Tanya Jacobson,“A Promise Made. A Secret Kept. A Debt Returned.” — an indie horror film in the making.”,Film & Video,Horror,NC,2025-10-01,2025-11-01,25000,55,0,4,FALSE,FALSE,FALSE,FALSE,https://www.kickstarter.com/projects/tonicfilms/1313-autryville
1631704082,Help us grow our farm.,Victoria Baston,Help us grow our first generation family farm!,Food,Farms,NC,2023-02-18,2023-04-13,5000,831,17,9,FALSE,FALSE,FALSE,FALSE,https://www.kickstarter.com/projects/thewanderinghen/help-us-grow-our-farm
803089749,Join the Sweetness Revolution – Back Geko’s Ice Cream,Kellie Figueroa,"Help Us Bring Soft Serve, Scoop, and Novelty Ice Cream to Fayetteville, NC - Bringing back the Neighborhood Ice Cream Truck!",Food,Food Trucks,NC,2025-02-04,2025-03-06,40000,50,0,1,FALSE,FALSE,FALSE,FALSE,https://www.kickstarter.com/projects/kelliefigueroa/join-the-sweetness-revolution-back-gekos-ice-cream
518419820,Grazed Snax: A pastured based snack line.,Grass Grazed,"We are regenerative farmers launching a snack line. Starting with an original pork stick made from 100% pasture-raised pork,sugar free.",Food,Farms,NC,2023-06-02,2023-06-24,29000,10199,35,119,FALSE,FALSE,FALSE,TRUE,https://www.kickstarter.com/projects/grazedsnax/grazed-snax-a-pastured-pork-meat-stick
1362274217,Little Flower: NC's First Exclusive Matcha & Flower Bar,Mariana Vazquez,"Bringing authentic high quality matcha and blooms to China Grove, NC. Let's open our doors together.",Food,Drinks,NC,2026-02-23,2026-04-01,35000,1401,4,28,FALSE,FALSE,FALSE,TRUE,https://www.kickstarter.com/projects/littleflowermatcha/little-flower-ncs-first-exclusive-matcha-and-flower-bar
1587222861,Miner's Mountain Part 2,Bennett Pellington,"Following the highly acclaimed Miner's Mountain, dive deeper into the mystery as horrors both human and otherworldly collide.",Film & Video,Horror,NC,2025-07-09,2025-09-07,16000,3081,19,35,FALSE,FALSE,FALSE,FALSE,https://www.kickstarter.com/projects/minersmountain2/miners-mountain-part-2
429720710,Twisted Roots : Gripping Short Film About A Deep Dark Secret,Brandon Turner,"""""""""Sometimes not knowing the truth is best""""""""",Film & Video,Thrillers,NC,2025-01-11,2025-03-02,20000,278,1,2,FALSE,FALSE,FALSE,FALSE,https://www.kickstarter.com/projects/brandonturner/twisted-roots-gripping-short-film-about-a-deep-dark-secret
1068520964,MITH,David Perez,Luke returns to his home town to get to the bottom of his sister's mysterious death.,Film & Video,Thrillers,NC,2025-12-20,2026-01-26,3000,120,4,4,FALSE,FALSE,FALSE,FALSE,https://www.kickstarter.com/projects/mith86thestudio/mith
1236472676,HydraMate Pro,Joshua vaughan,"A smart, self-cleaning water bottle with built in UV sterilization, temperature control, and hydration tracking.",Food,Drinks,NC,2025-09-05,2025-11-04,20000,1,0,1,FALSE,FALSE,FALSE,FALSE,https://www.kickstarter.com/projects/hydramatecleanwater/hydramate-pro
231872656,Saving a County: One Experience at a Time,Casey Walker,A community driven startup looking to change the culture for the inner city!,Food,Events,NC,2023-08-23,2023-10-22,40000,92,0,5,FALSE,FALSE,FALSE,FALSE,https://www.kickstarter.com/projects/savingacounty/saving-a-county-one-experience-at-a-time
1563992230,SlaDo Coffee Company: Something Bold is Brewing,Jeff and Shanna Warner,"In a world where every sip matters, our ethically-sourced coffee energizes the socially conscious and performance-driven.",Food,Drinks,NC,2025-03-13,2025-03-31,1000,310,31,3,FALSE,FALSE,FALSE,FALSE,https://www.kickstarter.com/projects/sdcoffeeco/slado-coffee-company-something-bold-is-brewing
1483992307,Hatch Burritos,Hatch Burritos,Help us build our forever home and a taste of New Mexico in Durham!,Food,Restaurants,NC,2025-10-01,2025-11-01,20000,23101,116,260,TRUE,TRUE,TRUE,TRUE,https://www.kickstarter.com/projects/hatchbreakfastnc/hatch-burritos
427756501,Smile for the Dead - A Film on Spirit Photography,Hamilton Ward,A documentary film that examines the ghost photographs of William H. Mumler,Film & Video,Documentary,NC,2023-07-09,2023-08-07,4500,4500,100,37,TRUE,FALSE,TRUE,FALSE,https://www.kickstarter.com/projects/727359253/smile-for-the-dead-a-film-on-spirit-photography
759779376,Shoot Again: the Resurgence of Pinball,Lorien Green,A documentary on the confluence of modern tech and classic gaming.,Film & Video,Documentary,NC,2023-03-06,2023-04-05,20000,15476,77,82,FALSE,FALSE,FALSE,FALSE,https://www.kickstarter.com/projects/LorienGreen/shoot-again-the-resurgence-of-pinball
2058473686,"""""""""I'm Here If You Want To Talk"""""""" short film",Diane Harris,A short film about loss of a parent. Drama/family (faith adjacent) genre with a multi-award winning actress and producer.,Film & Video,Shorts,NC,2026-03-10,2026-04-09,500,917,183,14,TRUE,TRUE,TRUE,FALSE,https://www.kickstarter.com/projects/483298556/im-here-if-you-want-to-talk-short-film
1905397703,To Be Invisible: Impact Campaign,Myah Overstreet,We are an indie group of Black filmmakers fundraising for an impact campaign that sheds light on unjust foster care systems.,Film & Video,Documentary,NC,2024-02-05,2024-03-06,20000,13267,66,50,FALSE,FALSE,FALSE,TRUE,https://www.kickstarter.com/projects/tobeinvisible/to-be-invisible-impact-campaign
1346354201,"""""""""good-man""""""""",JM Salamone,"Set in suburban America, Henry Goodman fights to liberate his own mind and overcome his father’s small town ideas of being a good man.",Film & Video,Drama,NC,2025-02-25,2025-04-18,5500,6340,115,31,TRUE,TRUE,TRUE,FALSE,https://www.kickstarter.com/projects/good-man/good-man-0
118573905,Project: Mental Health (Canceled),Nicholas Stroud,"A look at art and creativity in an age of mental health and the battles we all fight privately, told through the lens creative people",Film & Video,Documentary,NC,2025-09-30,2025-11-29,25000,960,4,12,FALSE,FALSE,FALSE,FALSE,https://www.kickstarter.com/projects/nocattle/a-musicians-journey-through-mental-illness
989462483,A Soldier’s Descent — Psychological Horror Slasher,Andrew Pierson,Some horrors don’t stay on the battlefield—they follow you home. $3K STRETCH GOAL.,Film & Video,Horror,NC,2026-03-15,2026-04-14,2500,2719,109,16,TRUE,TRUE,TRUE,FALSE,https://www.kickstarter.com/projects/andrewpierson/a-soldiers-descent-psychological-horror-slasher
1108794942,TeeBee Adventures,Tavarius Felton,Teebee Adventures is a children’s book/animated show that will highlight mental health. Teebee loves nature and exploring.,Publishing,Children's Books,NC,2023-07-30,2023-09-28,10000,346,3,7,FALSE,FALSE,FALSE,FALSE,https://www.kickstarter.com/projects/helpteebee/teebee-adventures
561875925,"LUXURA, CAVEWOMAN & PRYMAL: JUNGLE BOOGIE V01",Kirk Lindo,"A 32 Page FULL COLOR COMIC Featuring Kirk Lindo's VAMPRESS LUXURA, Eric Nelson's PRYMAL and Budd Root's CAVEWOMAN!",Comics,Comic Books,NC,2025-01-17,2025-02-01,1000,14508,1451,265,TRUE,TRUE,TRUE,FALSE,https://www.kickstarter.com/projects/kirklindo/luxura-cavewoman-and-prymal-jungle-boogie-v01
1832599782,Together For The View: Join us in building WNC's Drive-In,Rex Willis Owner & Operator & Founder,Creating memories one frame and festival at a time. Transforming Morganton and WNC into a vibrant destination!,Film & Video,Movie Theaters,NC,2025-03-01,2025-04-01,100000,1887,2,25,FALSE,FALSE,FALSE,FALSE,https://www.kickstarter.com/projects/theviewmorganton/together-for-the-view-join-us-in-building-wncs-drive-in
221948423,GuideDance,Hillary Honig Ensminger,"""""""""GuideDance"""""""" is the second film in the series, As I See It, created to share my experience as an artist and performer with vision loss.",Film & Video,Experimental,NC,2026-03-08,2026-05-07,3500,0,0,0,FALSE,FALSE,FALSE,FALSE,https://www.kickstarter.com/projects/1752373853/guidedance
766824710,Theoterra Empire: Chronicles Video (Canceled),Neythan Pacheco,Help me start an introduction fighting animation video for each group character shown in the video.,Film & Video,Animation,NC,2024-10-08,2024-12-07,6200,50,1,1,FALSE,FALSE,FALSE,FALSE,https://www.kickstarter.com/projects/righthandoftheking/theoterra-empire-chronicles-video
879320390,HOOD RATZ TV SHOW (Canceled),G Miller,"A Throwback to 2000s hip-hop culture teenage rats battling rival cats through music and martial arts! Comedy, Action and adventure...",Film & Video,Animation,NC,2025-07-30,2025-08-29,10000,10,0,1,FALSE,FALSE,FALSE,FALSE,https://www.kickstarter.com/projects/hoodratz/hood-ratz
1903011288,"""""""""Kumusta Baby""""""""-Animated Filipino/American Family Film (Canceled)",Melissa Leslie-Quinones,"""""""""Kumusta Baby"""""""" is a heart-warming bilingual animation of a Filipino/American family that goes to the beach for baby's first time.",Film & Video,Animation,NC,2023-10-02,2023-12-01,58000,191,0,4,FALSE,FALSE,FALSE,TRUE,https://www.kickstarter.com/projects/tagalog/kumusta-baby-animated-filipino-american-family-film
177841519,La Bota: Dancing Beyond Borders,Stephenie Cunningham,A documentary short exploring movement as identity through the culture of Mexican regional music in a rodeo.,Film & Video,Documentary,NC,2026-03-23,2026-04-16,800,2,0,1,FALSE,FALSE,FALSE,FALSE,https://www.kickstarter.com/projects/stephwrites2/la-bota-dancing-beyond-borders
469437971,"""""""""Main Character"""""""" Art Workshop for Young Artists",Elliot Reed,teaching art and self-publishing to autistic / ADHD teens in Asheville,Art,Mixed Media,NC,2026-01-10,2026-01-24,1500,2092,139,20,TRUE,TRUE,TRUE,FALSE,https://www.kickstarter.com/projects/main-character/main-character-art-workshop-for-young-artists
536366585,AbhaganTM - The UnfortunateTM,New Dawn New Me Foundation,Battered Woman Syndrome is Real,Film & Video,Movie Theaters,NC,2025-02-10,2025-03-14,100000,218,0,10,FALSE,FALSE,FALSE,FALSE,https://www.kickstarter.com/projects/unfortunate/abhagan-the-unfortunate
446188437,Running on Empty (Working Title),Derrick M Brown,A feature length documentary on fasting. We will not only explore the science and diet aspects but also the spirit and the mind.,Film & Video,Documentary,NC,2024-10-03,2024-12-02,6000,0,0,0,FALSE,FALSE,FALSE,FALSE,https://www.kickstarter.com/projects/derrickmbrown/running-on-empty-working-title
534851707,G%NE: A Short Film by AFM,Axel F. Martinez,"A man meets an old friend who asks for an unexpected favor. It's mostly about mortality and loyalty, both of which are being tested.",Film & Video,Drama,NC,2024-05-20,2024-07-19,7200,211,3,4,FALSE,FALSE,FALSE,FALSE,https://www.kickstarter.com/projects/afmpictures/gne-a-short-film-by-afm
1028265523,Anastasis: A Story of Horrific Rebirth,Ethan Stewart,"This is a new take on the classic Frankenstein story, adapted for the modern age.",Film & Video,Horror,NC,2024-09-25,2024-11-12,2000,2051,103,31,TRUE,TRUE,TRUE,FALSE,https://www.kickstarter.com/projects/2140337314/anastasis-a-horrific-rebirth
847725551,Coward Culture - Anti Bullying Film (Canceled),Tamika Melvin,Two Troubled teen girls learn a valuable lesson of consequences when bullying another girl about her appearance.,Film & Video,Shorts,NC,2024-04-23,2024-05-25,5000,31,1,2,FALSE,FALSE,FALSE,FALSE,https://www.kickstarter.com/projects/450896409/coward-culture-anti-bullying-film
2050291410,Kindred Spirits: A Short Film,Ellie Cruz,Fall in love with a life you never knew.,Film & Video,Shorts,NC,2024-10-16,2024-12-01,1500,526,35,9,FALSE,FALSE,FALSE,FALSE,https://www.kickstarter.com/projects/ecruzvisuals/kindred-spirits-a-short-film
1993329165,Ari By The Sea,Leo Finelli,A new short film for kids and families.,Film & Video,Shorts,NC,2023-01-04,2023-03-05,3800,3457,91,25,FALSE,FALSE,FALSE,FALSE,https://www.kickstarter.com/projects/leofinelli/ari-by-the-sea-0
1028097912,Sentient & Vigilant: Sci-fi RPG Cinematic Trailer,Nathanael A Malley,The cinematic film that connects the player to the universe of Sentient & Vigilant. Adding a depth and immersion beyond the standard.,Games,Video Games,NC,2025-07-18,2025-08-17,27500,150,1,2,FALSE,FALSE,FALSE,FALSE,https://www.kickstarter.com/projects/axemalley/sentient-and-vigilant-sci-fi-rpg-cinematic-trailer
1957186367,Flavor You Can’t Forget: The Sauce & Seasoning Kickstarter,Hashish Inc,"Pure ingredients. Big flavor. Built for home cooks, chefs, and food lovers alike.",Food,Small Batch,NC,2025-07-01,2025-08-01,4999,10,0,1,FALSE,FALSE,FALSE,FALSE,https://www.kickstarter.com/projects/hashishinc/flavor-you-cant-forget-the-sauce-and-seasoning-kickstarter
2111751064,Run Of The Mill Neighborhood Restaurant - Rocky Mount NC,Patrick Mann,"Situated in a historic neighborhood, bringing great food to the local community; invoking nostalgia of times past.",Food,Restaurants,NC,2023-01-31,2023-03-02,22000,1,0,1,FALSE,FALSE,FALSE,FALSE,https://www.kickstarter.com/projects/runofthemill/neighborhood-restuarant
1160808184,Arcade Animals,Scott Leftwich,Arcade Animals is a game show competition featuring classic arcade games from the 1980's.,Film & Video,Webseries,NC,2023-10-17,2023-12-16,10000,10065,101,53,TRUE,TRUE,TRUE,TRUE,https://www.kickstarter.com/projects/arcadeanimals/arcade-animals
1650185007,"Bigfoot Books & Brews in downtown Marion, NC",Stephen Knight,"Help a father-daughter duo bring a true """"""""third place"""""""" to a beautiful mountain town & surrounding community in western North Carolina",Publishing,Literary Spaces,NC,2025-05-28,2025-07-21,5000,6131,123,119,TRUE,TRUE,TRUE,TRUE,https://www.kickstarter.com/projects/knightopia/bigfoot-books-and-brews-in-downtown-marion-nc
61147984,POPS,Trent Holmes,A Father's Story,Film & Video,Shorts,NC,2024-03-20,2024-05-19,6000,1,0,1,FALSE,FALSE,FALSE,FALSE,https://www.kickstarter.com/projects/1247629919/pops
541185453,Bold Batch Creamery is Building a Shop!,Maura McCarthy,"After 5 amazing years of small batch ice cream, we need your help to create the scoop shop of our dreams.",Food,Small Batch,NC,2025-10-16,2025-11-15,50000,16281,33,86,FALSE,FALSE,FALSE,TRUE,https://www.kickstarter.com/projects/boldbatchcreamery/bold-batch-creamery-is-building-a-shop
446762295,Munchyz food truck,Shane lucas,"Bringing Fresh, Flavor-Packed Street Eats to Your Neighborhood – One Bite at a Time!",Food,Food Trucks,NC,2025-06-10,2025-08-08,15000,1,0,1,FALSE,FALSE,FALSE,FALSE,https://www.kickstarter.com/projects/munchyzfoodtruck/munchyz-food-truck
1050270304,Baby J's Hot Sauce,Jordan Blackmon,"Help launch Baby J's! A Hot Honey Garlic Hot Sauce, crafted with fiery passion. Warning: Not for Babies",Food,Small Batch,NC,2025-12-02,2026-01-01,4500,4598,102,39,TRUE,TRUE,TRUE,TRUE,https://www.kickstarter.com/projects/babyjshotsauce/baby-js-hot-sauce
1164790359,King of Clubs Pizzeria and Cocktail Bar,Giovanni Trotta,A family owned Neapolitan style wood-fired pizza and cocktail bar bringing authentic taste of Italy to the community of Jacksonville,Food,Restaurants,NC,2024-05-14,2024-06-13,15000,2748,18,24,FALSE,FALSE,FALSE,TRUE,https://www.kickstarter.com/projects/kingofclubs/king-of-clubs-pizzeria-and-cocktail-bar
1837436675,Lux Mundi (Canceled),Rachael Omane,This pilot presentation is a psychological drama following a group of teens trapped in a religious boarding school with dark secrets.,Film & Video,Drama,NC,2024-10-21,2024-12-20,4000,120,3,3,FALSE,FALSE,FALSE,FALSE,https://www.kickstarter.com/projects/luxmundi/lux-mundi
1644368440,Asheville Dish (Canceled),Holly Brasher,"The TV Show about Rivals, Allies, and Adversaries on the Line",Film & Video,Television,NC,2025-11-21,2025-12-21,4000,300,8,2,FALSE,FALSE,FALSE,FALSE,https://www.kickstarter.com/projects/ashevilledish/asheville-dish
1955868717,Broken Raven: Build the Apocalypse (Canceled),Jermaine Nix,"Join Us in Building a Realistic Post-Apocalyptic World Through Handcrafted Props, Sets and Practical Effects.",Film & Video,Horror,NC,2025-11-21,2025-12-21,5000,105,2,2,FALSE,FALSE,FALSE,FALSE,https://www.kickstarter.com/projects/brokenraven2026/broken-raven-build-the-apocalypse
172245953,The Vigilant (Concept for TV Series),Thomas Gidlow,"Seeking justice for the tragic death of their child, two women take wildly different paths through hell on their road to redemption.",Film & Video,Television,NC,2023-02-14,2023-03-16,10000,2253,23,9,FALSE,FALSE,FALSE,FALSE,https://www.kickstarter.com/projects/skyphire/the-vigilant-concept-for-tv-series
344419759,Sundown in Makawee (Canceled),Dadriene,The nephew of a powerful local figure must settle a conflict between his hometown and a vengeful spirit.,Film & Video,Horror,NC,2026-02-06,2026-03-03,7000,0,0,0,FALSE,FALSE,FALSE,FALSE,https://www.kickstarter.com/projects/bluephoenix/sundown-in-makawee
1650753672,Excerpts of a Filibustered Friendship,Reilly Galloway,Two friends struggle to remain as such amid a radically shifting political landscape.,Film & Video,Shorts,NC,2025-10-31,2025-12-15,2250,2250,100,18,TRUE,FALSE,TRUE,FALSE,https://www.kickstarter.com/projects/gallowayreilly/excerpts-of-a-filibustered-friendship
246791504,Arcade Animals -- Episodes 14 - 17,Scott Leftwich,Arcade Animals is a game show competition featuring classic arcade games from the 1980's.,Film & Video,Webseries,NC,2025-10-08,2025-10-30,4000,4000,100,18,TRUE,FALSE,TRUE,FALSE,https://www.kickstarter.com/projects/arcadeanimals/arcade-animals-episodes-14-17
1638496844,Paper Families and Paper Dolls: An Adoptee Film (Canceled),Rich Clark,"In 'Paper Families and Paper Dolls,' a writer's therapy unearths healing through storytelling, revealing a path to self-acceptance.",Film & Video,Shorts,NC,2023-10-01,2023-10-31,15000,2,0,2,FALSE,FALSE,FALSE,FALSE,https://www.kickstarter.com/projects/rcmediaworks/paper-families-and-paper-dolls-an-adoptee-film
1334087936,Arcade Animals (Season 2) - Episodes 1 - 3,Scott Leftwich,Arcade Animals is a game show competition featuring classic arcade games from the 1980's.,Film & Video,Webseries,NC,2025-04-23,2025-05-23,4000,4200,105,28,TRUE,TRUE,TRUE,FALSE,https://www.kickstarter.com/projects/arcadeanimals/arcade-animals-season-2-episodes-1-3
1199231963,The Macabre of a White Lamb,Emma Kronewitter,"A rookie cop uncovers dark secrets behind murders in a southern town in this gothic short, The Macabre of a White Lamb.",Film & Video,Narrative Film,NC,2025-06-06,2025-07-06,1200,1355,113,18,TRUE,TRUE,TRUE,FALSE,https://www.kickstarter.com/projects/emmakronewitter/the-macabre-of-a-white-lamb
1600525653,SUBTERFUGE: The Dark Psyche Suspense & Horror Short Film (Canceled),Chicago Carter,A journey into a labyrinth of lies where only deceit & demons dwell. Suspense-Horror meet Dark Psyche Stimuli.,Film & Video,Horror,NC,2025-04-24,2025-05-24,25000,50,0,1,FALSE,FALSE,FALSE,FALSE,https://www.kickstarter.com/projects/chicagocarterfilms/subterfuge-the-film
600122826,The Opaque,Broderick Russell Jr.,"""""""""Survival is the only option.""""""""",Film & Video,Drama,NC,2024-02-23,2024-04-18,10000,10050,100,21,TRUE,TRUE,TRUE,TRUE,https://www.kickstarter.com/projects/broderickrjr/the-opaque
729183948,Zuppadaday Gourmet Foods (Canceled),Dan Westervelt,"Zuppadaday is a startup food manufacturer based in Pineville, NC. While Soup is in the name, it is merely a baseline of what we do.",Food,Food Trucks,NC,2025-12-21,2026-01-20,25000,1400,6,5,FALSE,FALSE,FALSE,FALSE,https://www.kickstarter.com/projects/zuppaisagouda/zuppadaday-gourmet-foods
1869584367,Crooner Coffee: Brewing Timeless Joy,Bob Aycock,"Join us in creating a nostalgic coffee experience inspired by the golden age of crooners. Sip, savor, and support our journey!",Food,Drinks,NC,2024-07-07,2024-08-06,6000,925,15,16,FALSE,FALSE,FALSE,FALSE,https://www.kickstarter.com/projects/bobaycock/crooner-coffee-brewing-timeless-joy
861617263,Go Without Me (Canceled),Luke Evans,A Slow Burn Appalachian Thriller — Indie Feature Film,Film & Video,Thrillers,NC,2026-03-27,2026-04-26,15000,445,3,9,FALSE,FALSE,FALSE,FALSE,https://www.kickstarter.com/projects/beholdingstudios/go-without-me
546650719,Coco Fro: Plant-Based Space Ice Cream,Pierce Freelon,"Creamy, sweet and crunchy vegan 🍨 ice cream freeze dried 🥶 to perfection to create a flavorful, explosive melt-in-your mouth treat!",Food,Vegan,NC,2024-05-01,2024-05-31,24000,25086,105,168,TRUE,TRUE,TRUE,TRUE,https://www.kickstarter.com/projects/blackspace/coco-fro-plant-based-space-ice-cream
970298378,Mera Brothers seeking crowd fund to expand farms potential,Mera Brothers Oysters,"Mera Brothers Oysters a sustainable oyster farm that sells direct, brokers / distributes for other farmers, and brings the ocean home.",Food,Farms,NC,2025-05-21,2025-06-30,49999,120,0,3,FALSE,FALSE,FALSE,FALSE,https://www.kickstarter.com/projects/merabrothersoysters/mera-brothers-seeking-crowd-fund-to-expand-farms-potential
1444088364,Bourbon Barrel Aged Hot Sauce by Shelby Spice,Duncan Blount,Let's take the hot sauce world by storm with a new method of aging vinegar: in freshly dumped bourbon barrels.,Food,Small Batch,NC,2024-01-11,2024-02-29,1800,2757,153,53,TRUE,TRUE,TRUE,FALSE,https://www.kickstarter.com/projects/shelbyspice/bourbon-barrel-aged-hot-sauce-by-shelby-spice
651747245,Bricks & Bitters,David Hartzog,"Bricks & Bitters, its not just an event... Its a moment.",Food,Events,NC,2026-03-10,2026-04-14,15000,650,4,3,FALSE,FALSE,FALSE,FALSE,https://www.kickstarter.com/projects/bricks-n-bitters/bricks-and-bitters
428584054,Naha Brews Coffee Truck,Danielle Weimer,Help a Veteran owned business get this coffee business on wheels. Support our coffee creativity by kickstarting our dream!,Food,Food Trucks,NC,2023-05-31,2023-07-11,2500,3021,121,30,TRUE,TRUE,TRUE,FALSE,https://www.kickstarter.com/projects/nahabrews/naha-brews-coffee-truck
517923156,Camisado: TV Series Pilot Campaign (Make/100),Thomas Gidlow,"Support this LGBTQ-focused drama about two women who, after the loss of their child, must travel through hell & back to find justice.",Film & Video,Television,NC,2023-01-03,2023-01-29,25000,21600,86,45,FALSE,FALSE,FALSE,FALSE,https://www.kickstarter.com/projects/skyphire/make-100-camisado-tv-series-pilot
1642950328,The Actor's Journey: The Road To 541 Productions,Warren Barrow,I'm a creative given a shot to take on the world of acting. Let's break into TV and Film!,Film & Video,Drama,NC,2024-01-14,2024-03-14,5000,1,0,1,FALSE,FALSE,FALSE,FALSE,https://www.kickstarter.com/projects/alansavestheday/the-actors-journey-the-road-to-541-productions
1385784470,Building Fae Nectar Meadery's Festival Grounds,Asa Alger,Help our humble meadery transform into an amazing free Renaissance Faire!,Theater,Festivals,NC,2024-03-06,2024-04-05,12000,16935,141,165,TRUE,TRUE,TRUE,FALSE,https://www.kickstarter.com/projects/faenectar/festival-grounds
1194179813,"OooMommie Foods — Specialty Foods and Wares, run by Moms",Stephanie Miles,"A specialty foods and wares online store, with artisanal products from all over Europe and America, providing jobs to women and moms",Food,Small Batch,NC,2024-08-09,2024-10-03,25000,0,0,0,FALSE,FALSE,FALSE,FALSE,https://www.kickstarter.com/projects/ooomommiefoods/ooomommie-foods-specialty-foods-and-wares-run-by-moms
943843288,Make 100:Recipe booklet: Vegetarian/vegan recipes under10min,Sonia K,A booklet with vegetarian and vegan recipes that take 10 minutes to cook.,Food,Cookbooks,NC,2024-12-30,2025-01-29,2000,228,11,18,FALSE,FALSE,FALSE,FALSE,https://www.kickstarter.com/projects/10v/make-100-recipe-booklet-vegetarian-vegan-recipes-under10min
1327525504,Military Podcast,Kdwilson76,Support me on my journey to creating a Military podcast that will offer a safe place for soldiers to have a voice.,Film & Video,Television,NC,2024-02-16,2024-04-16,15000,21,0,3,FALSE,FALSE,FALSE,FALSE,https://www.kickstarter.com/projects/militarypodcast/military-podcast
161879574,The Caffeinated Cat,Tracy Swain,"The Caffeinated Cat is a mobile, solar powered coffee truck. Built from a 2005 Viking pop up camper.",Food,Food Trucks,NC,2025-06-03,2025-08-02,6500,1594,25,18,FALSE,FALSE,FALSE,FALSE,https://www.kickstarter.com/projects/solarcatscoffee/the-caffeinated-cat-0
280304694,Tasha’s Sweet Stuff,La-Tasha Patrick,A Dessert Truck Serving Joy & Sugar in the South!,Food,Food Trucks,NC,2025-07-18,2025-08-27,6500,0,0,0,FALSE,FALSE,FALSE,FALSE,https://www.kickstarter.com/projects/tasha1013/tashas-sweet-stuff
1491294707,Bro’s Brew Expansion,Joe,"After 2 years of pushing a cart around The Triangle & Surrounding counties, we need your help in expanding.",Food,Food Trucks,NC,2023-03-07,2023-04-11,3500,237,7,9,FALSE,FALSE,FALSE,FALSE,https://www.kickstarter.com/projects/brosbrewespresso/bros-brew-expansion
689587546,Star Child Holistic Collection – Healing From Stars to Soul,Jasmine Coleson,"A holistic wellness brand created by a wife and mother who turned pain into purpose — herbal teas, oils, and cleansing rituals.",Food,Drinks,NC,2025-11-11,2025-12-11,10000,55,1,4,FALSE,FALSE,FALSE,FALSE,https://www.kickstarter.com/projects/starchildcollection/star-child-holistic-collection-healing-from-stars-to-soul
785350885,A Sweet Discovery Market and Cafe' (Canceled),Jessica Pallitto,Let's build a market and cafe for the new uptown in Fair Bluff North Carolina.,Food,Farmer's Markets,NC,2023-03-23,2023-05-19,150000,0,0,0,FALSE,FALSE,FALSE,FALSE,https://www.kickstarter.com/projects/asweetdiscovery/a-sweet-discovery-market-and-cafe
1577388222,Retro Meadery: Tasting room and event space,Retro Meadery,"Mead, Entertainment, Arcade, Classic games...Enjoy it all with friends.",Food,Drinks,NC,2024-03-15,2024-04-14,15000,2239,15,10,FALSE,FALSE,FALSE,FALSE,https://www.kickstarter.com/projects/burgawretromeadery/retro-meadery-tasting-room-and-event-space
1786940575,Willow House Coffee Buildout,Judy Werckle + Bryan Lee,Be a part of this community + Help us create something amazing,Food,Drinks,NC,2024-12-01,2024-12-31,25000,3273,13,13,FALSE,FALSE,FALSE,FALSE,https://www.kickstarter.com/projects/bethewillow/willow-house-coffee-buildout
1996457201,TOILET WATERTM - Meme Water Brand (actual drinking water),Brandon Maxwell,"Yes, it's real. No, it's not from a toilet. It’s just water with a name that makes people stop, snap a pic, and buy it to prank mom.",Food,Drinks,NC,2025-05-23,2025-06-22,20000,2171,11,5,FALSE,FALSE,FALSE,FALSE,https://www.kickstarter.com/projects/flushyourthirst/toilet-watertm-meme-water-brand-actual-drinking-water
675092301,Isaac's Bagels brick and mortar,Isaac Henrion,[UPDATE] You're gonna need a bigger van! Help us acquire BAGELS2 and upgrade our bagelmobile fleet,Food,Restaurants,NC,2023-06-06,2023-07-06,40000,57770,144,411,TRUE,TRUE,TRUE,TRUE,https://www.kickstarter.com/projects/isaacs-bagels/isaacs-bagels-brick-and-mortar
3223093,Help Us Crop this Trade: By the Community for the Community,Crop & Trade Co-op,Crop & Trade Coop is a worker-owned co-op featuring place-based backwoods goods. Everything & anything grown~created~crafted local.,Food,Small Batch,NC,2025-04-23,2025-06-02,25000,25547,102,116,TRUE,TRUE,TRUE,FALSE,https://www.kickstarter.com/projects/cropandtrade/help-us-crop-this-trade-by-the-community-for-the-community
1000853938,The Left Hook Coffee: Made it to the big leagues,The Left Hook Coffee,We found our future home that will take 3 phases to become a great space for Raleigh to build community and have good coffee.,Food,Small Batch,NC,2025-06-04,2025-08-03,40000,41000,102,191,TRUE,TRUE,TRUE,FALSE,https://www.kickstarter.com/projects/the-lefthook-coffee/the-left-hook-coffee-made-it-the-big-leagues
187802009,Sweet Shananigans Bakery,Shanan Lambert,Our little home-based bakery is growing into a full brick and mortar shop!,Food,Restaurants,NC,2023-07-18,2023-08-17,10000,1657,17,24,FALSE,FALSE,FALSE,FALSE,https://www.kickstarter.com/projects/sweetshananigansnc/sweet-shananigans-bakery
1515665223,Fortika Coffee: Fighting Childhood Cancer,Alex Bogran,"Micro-roasted coffee with a purpose. Donating 25% of gross profits to Alex's Story Foundation, increasing awareness & patient comfort.",Food,Drinks,NC,2024-07-11,2024-08-10,5000,165,3,3,FALSE,FALSE,FALSE,FALSE,https://www.kickstarter.com/projects/alexbogran/fortika-coffee-fighting-childhood-cancer
783866804,Hartzog & Sons Whiskey House,David Hartzog,"Hartzog & Sons Whiskey House will be in Fayetteville, NC offering a unique experience of mid-high-end whiskeys in an mature atmosphere.",Food,Drinks,NC,2023-05-10,2023-07-09,100000,347,0,4,FALSE,FALSE,FALSE,FALSE,https://www.kickstarter.com/projects/bricks-n-bitters/hartzog-and-sons-whiskey-house
267659553,🎉 Casinova Craveables: A Dream on Wheels 🚚🍰,Carrie Williamson,Baking Up a Mobile Culinary Dream – One Craveable at a Time,Food,Food Trucks,NC,2025-08-29,2025-09-28,50000,2500,5,1,FALSE,FALSE,FALSE,FALSE,https://www.kickstarter.com/projects/casinovacraveables/casinova-craveables-a-dream-on-wheels
1670048962,Moonward’s Arcane Catalog (100+Magic Items for DnD),MCUP Publishing,A Curated Treasury of Magical Items for Dungeons & Dragons 5E / 5.5E,Games,Tabletop Games,NC,2026-03-10,2026-04-09,100,1946,1946,69,TRUE,TRUE,TRUE,FALSE,https://www.kickstarter.com/projects/mcupublishing/moonwards-arcane-catalog
642187619,Black Rose Bottling Co,Asheera O'Bryan,"Jazz, Snacks, Dessert, and Drinks!",Food,Restaurants,NC,2023-10-24,2023-11-20,15000,721,5,11,FALSE,FALSE,FALSE,FALSE,https://www.kickstarter.com/projects/brbco/black-rose-bottling-co
1998461764,Backing the Build: Growing Sharper Street Café Together,Brandon Sharper,An elevated mobile coffee bar honoring tradition while serving fresh coffee to the community.,Food,Drinks,NC,2026-02-10,2026-04-10,2500,10,0,1,FALSE,FALSE,FALSE,FALSE,https://www.kickstarter.com/projects/sharperstcafe/backing-the-build-growing-sharper-street-cafe-together
1673382702,A Coffeehouse Inspired by Mama's Kindness,Kayla Benson,"Scarlet & Sage Coffeehouse: Brewing Community, Pouring Kindness.",Food,Drinks,NC,2025-01-23,2025-02-23,10000,0,0,0,FALSE,FALSE,FALSE,FALSE,https://www.kickstarter.com/projects/inspiredbymama/a-coffeehouse-inspired-by-mamas-kindness
1801767448,GLORYBOUND: Flamy Grant's 3rd Album,Matthew Blake,The shame-slaying drag queen singer-songwriter completes her Americana trilogy with this view from the other side of religious trauma.,Music,Country & Folk,NC,2026-03-18,2026-04-17,35000,53165,152,454,TRUE,TRUE,TRUE,TRUE,https://www.kickstarter.com/projects/matthewwilliams/glorybound-flamy-grants-3rd-album
1278818398,Torrent - Book 1,Morgan Greene,"Help fund the illustrations for our new webcomic series to follow the adventures of Wilmington, NC's new superhero: Torrent!",Comics,Webcomics,NC,2024-09-24,2024-11-13,5000,6070,121,29,TRUE,TRUE,TRUE,FALSE,https://www.kickstarter.com/projects/torrentcomic/torrent-book-1
95160044,Kawaii Sakura Asian Snacks and Drinks Enamel Pins,Yi-Ja Wright,"A collection of kawaii sakura themed Asian snacks and drinks, gold plated hard enamel pins featuring Bubuski!",Art,Illustration,NC,2023-02-12,2023-02-26,250,423,169,12,TRUE,TRUE,TRUE,FALSE,https://www.kickstarter.com/projects/bubuski/kawaii-sakura-asian-snacks-and-drinks-enamel-pins-0
1184285856,ComicBookMerlin Presents: The Parrot #1 REPRINT Comic Book,Greyson Kelley,"You loved him so much, we need more copies!",Comics,Comic Books,NC,2025-08-14,2025-08-28,250,261,104,9,TRUE,TRUE,TRUE,FALSE,https://www.kickstarter.com/projects/skullcrows/comicbookmerlin-presents-the-parrot-1-reprint-comic-book
1842309378,Mushroom Girl Enamel Pin Quickstarter,Amanda Moon,"A lovely, high-quality enamel pin of a beautiful mushroom girl with some flowers",Art,Digital Art,NC,2023-05-19,2023-06-02,500,648,130,36,TRUE,TRUE,TRUE,FALSE,https://www.kickstarter.com/projects/eclecticscribbles/mushroom-girl-enamel-pin-quickstarter
1946595942,Paperhand's 25th Summer Show - The Gift,Paperhand Puppet Project,"Celebrate 25 years of Puppets, Masks, Stilts, Shadows, Music, and more at Paperhand Puppet Intervention's annual Summer Extravaganza!",Theater,Plays,NC,2025-03-05,2025-04-03,40000,44153,110,377,TRUE,TRUE,TRUE,TRUE,https://www.kickstarter.com/projects/paperhand/paperhands-25th-summer-show-the-gift
1235256713,Wild Chorus Oracle Deck,Abacus Corvus,"A richly illustrated oracle deck amplifying the voices of the natural world, with 52 cards + guidebook.",Art,Illustration,NC,2023-08-16,2023-09-15,16000,39660,248,470,TRUE,TRUE,TRUE,TRUE,https://www.kickstarter.com/projects/abacuscorvus/wild-chorus-oracle-deck
64960366,NSFW NEXA-5 HENTAI SKETCH BOOK: CYBERPUNK SIREN V01,Vamperotica Entertainment,"NSFW HENTAI Drawings, and Illustrations. Dive into a futuristic world of super-powered justice and captivating Cyberpunk Concept Art!",Comics,Comic Books,NC,2023-12-30,2024-01-06,99,13090,13222,221,TRUE,TRUE,TRUE,FALSE,https://www.kickstarter.com/projects/vamperoticacomix/nsfw-nexa-5-hentai-sketch-book-cyberpunk-siren-v01
1091128763,Mike Grell's 50th Anniversary Art Book,MixTape Comics,A collection of career spanning (50 years and counting) of Mike Grell art! A coffee table collection of Grell's greatest creations!,Comics,Graphic Novels,NC,2024-01-03,2024-02-05,29999,85708,286,503,TRUE,TRUE,TRUE,TRUE,https://www.kickstarter.com/projects/mikegrellartbook/mike-grells-50th-anniversary-art-book
1771083174,Aron Wiesenfeld's Playtime,Aron Wiesenfeld,"The complete Post-It Note drawings. A 120-page, hardcover book.",Art,Illustration,NC,2025-06-24,2025-07-18,5000,67019,1340,398,TRUE,TRUE,TRUE,TRUE,https://www.kickstarter.com/projects/1207513824/playtime-by-aron-wiesenfeld
1789771524,5 Acts: The King in Yellow RPG,Jason Bowers,A Gothic RPG About Unreliable Narrators.,Games,Tabletop Games,NC,2024-07-10,2024-08-09,10000,12230,122,193,TRUE,TRUE,TRUE,FALSE,https://www.kickstarter.com/projects/623846375/5-acts-the-king-in-yellow-rpg
1823161392,The Art of KrazehKai,KrazehKai,Three art books collecting illustrations drawn by KrazehKai from 2017 - 2024.,Art,Illustration,NC,2024-11-03,2024-12-03,25000,51192,205,393,TRUE,TRUE,TRUE,TRUE,https://www.kickstarter.com/projects/krazehkai/the-art-of-krazehkai
691500079,Something Wicked: The Art of Scott Hampton,Scott Hampton,From the Eisner Award-winning artist an art book spanning his 40 years as an illustrator,Art,Illustration,NC,2025-06-30,2025-07-24,8000,18207,228,124,TRUE,TRUE,TRUE,TRUE,https://www.kickstarter.com/projects/hampton/something-wicked-the-art-of-scott-hampton
1539740162,The Embroidered Graveyard Oracle Deck 2.0,Alicia,"A comforting oracle deck featuring photographed hand embroidery to lift the veil, commune with spirits and conquer your fear of death.",Art,Mixed Media,NC,2023-07-01,2023-07-31,10500,39473,376,491,TRUE,TRUE,TRUE,FALSE,https://www.kickstarter.com/projects/theembroideredforest/the-embroidered-graveyard-oracle-deck-20
1789527295,Ineffable Tarot: Major and Minor Arcana,OneDapperCat,A set of tarot cards featuring an angel and demon’s relationship that began before time itself.,Art,Digital Art,NC,2025-01-21,2025-02-20,1500,3003,200,44,TRUE,TRUE,TRUE,FALSE,https://www.kickstarter.com/projects/1586585355/ineffable-tarot-the-major-arcana
835416043,Hyperlocal Durham Vending Machine,Kelsey Graywill,"Hyperlocally curated art, zines, crafts, and stories by and for the Bull City delivered in a refurbished vending machine!",Publishing,Zines,NC,2025-07-27,2025-08-26,2400,3343,139,33,TRUE,TRUE,TRUE,TRUE,https://www.kickstarter.com/projects/klgraywill/hyperlocal-durham-vending-machine
899611751,Spring Witch Enamel Pins & Mini Pin Set w/ Stickers & More!,Amanda Moon,"An enamel pin set with a fun collection of mini pins, freebies, and add-ons!",Art,Digital Art,NC,2023-03-01,2023-03-15,500,559,112,16,TRUE,TRUE,TRUE,FALSE,https://www.kickstarter.com/projects/eclecticscribbles/spring-witch-enamel-pins-and-mini-pin-set-w-stickers-and-more
885896437,Mushroom Axolotl Enamel Pin,Smote,What's better than axolotls & mushrooms? Why... the combination of course! Say hello to the Amanita Ambystoma Axolotl! Ending Aug 17th,Art,Illustration,NC,2023-07-18,2023-08-17,300,848,283,40,TRUE,TRUE,TRUE,FALSE,https://www.kickstarter.com/projects/splitgillstudio/mushroom-axolotl-enamel-pin
819633925,Kirk Lindo's SUPER FANTASY GIRLS V01 Sketch Book Variants,SUPER FANTASY GIRLS,"A collection of Sexy Superheroine Drawings, Sketches and Commissions by the creator of the Vampress Luxura & Vamperotica!",Comics,Comic Books,NC,2025-07-06,2025-07-13,99,2794,2822,78,TRUE,TRUE,TRUE,FALSE,https://www.kickstarter.com/projects/superfantasygirls/kirk-lindos-super-fantasy-girls-v01-sketch-book-variants
1709009069,Bo Hampton's FANTASTIC ADVENTURE Volume 2,Bo Hampton,"The second volume of Bo Hampton's series of art books, containing unpublished and rare art!",Comics,Graphic Novels,NC,2024-04-12,2024-05-13,6500,23588,363,179,TRUE,TRUE,TRUE,FALSE,https://www.kickstarter.com/projects/ft1/bo-hamptons-fantastic-adventure-volume-2
852631491,Zine: Vibrant Contemporary Flowers – Beauty in Imperfection,Monette Satterfield-Shiny Designs,Follow the creative journey behind ten unique paintings with studio notes and full-color spreads.,Publishing,Zines,NC,2024-06-21,2024-07-29,20,115,575,11,TRUE,TRUE,TRUE,FALSE,https://www.kickstarter.com/projects/shinydesigns/zine-vibrant-contemporary-flowers-beauty-in-imperfection
1259564876,The Entities Saga,Prince Hartsfield,A comic book series that follows Alpha and Omega—twin forces of creation and collapse—as they guide humanity through the hidden origins,Comics,Comic Books,NC,2025-12-08,2026-01-18,1000,769,77,21,FALSE,FALSE,FALSE,FALSE,https://www.kickstarter.com/projects/eminentcomics/the-entities-saga
161063067,Art Murals for Seawell Elementary School,Daria Mace,"Wouldn’t you love to see more color, vibrancy and hope on the outdoor walls of Seawell Elementary School?",Art,Public Art,NC,2023-01-15,2023-03-16,2500,2761,110,28,TRUE,TRUE,TRUE,FALSE,https://www.kickstarter.com/projects/seawellartmurals/art-murals-for-seawell-elementary-school
615880300,Wisdom of Wholeness: Shadow Work Journal & MINI Oracle decks,Jenny Hahn and Jessica Ricchetti,"You deserve to feel whole. Let our creations for transformation guide you in ways that are empowering, uplifting, and liberating.",Publishing,Nonfiction,NC,2025-05-12,2025-06-12,11673,23051,197,331,TRUE,TRUE,TRUE,FALSE,https://www.kickstarter.com/projects/artandalchemy/wisdom-of-wholeness-shadow-work-journal
365455815,Arisan,Lorenzo H,An Action/Fantasy Comic where our heroes try to escape the underworld or die trying.,Comics,Comic Books,NC,2026-02-25,2026-04-18,16000,17098,107,217,TRUE,TRUE,TRUE,FALSE,https://www.kickstarter.com/projects/526077631/arisan
1291230617,52 Lies - Playing Cards Deck,Omega Playing Cards,"An honest lying deck of cards, printed by KSPCC",Games,Playing Cards,NC,2024-08-07,2024-09-02,7500,16232,216,205,TRUE,TRUE,TRUE,FALSE,https://www.kickstarter.com/projects/omegaplayingcards/52-lies-playing-cards-deck
337952517,Paperhand's 24th Annual Summer Show,Paperhand Puppet Project,"Giant puppets, shadows, stilts, masks and more set to an original score of live music!",Theater,Experimental,NC,2024-03-18,2024-04-16,40000,42529,106,310,TRUE,TRUE,TRUE,TRUE,https://www.kickstarter.com/projects/paperhand/paperhands-24th-annual-summer-show
1092988369,Pride Dragons 2: The Gay Agenda,Lauren Cox,The flower pride dragons are back again! Keep an eye out for 8 brand new designs and returning old ones!,Art,Mixed Media,NC,2023-04-11,2023-05-08,500,757,151,23,TRUE,TRUE,TRUE,FALSE,https://www.kickstarter.com/projects/pridedragons/pride-dragons-2-the-gay-agenda
1038688523,Chick or Treat,12:34 Publishing,Spectacular Spooky Sirens!,Comics,Comic Books,NC,2024-10-29,2024-11-28,1000,1107,111,35,TRUE,TRUE,TRUE,FALSE,https://www.kickstarter.com/projects/1234pub/chick-or-treat
93205258,Studio Fragments: Handmade Original Art Folios,Monette Satterfield-Shiny Designs,"Handmade art folios filled with images, color, and raw creative energy—limited pieces from my studio practice. Only 3 available!",Publishing,Zines,NC,2025-05-21,2025-05-30,15,15,100,1,TRUE,FALSE,TRUE,FALSE,https://www.kickstarter.com/projects/shinydesigns/studio-fragments-handmade-original-art-folios
1891179458,Charmant Expansion Campaign,Charmant Studios,"Creating Space for Art, Community, and Growth",Art,Mixed Media,NC,2024-11-15,2024-12-30,8500,5,0,1,FALSE,FALSE,FALSE,FALSE,https://www.kickstarter.com/projects/charmant/charmant-expansion-campaign
941595819,if who i am is what i'm not: a children's book,Pro-Family Films,"A whimsical, rhythmical journey through the six little words that spark every question: who, what, when, where, why, & how.",Publishing,Children's Books,NC,2025-08-19,2025-09-01,2000,2058,103,33,TRUE,TRUE,TRUE,FALSE,https://www.kickstarter.com/projects/1184099372/if-who-i-am-is-what-im-not
1834175859,Islands in the Sky,Appalachia Comics Project,"A Comic Anthology - Uniting Stories, Art, and Survival in the Wake of Hurricane Helene",Comics,Anthologies,NC,2025-06-17,2025-07-17,25000,31686,127,589,TRUE,TRUE,TRUE,TRUE,https://www.kickstarter.com/projects/appalachiacomics/appalachia-comics-project
1487541926,Pleasingly Plump,12:34 Publishing,The Art of Chunky Cherubs,Comics,Comic Books,NC,2024-09-02,2024-10-02,1000,1233,123,27,TRUE,TRUE,TRUE,FALSE,https://www.kickstarter.com/projects/1234pub/pleasingly-plump
1186861196,Daydreaming at Night 2,wolly,A Hardcover Art Book by: Wolly McNair,Art,Illustration,NC,2024-10-18,2024-11-02,555,666,120,16,TRUE,TRUE,TRUE,FALSE,https://www.kickstarter.com/projects/ftk/daydreaming-night-2
1303832638,The Last Age: Book One,"Gene Willoughby, II",5 Stories! 60 Pages!,Comics,Comic Books,NC,2025-09-16,2025-10-15,500,583,117,16,TRUE,TRUE,TRUE,FALSE,https://www.kickstarter.com/projects/sunstroms/the-last-age-book-one
1392737108,Enix Sanctum: Vol. One,Kayla,"Corruption, Greed, Power, Revolution (BL Romance) // 120+ Page Graphic Novel (Hard Cover)",Comics,Graphic Novels,NC,2024-08-13,2024-09-12,1000,3704,370,79,TRUE,TRUE,TRUE,FALSE,https://www.kickstarter.com/projects/eyewhiskers/enix-sanctum-vol-one
1900487612,Tudor Dynasty Playing Card Deck and Box,Kathryn Holeman,54 colorful playing cards featuring uniquely hand-drawn portraits of people and places from Tudor history,Games,Playing Cards,NC,2024-09-11,2024-10-16,1200,3007,251,74,TRUE,TRUE,TRUE,FALSE,https://www.kickstarter.com/projects/tudorplayingcards/tudor-dynasty-playing-card-deck-and-box
380613321,Eclectic Collective Issue #3 (and beyond!),Gabriella,A collaborative art zine dedicated to celebrating the expansiveness of lesbian existence,Art,Mixed Media,NC,2024-08-22,2024-10-21,1000,220,22,10,FALSE,FALSE,FALSE,FALSE,https://www.kickstarter.com/projects/eclecticcollective/eclectic-collective-issue-3-and-beyond
502980204,Read With Your Friends Enamel Pins,Laura Mehaffey,Cozy Library Pets Reading Enamel Pins,Art,Illustration,NC,2024-10-10,2024-11-09,2000,2407,120,49,TRUE,TRUE,TRUE,FALSE,https://www.kickstarter.com/projects/cosplaycalendar/read-with-your-friends
2014882810,"27""""""""x40"""""""" Framed Matboard for 63 US National Parks",Cari Carter,A creation to showcase where you've been and where you have yet to go.,Photography,NA,NC,2023-06-01,2023-07-01,30000,3248,11,13,FALSE,FALSE,FALSE,FALSE,https://www.kickstarter.com/projects/nationalparkposter/27x40-framed-matboard-for-63-us-national-parks
1665098465,Enter Fantasy Presents: Trifecta Funnies #1,John Clifton Gardiner,"A handcrafted indie comic anthology launching The Mushroom People and Bomp, Circle 7, and Witches of the West",Comics,Comic Books,NC,2026-04-19,2026-05-19,3000,70,2,2,FALSE,FALSE,FALSE,FALSE,https://www.kickstarter.com/projects/enterfantasy/enter-fantasy-presents-trifecta-funnies-1
685517934,"✦ Fae Galaxy ✦ - Blankets, Enamel Pins & More",Ivy Dolamore,A collection of fantastical fairy merch!,Art,Illustration,NC,2024-01-01,2024-01-31,3200,17868,558,177,TRUE,TRUE,TRUE,TRUE,https://www.kickstarter.com/projects/ivyalive/fae-galaxy-blankets-enamel-pins-and-more
2092910269,Make 100 Badass Medieval Dragon Art Posters,Amy Owens,"An original colored pencil drawing by fantasy & wildlife artist M.J. Snow, printed on 18x24 premium matte paper for you to enjoy!",Art,Illustration,NC,2024-01-23,2024-02-13,1000,61,6,3,FALSE,FALSE,FALSE,FALSE,https://www.kickstarter.com/projects/peephandmade/make-100-badass-medieval-dragon-art-posters
692847084,Yu-Gi-Oh BONDS!,Kaito Yutaka,The Legacy Of The Duel Shall Live On In You!,Art,Video Art,NC,2026-03-21,2026-05-20,20000,1,0,1,FALSE,FALSE,FALSE,FALSE,https://www.kickstarter.com/projects/ygobonds/yu-gi-oh-bonds
1928127024,SKYLARANNA Helene Relief,Skylaranna,Help Us Spread Magnolia Seeds Around the World: Grow a Piece of SKYLARANNA and Be Part of Our Global Tree Planting Map!,Crafts,DIY,NC,2024-10-13,2024-11-27,10000,2039,20,9,FALSE,FALSE,FALSE,FALSE,https://www.kickstarter.com/projects/skylaranna/skylaranna-helene-relief
1091682596,Spooky Playing Card Decks with Original Art,Doug Hoppes,Original paintings on each card (not just the courts). - Not A.I.!,Games,Playing Cards,NC,2024-10-01,2024-10-31,3000,3731,124,57,TRUE,TRUE,TRUE,FALSE,https://www.kickstarter.com/projects/shadowmyths/spooky-playing-card-deck-with-original-non-ai-art
315180679,Cynacult EDM Show/meetup (Canceled),cyn,"A event with music, drinks, and social interaction",Art,Mixed Media,NC,2024-08-31,2024-10-30,3000,3179,106,7,TRUE,TRUE,FALSE,FALSE,https://www.kickstarter.com/projects/djcyn/cynacult-edm-show-meetup
1398997223,Penguino's Revenge: Torment part 2,Robert Powers,It's getting hot in here! Penguino has slayed the death dragon & begins his journey into the depths of hell!,Comics,Comic Books,NC,2024-07-11,2024-08-10,4000,4320,108,65,TRUE,TRUE,TRUE,FALSE,https://www.kickstarter.com/projects/cataclysm2/penguinos-revenge-torment-part-2
621886187,Vitality Through Musical Meditation,Red Bird Vitality,"Helping others find vitality through music, voice and the power of meditation wrapped up into a beautiful transforming experience.",Art,Performance Art,NC,2024-01-31,2024-03-31,20000,201,1,2,FALSE,FALSE,FALSE,FALSE,https://www.kickstarter.com/projects/redbirdvitality/vitality-through-musical-meditation
1037520028,The Last Human Book 1 Launch,Isaac Young,Explore the far distant future in The Last Human. This is the account of the warlord Vas Du'Kaal as he rises from a slave to emperor.,Publishing,Fiction,NC,2026-03-09,2026-05-08,1000,8591,859,225,TRUE,TRUE,FALSE,FALSE,https://www.kickstarter.com/projects/isaacyoung/the-last-human-book-1-launch
256435230,JUST A REAPER VOLUME 2: LAST DRAGON,Matthew Fennell,A comic about a young Grim Reaper keeping Hell off Earth!!!,Comics,Graphic Novels,NC,2025-08-24,2025-10-08,8900,80,1,4,FALSE,FALSE,FALSE,FALSE,https://www.kickstarter.com/projects/1932613929/just-a-reaper-volume-2-last-dragon
1547589763,"dìèdìè: a community micromill for slow, natural textiles",adé Oh,"An educational practice space for community-supported, natural textile production: from seed to cloth.",Art,Textiles,NC,2024-11-26,2025-01-05,12000,12461,104,69,TRUE,TRUE,TRUE,TRUE,https://www.kickstarter.com/projects/diedietextiles/diedie-a-community-micromill-for-slow-natural-textiles
296113349,Women of Xal II,The ProjectTrinity Team,Original Game Free! The revolution begins. Can Xjena survive rising violence and The Great Silence— Xal's final extinction event?,Games,Video Games,NC,2025-12-14,2026-01-13,25000,26689,107,447,TRUE,TRUE,TRUE,TRUE,https://www.kickstarter.com/projects/projecttrinity/women-of-xal-ii
1378873259,Queen Dopamine: A Story-Driven Independent Album Experience,Queen Dopamine,Music. Story. Visuals. Built with intention—not trends.,Art,Mixed Media,NC,2026-03-16,2026-04-15,1000,1015,101,19,TRUE,TRUE,TRUE,FALSE,https://www.kickstarter.com/projects/queendopamine/queen-dopamine-a-story-driven-independent-album-experience
576532981,Quasars Felinity: 78 Card Tarot Deck,Purple MAJIC Designs,"A 78 card tarot deck, designed with deeply meaningful, celestial, feline inspired artist expression.",Art,Digital Art,NC,2023-02-17,2023-03-19,4500,7550,168,77,TRUE,TRUE,TRUE,FALSE,https://www.kickstarter.com/projects/purplemajicdesigns/quasars-felinity-78-card-tarot-deck
1229191368,Baldur Buddy: BG3 Enamel Pins,ItsYukiMe,✧˖°. BG3 Inspired character pins joining you on your adventures! .°˖✧,Art,Illustration,NC,2023-10-28,2023-11-27,350,1069,305,28,TRUE,TRUE,TRUE,FALSE,https://www.kickstarter.com/projects/itsyukime/baldur-buddy-bg3-enamel-pins
1667375233,The Devil's Coil 1 - 4,Randall Rozzell,"The search for a missing teen has taken Jake to hell & back. Armed with more clues, he's only steps away from entering The Devils Coil.",Comics,Graphic Novels,NC,2025-09-15,2025-10-15,200,2729,1364,130,TRUE,TRUE,TRUE,FALSE,https://www.kickstarter.com/projects/rrozzell/the-devils-coil-1-4
152383421,The Devil's Coil 1 - 3,Randall Rozzell,Jake's search for a missing teen leads him into the unknown and near death. A case from his past may have some of the answers he needs.,Comics,Comic Books,NC,2025-04-19,2025-05-19,200,2579,1290,131,TRUE,TRUE,TRUE,FALSE,https://www.kickstarter.com/projects/rrozzell/the-devils-coil-1-3
1589176765,Multiplied Projects / Editions Launch,Doug Bennett,"Help fund artist collaborations at Multiplied Projects - original, affordable digital prints created through experimental collaboration",Art,Social Practice,NC,2025-09-08,2025-10-08,3000,5001,167,26,TRUE,TRUE,TRUE,TRUE,https://www.kickstarter.com/projects/multipliedprojects/multiplied-projects-editions-launch
1431577393,sleeek comicx publishing,Steven Belcher,ART BOOKS AND SLEEEK COMICX COMICBOOKS,Comics,Comic Books,NC,2024-10-25,2024-12-24,7000,70,1,3,FALSE,FALSE,FALSE,FALSE,https://www.kickstarter.com/projects/revolutionbattalion/sleeek-comicx-publishing
1743683266,Big Tiddie Goth Girlfriends on the Moon comic #6!,Sirk,Cheeky Jiggly Sci-fi Comedy!,Comics,Comic Books,NC,2025-08-31,2025-09-29,5000,31461,629,872,TRUE,TRUE,TRUE,FALSE,https://www.kickstarter.com/projects/sirk/big-tiddie-goth-girlfriends-on-the-moon-comic-6
872929507,Rite of the Vampire Special Edition Hardcover (3 Books in 1),Juliana Haygert,"Foiled dust jacket & case, printed edges, illustrated chapter headings & more in this steamy enemies-to-lovers PNR trilogy!",Publishing,Fiction,NC,2024-06-27,2024-07-23,1000,14740,1474,172,TRUE,TRUE,TRUE,TRUE,https://www.kickstarter.com/projects/julianahaygert/rite-of-the-vampire-special-edition-hardcover-3-books-in-1
1367800840,The Devil's Coil 1 & 2,Randall Rozzell,"Missing teen. Her mother's suicide. The Devil's Coil. Jake doesn't want to be involved, but the things in the dark won't let him stop.",Comics,Comic Books,NC,2024-12-13,2025-01-27,200,3137,1568,140,TRUE,TRUE,TRUE,FALSE,https://www.kickstarter.com/projects/rrozzell/the-devils-coil-1-and-2
229570246,"Wailing Cove : A Lovecraftian, Cthulhu mythos graphic novel",Kris Keeffer,An eldritch horror graphic novel told through found journals & notes—uncover the terrifying truth behind the Wailing Cove incident.,Art,Illustration,NC,2025-07-22,2025-08-21,4000,38142,954,213,TRUE,TRUE,TRUE,TRUE,https://www.kickstarter.com/projects/562472418/wailing-cove-a-lovecraftian-cthulhu-mythos-graphic-novel
1285143250,HERE and NOW and SMALL and CLOSE,John Pavlovitz,"An empowering, inspiring, and boundlessly hopeful book for children of all ages who want to create a more compassionate planet",Publishing,Children's Books,NC,2025-10-03,2025-11-05,21000,27317,130,576,TRUE,TRUE,TRUE,FALSE,https://www.kickstarter.com/projects/herenowsmallclose/here-and-now-and-small-and-close
1389104980,Ailments and Remedies - A DnD 5e medical supplement,White Panther Games,"A handbook of diseases, injuries, and medicines for your D&D campaigns! Ideal for gritty worlds with lasting consequences.",Games,Tabletop Games,NC,2024-07-30,2024-08-29,200,1325,662,62,TRUE,TRUE,TRUE,FALSE,https://www.kickstarter.com/projects/1648906307/ailments-and-remedies-a-dnd-5e-medical-supplement
1461887926,Aynbath: The Wood's Voiceless Hymns,Aynbath Official,"A mystical Shadowdark zine detailing the occult forest of the Horned God. Enter the wood, learn secrets, face trials, be reborn.",Games,Tabletop Games,NC,2025-02-05,2025-03-01,3000,2348,78,75,FALSE,FALSE,FALSE,FALSE,https://www.kickstarter.com/projects/aynbath/aynbath-the-woods-voiceless-hymns
684482596,Write & Direct,Kyler Boudreau,The online film school & studio for aspiring directors.,Film & Video,Narrative Film,NC,2023-05-11,2023-06-10,5000,1,0,1,FALSE,FALSE,FALSE,FALSE,https://www.kickstarter.com/projects/kylerboudreau/write-and-direct
2143054084,CinemaOnDemand,Cameron Jackson,We are building a one stop shop for Film Freelancers to streamline the whole film production process in one place.,Film & Video,Narrative Film,NC,2023-07-04,2023-08-03,24700,276,1,5,FALSE,FALSE,FALSE,FALSE,https://www.kickstarter.com/projects/cinemaondemand/cinemaondemand
2012178940,Where the Mountain Feeds,Will,A group of friends go looking for an urban legend and awaken something way more sinister than any of them had ever imagined.,Film & Video,Horror,NC,2026-04-21,2026-05-21,16700,230,1,3,FALSE,FALSE,FALSE,FALSE,https://www.kickstarter.com/projects/wtmf/where-the-mountain-feeds
2102696574,The FRENEMIE I Sample Pack (Canceled),Micah,"I am creating a sample pack for hip-hop, electronic producers and film-makers that need real quality instrument melodies one-shots.",Music,Hip-Hop,NC,2024-04-03,2024-05-03,200,35,18,3,FALSE,FALSE,FALSE,FALSE,https://www.kickstarter.com/projects/79032407/the-frenemie-i-sample-pack
343506409,House of White Lilies,D Kenn,a reckoning awaits,Film & Video,Horror,NC,2025-06-25,2025-08-24,10000,1,0,1,FALSE,FALSE,FALSE,FALSE,https://www.kickstarter.com/projects/houseofwhitelilies/house-of-white-lilies
2070385007,The Spectrum,Paul Hilburger,A desperate mother gets her autistic teenager in a clinical trial of an experimental drug. This leads to a mystery that must be solved.,Film & Video,Drama,NC,2023-03-02,2023-05-01,10000,5231,52,8,FALSE,FALSE,FALSE,FALSE,https://www.kickstarter.com/projects/pdh6644/the-spectrum
1569520660,You’re It: A Slasher/Horror Feature Film from Ron Rossmann,Ronald J Rossmann Jr,You’re It: A Slasher/Horror Feature Film from Ron Rossmann,Film & Video,Horror,NC,2023-06-19,2023-07-19,10000,7292,73,31,FALSE,FALSE,FALSE,FALSE,https://www.kickstarter.com/projects/byohpllc/youre-it-a-slasher-horror-feature-film-from-ron-rossmann
1193456439,Hot Comb Short Film,Cordel Garrett II,Short films that speak what silence has hidden.,Film & Video,Narrative Film,NC,2025-09-03,2025-10-05,5500,1750,32,15,FALSE,FALSE,FALSE,FALSE,https://www.kickstarter.com/projects/hcs1/hot-comb-short-film
1205524930,Space Man: The Search For Planet Earth,Preah Mungu,Join the Journey to find Planet Earth.,Games,Video Games,NC,2024-05-21,2024-06-20,10000,202,2,6,FALSE,FALSE,FALSE,FALSE,https://www.kickstarter.com/projects/shujaa/space-man-the-search-for-the-planet-earth
678963172,Blood Lust of the Appalachian Sex Cult,Flying Dagger Productions,"Violence, Sex, and Rock 'n Roll: A New Retro Horror Classic",Film & Video,Horror,NC,2023-10-04,2023-11-03,6000,4491.69,75,27,FALSE,FALSE,FALSE,FALSE,https://www.kickstarter.com/projects/flyingdagger/blood-lust-of-the-appalachian-sex-cult
1405301767,A short documentary: The power of Zoë,Jester,A documentary about Zoë a survivor from the Oxford high school shooting. Now a spoke person to help others while she still in college.,Film & Video,Documentary,NC,2023-11-07,2023-12-17,3000,1675,56,8,FALSE,FALSE,FALSE,FALSE,https://www.kickstarter.com/projects/powerofzoe/a-short-documentary-the-power-of-zoe
938926724,WE'VE ONLY JUST BEGUN: DOCUMENTARY FILM,Yung Citizen,"Bringing together the worlds of Hip Hop, Orchestral music, and High School education to create a transformative experience.",Film & Video,Documentary,NC,2024-07-17,2024-09-15,40000,0,0,0,FALSE,FALSE,FALSE,FALSE,https://www.kickstarter.com/projects/yungcitizen/weve-only-just-begun-documentary-film
256462938,Consumed: Overcoming Binge Eating Disorder,Ben Flanders,"A feature-length documentary following one person's 6-month journey to lose weight, find balance, and build a healthier life.",Film & Video,Documentary,NC,2025-06-03,2025-07-03,4000,1450,36,20,FALSE,FALSE,FALSE,FALSE,https://www.kickstarter.com/projects/benflanders/consumed-overcoming-binge-eating-disorder
367857164,Humble in the Jungle Documentary (Canceled),Humble in the Jungle Documentary,HUMBLE IN THE JUNGLE Documentary is about MIKE G of the Legendary JUNGLE BROTHERS He is a world known rapper and licensed plumber.,Film & Video,Documentary,NC,2023-04-11,2023-05-11,50000,5262,11,10,FALSE,FALSE,FALSE,FALSE,https://www.kickstarter.com/projects/humbleinthejungledoc/humble-in-the-jungle-documentary
547786550,Reflections in Motion - Dance Film Production,Alexis and Natalie,"Join the Movement: 'Reflections in Motion' - Where Artistry Meets Empowerment, One Dance Step at a Time.",Film & Video,Experimental,NC,2023-09-13,2023-10-13,1400,1775,127,19,TRUE,TRUE,TRUE,FALSE,https://www.kickstarter.com/projects/reflectionsnmotion/reflections-in-motion-dance-film-production
1965216694,Hogan's Heroes and Post War America,Wayne Lee and Anna Maltese,"An 8-episode documentary video pod about the making of the show, the actors' lives, American history, and learning to laugh at Nazis",Film & Video,Documentary,NC,2026-02-16,2026-04-17,10000,3280,33,52,FALSE,FALSE,FALSE,FALSE,https://www.kickstarter.com/projects/leemaltese/hogans-heroes-and-post-war-america
1513017347,"Melanin Babies: Colorful Stories, Bright Futures (Canceled)",Cherrelle Williams,"Empowering children of color through diverse, aspirational learning adventures",Publishing,Children's Books,NC,2024-10-16,2024-11-15,5000,0,0,0,FALSE,FALSE,FALSE,FALSE,https://www.kickstarter.com/projects/1675084480/melanin-babies-colorful-stories-bright-futures
1249607218,MELODIES,Classic+,"A gripping love story that delves into passion, ambition, and betrayal, told through three distinct stages of love",Film & Video,Drama,NC,2025-03-12,2025-04-11,2300,0,0,0,FALSE,FALSE,FALSE,FALSE,https://www.kickstarter.com/projects/codec96/melodies
395581906,PANAMA RAILROAD: One Creator. One epic movie. Powered by AI.,Noah Price,A feature-length Western set during the California Gold Rush -- written over 5 years & produced using AI tools for audio & visuals,Film & Video,Narrative Film,NC,2026-03-20,2026-04-17,10000,737,7,7,FALSE,FALSE,FALSE,FALSE,https://www.kickstarter.com/projects/noahsarkproductionz/panama-railroad-one-creator-one-epic-movie-powered-by-ai
296275732,Make Amends: The Live Experience,Antonio Crowder,"Make Amends is Kingg A's 2nd studio album release, we're trying to bring the experience of the album across the states!",Music,Hip-Hop,NC,2024-12-06,2025-02-01,6000,0,0,0,FALSE,FALSE,FALSE,FALSE,https://www.kickstarter.com/projects/kinggaextrag/make-amends-the-live-experience
2027153120,The Short Film,Dakota,"A project that will allow me to show all my skills equally, and promote it to the masses to really find my Audience.",Film & Video,Music Videos,NC,2026-01-22,2026-03-23,15000,0,0,0,FALSE,FALSE,FALSE,FALSE,https://www.kickstarter.com/projects/705375736/the-short-film
1483892155,String of Pearls: Unseen,Ashlyn,"Based on my EP “String of Pearls”, a deeply honest short film that follows the generational trauma that lead me to healing.",Film & Video,Music Videos,NC,2026-01-28,2026-03-29,5000,275,6,7,FALSE,FALSE,FALSE,FALSE,https://www.kickstarter.com/projects/stringofpearlsunseen/string-of-pearls-unseen
707456600,Kindred Spirits: A Short by Raspberry Blossom Productions,Ellie Cruz,Spread your wings.,Film & Video,Romance,NC,2025-01-10,2025-02-09,300,41,14,4,FALSE,FALSE,FALSE,FALSE,https://www.kickstarter.com/projects/ecruzvisuals/kindred-spirits-a-short-by-raspberry-blossom-productions
2016249959,The Right Hand Of The King (Canceled),Neythan Pacheco,A new Graphic novel/ Manga that will be published when I pay my artist.,Comics,Graphic Novels,NC,2024-09-09,2024-11-08,93600,0,0,0,FALSE,FALSE,FALSE,FALSE,https://www.kickstarter.com/projects/righthandoftheking/the-right-hand-of-the-king
1166048427,Make 100: Kadara Chronicles Limited Edition Poster,Bequest Studios,Bequest Studios presents the Kadara Chronicles. A fantasy epic based in a world torn apart from war with the Dragon and Golem deities.,Art,Conceptual Art,NC,2026-01-31,2026-03-03,500,950,190,16,TRUE,TRUE,TRUE,FALSE,https://www.kickstarter.com/projects/bequestudios/make-100-kadara-chronicles-limited-edition-poster
1599437790,Natrona Tarot Deck,Elliot Brady,A 78-card tarot deck featuring fully customized and BOGLIMIZED hand-drawn illustrations. That's what's up,Art,Illustration,NC,2024-11-07,2024-12-07,4433,6360,143,48,TRUE,TRUE,TRUE,FALSE,https://www.kickstarter.com/projects/frontiershortfilm/natrona-tarot-deck
495031562,Whispers Of Iris,LVRRBitz Games,An Indie Psychological Mystery RPG Game that aims to teach the importance of connection and the proper coping mechanisms for grief.,Games,Video Games,NC,2024-12-30,2025-02-28,1000,1443,144,25,TRUE,TRUE,TRUE,FALSE,https://www.kickstarter.com/projects/whispersofiris/whispers-of-iris
1895931270,A Fairy Card Puzzle Deck,John M Cahoon,A complete image cut into playing cards that when reassemble recreate the original image of fairies and magical creatures together!,Games,Playing Cards,NC,2023-03-22,2023-04-21,1500,2204,147,45,TRUE,TRUE,TRUE,FALSE,https://www.kickstarter.com/projects/afairyfieldguide/a-fairy-card-puzzle-deck
1790084764,The Devil's Coil,Randall Rozzell,"The mother of a missing teen kills herself in Jake's office, and blames The Devil's Coil. Somehow Jake & his nightmares are connected.",Comics,Comic Books,NC,2024-07-26,2024-08-25,200,1889,944,97,TRUE,TRUE,TRUE,FALSE,https://www.kickstarter.com/projects/rrozzell/the-devils-coil
2031163188,Dark of the Moon: Mixed Media Series Zine & Original Art,Monette Satterfield-Shiny Designs,"A moody, storybook inspired exploration of celestial beauty with a zine, original art and exclusive bonus stretch goals.",Art,Mixed Media,NC,2025-02-28,2025-03-30,15,114,760,10,TRUE,TRUE,TRUE,FALSE,https://www.kickstarter.com/projects/shinydesigns/dark-of-the-moon-mixed-media-series-zine-book-and-originals
1387894081,You're It Official Film Magazine with cover by Gregbo Watson,"Be Your Own Hero Productions, LLC",The official comic book style magazine of the horror film You're It featuring an EXCLUSIVE Gregbo Watson cover and prequel short story.,Comics,Comic Books,NC,2024-01-02,2024-02-01,1500,1717,114,28,TRUE,TRUE,TRUE,FALSE,https://www.kickstarter.com/projects/youreitofficial/youre-it-official-film-magazine-with-cover-by-gregbo-watson
1242241327,A Bridge from Perdition,Emma Kronewitter,A short film exploring the challenges of life coming home from war.,Film & Video,Horror,NC,2024-09-26,2024-11-15,2000,2100,105,15,TRUE,TRUE,TRUE,FALSE,https://www.kickstarter.com/projects/emmakronewitter/a-bridge-from-perdition
2057013532,ReDeath,Phoenix Studios,"There is no fear in death, fear is what comes after.",Games,Video Games,NC,2024-09-16,2024-10-16,50000,113,0,5,FALSE,FALSE,FALSE,FALSE,https://www.kickstarter.com/projects/phoenixstudiosllc/redeath
1778251751,"Join Me in Making """"""""High Score"""""""" Music Video a Reality!",Amari Kweli,"I’m raising funds for the professional recording and production of a music video for my latest release: """"""""High Score.""""""""",Film & Video,Music Videos,NC,2024-04-11,2024-04-21,1467,368,25,2,FALSE,FALSE,FALSE,FALSE,https://www.kickstarter.com/projects/amarikweli/join-me-in-making-high-score-music-video-a-reality
457083343,A Story of Acceptance in a Nation Battling Divisions,Leo Prashant Shelley,"Cowboy & Indian is a feature film inspired by real friends, real relationships of people who overcame political differences.",Film & Video,Drama,NC,2024-09-03,2024-10-16,100000,681,1,22,FALSE,FALSE,FALSE,FALSE,https://www.kickstarter.com/projects/leopshelley/a-story-of-acceptance-in-a-nation-battling-divisions
933553586,The Spectrum Movie,Paul Hilburger,A desperate mother gets her autistic teenager in a clinical trial of an experimental drug. This leads to a mystery that must be solved.,Film & Video,Drama,NC,2023-05-18,2023-06-17,5000,291,6,11,FALSE,FALSE,FALSE,FALSE,https://www.kickstarter.com/projects/pdh6644/the-spectrum-movie
901455191,Concrete Rose Educational Game Show (Canceled),Concrete Rose,"Concrete Rose Educational Game Show is a fun, unique, and interactive game show that will allow participants to learn while having fun.",Games,Live Games,NC,2024-08-14,2024-10-09,18495,130,1,1,FALSE,FALSE,FALSE,FALSE,https://www.kickstarter.com/projects/crscholars/concrete-rose-educational-game-show
1298157902,Fund John Kenneth Muir's Indie Web Series Abnormal Fixation,John Kenneth Muir,Help indie filmmaker JKM create new episodes of the award-winning mockumentary web-series about clueless paranormal investigators!,Film & Video,Webseries,NC,2025-03-13,2025-04-12,15000,550,4,9,FALSE,FALSE,FALSE,FALSE,https://www.kickstarter.com/projects/1936874638/fund-afs-abnormal-fixations-2nd-season
1069550666,Sharks Volume 2 : A Series of Enamel Pins,Mary Elizabeth,"A collection of ocean inspired hard enamel pins featuring sharks, rays, and other pals",Art,Illustration,NC,2024-04-27,2024-05-27,1000,781,78,16,FALSE,FALSE,FALSE,FALSE,https://www.kickstarter.com/projects/marytimedesigns/sharks-volume-2
313890796,The Petrified Florist,Richard Levine,Nature Always Wins,Film & Video,Shorts,NC,2026-01-21,2026-03-22,30000,251,1,2,FALSE,FALSE,FALSE,FALSE,https://www.kickstarter.com/projects/thepetrifiedfloris/the-petrified-florist
2061951468,Ready for Hemp Denim?,CannaClothing Company,CannaClothing Company - Sustainable Style Starts with You!,Fashion,Apparel,NC,2025-08-15,2025-09-14,10000,492,5,6,FALSE,FALSE,FALSE,FALSE,https://www.kickstarter.com/projects/cannaclothingcompany/ready-for-hemp-denim
351706828,TeeBee Goes To The Fair With Papa,Tavarius Felton,A Colorful Adventure into the World of Positive Thoughts; Created To Instill Love And Joy Between Parents & Kids with Disabilities,Publishing,Children's Books,NC,2024-01-25,2024-03-24,500,558,112,11,TRUE,TRUE,TRUE,FALSE,https://www.kickstarter.com/projects/helpteebee/teebee-goes-to-the-fair-with-papa
517872083,Adam and Gleeb's Cosmic Expedition,Ethan Stewart,"Movie-loving roommates, Adam and Gleeblezorp, set out on a quest to find a magic crystal that'll enhance their movie night experience.",Film & Video,Comedy,NC,2025-07-03,2025-08-17,2000,2085,104,16,TRUE,TRUE,TRUE,FALSE,https://www.kickstarter.com/projects/2140337314/adam-and-gleebs-cosmic-expedition
1043205659,Apollo’s Hidden Island,Rob Price,From The Adventures of Dallas the Daniff and Friends comes Apollo’s Hidden Island,Film & Video,Animation,NC,2025-02-25,2025-03-27,20000,0,0,0,FALSE,FALSE,FALSE,FALSE,https://www.kickstarter.com/projects/dallasthedaniff/apollos-hidden-island
328438351,Not Made By Human Hands,Good Catholic Production,The Miracle Of Guadalupe,Film & Video,Documentary,NC,2025-05-27,2025-06-26,50000,139533,279,1153,TRUE,TRUE,TRUE,TRUE,https://www.kickstarter.com/projects/guadalupefilm/not-made-by-human-hands
325571804,The Other Side of Learning,Lisa Smith,A Deeper Conversation about Education in the US.,Film & Video,Documentary,NC,2023-02-02,2023-03-13,15000,19097,127,18,TRUE,TRUE,TRUE,FALSE,https://www.kickstarter.com/projects/oslmovie/the-other-side-of-learning
1506620541,In a Pickle - the first Pickleball comedy feature film!,Dan Brooks,"We've got an amazing and hilarious script ready to go, we just need your support to bring the sport we all love to big screen!",Film & Video,Comedy,NC,2024-01-31,2024-03-01,20000,14557,73,52,FALSE,FALSE,FALSE,FALSE,https://www.kickstarter.com/projects/inapickle/in-a-pickle-a-sports-comedy-feature-film
1723225667,A Newgrounds Documentary: Once Upon A Time On The Internet,Conner Nyberg,Learn about Newgrounds.com and the site's 30 years of impact on internet culture in this feature-length documentary.,Film & Video,Documentary,NC,2025-01-18,2025-02-17,80000,110907,139,1784,TRUE,TRUE,TRUE,TRUE,https://www.kickstarter.com/projects/connernyberg/newgrounds-documentary
1186745308,A Blessing But Cursed: Animated Pilot,YinYangALike,Help us make our indie animation come to life.,Film & Video,Animation,NC,2025-09-27,2025-11-26,12000,23,0,4,FALSE,FALSE,FALSE,FALSE,https://www.kickstarter.com/projects/blessingbutcursed/a-blessing-but-cursed-animated-pilot
1144221167,NU-BEINGS,Nu-Beings Inc.,The Animated Series,Film & Video,Animation,NC,2023-03-14,2023-04-13,25000,977,4,18,FALSE,FALSE,FALSE,FALSE,https://www.kickstarter.com/projects/nu-beings/nu-beings
1563570358,New Creative Writing Project with Mr. Chris’ Creativity Lab,Kai Christopher,"A Creative Writing Literacy platform, with cartoons and curriculum to develop sentence and paragraph writing skills for 3 to 5 graders.",Film & Video,Animation,NC,2024-07-14,2024-09-02,20000,285,1,4,FALSE,FALSE,FALSE,FALSE,https://www.kickstarter.com/projects/mrchriscreativitylab/creating-with-mr-chris-creativity-lab
850930091,“Kofi’s Water Cup” Children’s Book,Temitope,"A colourful children’s book about Kofi, a lively boy who learns why water keeps him strong and happy.",Publishing,Children's Books,NC,2025-06-13,2025-07-13,1500,548,37,10,FALSE,FALSE,FALSE,FALSE,https://www.kickstarter.com/projects/adek/kofis-water-cup-childrens-book
1262936444,Novel Carry Axial | Titanium Bolt-Action Fidget Pen,Novel Carry,"A bolt-action titanium pen with a precision spinner top. Built for writers, makers, and anyone who fidgets while they think.",Design,Product Design,NC,2026-01-21,2026-02-25,7500,22879,305,172,TRUE,TRUE,TRUE,TRUE,https://www.kickstarter.com/projects/novel-carry/novel-carry-axial-titanium-bolt-action-fidget-pen
308397563,Witchy Baby Bat Plushies,The Pickety Witch,A huggable spooky bat plush who crossed oceans of time to cuddle you.,Design,Toys,NC,2026-01-23,2026-02-22,2000,10422,521,179,TRUE,TRUE,TRUE,TRUE,https://www.kickstarter.com/projects/thepicketywitch/witchy-baby-bat-plushies
1676352014,Ocaso Solstice (Crispy Donut Community Exclusive),Crispy Donut Community LLC,Premium Steel. Premium Sprinkles. Premium Gentleman's Carry. The CDC-Exclusive Solstice.,Design,Product Design,NC,2024-04-29,2024-05-14,1000,8327,833,38,TRUE,TRUE,TRUE,TRUE,https://www.kickstarter.com/projects/crispydonutcommunity/ocaso-solstice-crispy-donut-community-exclusive
775113273,Pholio: An Everyday-Carry Notepad For Your Phone,Andy Makes Stuff,"No matter where life takes you, get back to handwritten thoughts and ideas that won't get lost in the digital shuffle.",Design,Product Design,NC,2023-06-24,2023-08-08,12000,638,5,9,FALSE,FALSE,FALSE,FALSE,https://www.kickstarter.com/projects/andy-makes-stuff/pholio-an-everyday-carry-notepad-for-your-phone
1664744911,MCON: The Switchblade of Mobile Controllers | By Ohsnap,Dale Backus,"The transforming, magnetically-attached mobile gaming controller that actually fits in your pocket.",Design,Product Design,NC,2025-01-02,2025-02-11,25000,1776917,7108,16734,TRUE,TRUE,TRUE,TRUE,https://www.kickstarter.com/projects/ohsnapofficial/mcon-the-switchblade-of-mobile-controllers-by-ohsnap
174842137,The Atom Puzzle: A Precision-Crafted Mechanical Puzzle,Curio,"A tactile challenge forged in stainless steel, designed to captivate and confound.",Design,Toys,NC,2025-05-06,2025-06-05,10000,58471,585,377,TRUE,TRUE,TRUE,TRUE,https://www.kickstarter.com/projects/curiopuzzles/atom-puzzle
1479990644,G.I.JOE: A Real American Hero Field Guides by 3DJOES,Robert Carson Mataxis,"Four pocket-sized volumes: V1 loose figures, V2 file cards, V3 carded figures, V4 vehicles & playsets, and one beautiful slipcase!",Design,Toys,NC,2025-04-25,2025-05-19,36000,283384,787,2170,TRUE,TRUE,TRUE,TRUE,https://www.kickstarter.com/projects/3djoes/3djoes-field-guides
648622349,The Cloud Hammock: your relaxation portal,Anna Dixon,"A boutique, handcrafted work of art for your nervous system. Unique transverse rod design, non-tipping, washable, ridiculously soothing",Design,Product Design,NC,2024-02-14,2024-03-15,11000,11824,107,34,TRUE,TRUE,TRUE,FALSE,https://www.kickstarter.com/projects/637428548/the-cloud-hammock-your-relaxation-portal
1257903386,Blue Toby Pet Beds: Only bed your dog or cat will ever need,Linda Brent,A furniture-grade orthopedic pet bed system with an easy-care reversible cover made with recycled custom-designed fabrics.,Design,Product Design,NC,2023-01-03,2023-02-12,6000,2985,50,12,FALSE,FALSE,FALSE,FALSE,https://www.kickstarter.com/projects/bluetoby/blue-toby-pet-bed-system-the-last-bed-your-pet-will-need
34791754,"Beautifully designed, non-AA, non-religious sobriety coins (Canceled)",adamhowell,"Celebrate a “soberversary” with family and friends or just quietly by yourself with The Achieve Mint's colorful, modern sobriety coins",Art,Illustration,NC,2023-01-10,2023-02-09,5000,247,5,6,FALSE,FALSE,FALSE,FALSE,https://www.kickstarter.com/projects/ahow/beautifully-designed-non-aa-non-religious-sobriety-coins
32260866,CARVE1 SPORTSBALL: A MULTIFUNCTIONAL 3-PART FITNESS TOOL (Canceled),The CARVE1 Sports Team,"The future of fitness begins with CARVE1 Sportsball. It has 1 weighted core, 2 weighted sides and when assembled ranges from 15-45lbs.",Design,Product Design,NC,2023-05-09,2023-06-18,20000,2947,15,12,FALSE,FALSE,FALSE,FALSE,https://www.kickstarter.com/projects/1627836410/carve1-sportsball-a-compact-total-body-exercise-system
1368037835,Seat Maid (Canceled),Jared Bonnie,"""""""""Crazy Kids? Clean Car."""""""" (Protection for your back seat, added organizational space, less stress for passengers)",Design,Product Design,NC,2023-07-18,2023-08-17,10000,27,0,4,FALSE,FALSE,FALSE,FALSE,https://www.kickstarter.com/projects/seatmaid/seat-maid
1539674931,MavRick's,MavRick's,Multi purpose water bottle For more healthy planet and sharing great moments,Design,Product Design,NC,2023-08-31,2023-09-30,15000,460,3,13,FALSE,FALSE,FALSE,FALSE,https://www.kickstarter.com/projects/mavricks/mavricks
825184364,JAMMORKICKS: Sneakers with a Heart,Christy Winborn,"Welcome to JAMMORKICKS, where style meets social responsibility. We're not just a sneaker brand; we're a movement.",Fashion,Footwear,NC,2024-08-25,2024-10-24,40000,0,0,0,FALSE,FALSE,FALSE,FALSE,https://www.kickstarter.com/projects/4jammorkicks/jammorkicks-sneakers-with-a-heart
1974346096,BANNER: A Hulk Fan Film,Axel F. Martinez,"A non-profit, fan made standalone sequel to the 70's television series.",Film & Video,Drama,NC,2024-03-11,2024-04-15,38000,10126,27,5,FALSE,FALSE,FALSE,FALSE,https://www.kickstarter.com/projects/afmpictures/banner-a-hulk-fan-film
146603514,"I Love Me, Do You?",Temitope,"A beautifully illustrated children’s book about Zuri, a young girl from Mwezi Mwema, on her journey to self-love and confidence.",Publishing,Children's Books,NC,2025-04-10,2025-06-09,15000,582,4,17,FALSE,FALSE,FALSE,FALSE,https://www.kickstarter.com/projects/adek/i-love-me-do-you
15394786,Gor•Geous Watch & Co (Canceled),Shareef Walker,Gorgeous Watches Co is a boutique style watch brand based in North Carolina. Our mission is to create limited run high quality pieces!,Fashion,Jewelry,NC,2023-02-12,2023-03-14,5000,1,0,1,FALSE,FALSE,FALSE,FALSE,https://www.kickstarter.com/projects/gorgeouswatchco/gorgeous-watch-and-co
199692213,Elevé Made for Tall,Abbey Weitzeil,"At Elevé, our aim is powerful, yet simple: to revolutionize the fashion industry for tall women everywhere.",Fashion,Apparel,NC,2025-08-07,2025-10-06,65000,0,0,0,FALSE,FALSE,FALSE,FALSE,https://www.kickstarter.com/projects/2033630782/eleve-made-for-tall
1321504072,The Icarus Contract: Concept Trailer,Studio Crown Iris,"An upcoming series with heart, drama, humor, and an adventure never seen before. Help us take this universe to the next level!",Film & Video,Animation,NC,2025-11-01,2025-12-01,16700,1566,9,34,FALSE,FALSE,FALSE,FALSE,https://www.kickstarter.com/projects/studiocrowniris/the-icarus-contract-concept-trailer
1179501105,Built From Pain Clothing Brand,Jauquan Brantley,"Built From Pain is streetwear inspired by resilience, turning struggle into bold designs that represent growth, identity, and strength.",Fashion,Apparel,NC,2026-01-28,2026-02-27,2300,0,0,0,FALSE,FALSE,FALSE,FALSE,https://www.kickstarter.com/projects/bfp1/built-from-pain-clothing-brand
869321320,A Court of Book Boyfriends: A Romcom for Fantasy Readers,Samantha Dolinsky,A couple of basketball bros decide to compete with fictional men in order to connect with their significant others,Film & Video,Comedy,NC,2026-03-06,2026-03-17,4500,5003,111,47,TRUE,TRUE,TRUE,FALSE,https://www.kickstarter.com/projects/1052347467/a-court-of-book-boyfriends-a-romcom-for-fantasy-readers
1110588574,Reality Resort: Trouble in Paradise (Episodes 12+13),Cove,"A character-driven, satirical animated series inspired by and lovingly paying homage to well-known competition shows.",Film & Video,Animation,NC,2026-02-17,2026-03-25,15000,17001,113,116,TRUE,TRUE,TRUE,TRUE,https://www.kickstarter.com/projects/realityresort/reality-resort-trouble-in-paradise-episodes-12-13
320712893,Unextinct Brands,Goddess Gang,Unextinct Brands needs your help to exist. Handwoven and Handwritten - this time we need your support to survive!🪶,Fashion,Jewelry,NC,2023-11-17,2023-12-17,20000,251,1,6,FALSE,FALSE,FALSE,FALSE,https://www.kickstarter.com/projects/goddessgang/unextinct-brands
1422671952,Marvel Fan Films' Kraven vs Predator,Axel F. Martinez,"A fan-made crossover from AFM Pictures, starring Vincent Massi and Daniel Leuthardt.",Film & Video,Action,NC,2025-11-10,2025-12-10,11200,222,2,10,FALSE,FALSE,FALSE,FALSE,https://www.kickstarter.com/projects/afmpictures/marvel-fan-films-kraven-vs-predator
781156865,Let It Go: A 2D Animated/Live Action Music Video,Jeremiah Derby,UNC Tar Heels Speedy Sprag & Jeremiah Derby bring you a 2D Animated/Live Action Music Video about letting go of a toxic relationship.,Film & Video,Animation,NC,2024-04-22,2024-05-22,11000,11543,105,49,TRUE,TRUE,TRUE,FALSE,https://www.kickstarter.com/projects/badgerstudios/let-it-go-2d-animated-live-action-music-video
1306659784,MINIology,Halldor Matt Sigurdson,A MINI set of Mythology Enamel Pins including MINIDusa and MINITaur.,Fashion,Accessories,NC,2024-08-09,2024-09-07,500,94,19,4,FALSE,FALSE,FALSE,FALSE,https://www.kickstarter.com/projects/magicalmythology/miniology
111539438,Strawberry Cat Plushie by Hareyaka Land,Hareyaka Land,"A cute & silly original plushie character! The plush sits at 25cm (roughly 10in), and is being manufactured by a professional company!",Design,Toys,NC,2024-01-20,2024-03-20,5000,2714,54,46,FALSE,FALSE,FALSE,FALSE,https://www.kickstarter.com/projects/hareyakaland/strawberry-cat-plushie-by-hareyaka-land
1274839920,The Dagger of Kamui Treasure Trove Edition,Robert J Woodhead,The definitive HD release of legendary director Rintaro's action-adventure masterpiece!,Film & Video,Animation,NC,2024-08-24,2024-09-23,50000,119570,239,1428,TRUE,TRUE,TRUE,TRUE,https://www.kickstarter.com/projects/madoverlord/the-dagger-of-kamui-treasure-trove-edition
427481991,Crystal Clarity,Rassy,A Complete Collection of Inconspicuous Clarification Cards!,Design,Product Design,NC,2025-03-18,2025-04-17,25000,948,4,7,FALSE,FALSE,FALSE,FALSE,https://www.kickstarter.com/projects/rassy/crystal-clarity-0
959639879,Shells Vintage Hat Co. Launch (Canceled),Shells Vintage Hat Co.,Shells Vintage Hat Co. was started to bring back vintage hats. We make retro-style snapback hat designs and find vintage snapbacks.,Fashion,Apparel,NC,2024-06-14,2024-07-14,20000,0,0,0,FALSE,FALSE,FALSE,FALSE,https://www.kickstarter.com/projects/shellsvintagehatco/shells-vintage-hat-co-launch
990122075,Modular Funko Display Case,Link Custom Designs,3D printable and infinitely expandable Funko display case.,Design,Toys,NC,2024-07-24,2024-09-22,5000,250,5,2,FALSE,FALSE,FALSE,FALSE,https://www.kickstarter.com/projects/linkcustomdesigns/modular-funko-display-case
709878014,"D’Ps All American Apparel,”Educationally Bold Fashion”",Moses D’Prophet,"D’Prophets All American Apparel, redefines American identity! Promoting Stater over American, to unite all the American Countries!",Fashion,Apparel,NC,2025-03-22,2025-05-21,36100,0,0,0,FALSE,FALSE,FALSE,FALSE,https://www.kickstarter.com/projects/dpsaaa/dps-all-american-appareleducationally-bold-fashion
1844500629,FanGirls: The Sequel (Canceled),Kai,Part two of Excalibur Pins’ line of pins featuring women and girls from your favorite fandoms.,Fashion,Accessories,NC,2023-10-03,2023-10-31,800,2716,340,14,TRUE,TRUE,FALSE,FALSE,https://www.kickstarter.com/projects/potcpins/fangirls-the-sequel
1464609974,Reality Resort: Trouble in Paradise (Series),Cove,"Reality Resort is an animated, reality-competition series that needs your help to keep going!",Film & Video,Animation,NC,2025-05-20,2025-06-19,30000,31473,105,237,TRUE,TRUE,TRUE,FALSE,https://www.kickstarter.com/projects/realityresort/reality-resort-trouble-in-paradise-series
1517154795,TANDEM: A bicycle romance short film,Darryl Jones,Two cyclists meet in the woods—and fall in love. Written & directed by Darryl Jones.,Film & Video,Romance,NC,2025-03-20,2025-04-19,8700,11114,128,136,TRUE,TRUE,TRUE,TRUE,https://www.kickstarter.com/projects/darrylsjones/tandem-bicycle-romance-short-film
438685786,LUVR: World's First Smart Modular Handbag For All Your Looks (Canceled),Ekaterina,"Luxury Handbag | Switch Flap = Switch Style in Seconds. Save Space, Save Money, and Always Stay in Style",Design,Product Design,NC,2025-09-23,2025-10-24,10000,3124,31,15,FALSE,FALSE,FALSE,FALSE,https://www.kickstarter.com/projects/1001573821/luvr-worlds-first-smart-modular-handbag-for-all-your-looks
293033787,Bath Bloomers: The Hygiene-Focused “Bathing Suit”,Autumn Bolton,A Patent Pending product designed to offer children privacy while bathing with others.,Design,Product Design,NC,2024-02-12,2024-03-12,5000,91,2,3,FALSE,FALSE,FALSE,FALSE,https://www.kickstarter.com/projects/autumnbolton/bath-bloomers-the-hygiene-focused-bathing-suit
234989429,Reality Resort: Trouble in Paradise (Episode 11+),Cove,"Reality Resort is a character-driven, satirical animated series inspired by and lovingly paying homage to well-known competition shows.",Film & Video,Animation,NC,2025-09-22,2025-10-28,10000,10400,104,104,TRUE,TRUE,TRUE,TRUE,https://www.kickstarter.com/projects/realityresort/reality-resort-trouble-in-paradise-episode-11
1807400602,Macross II: Lovers Again Alus Edition,Robert J Woodhead,The definitive Blu-ray reference edition of the second entry in the Macross series,Film & Video,Animation,NC,2023-12-16,2024-01-15,75000,404396,539,3978,TRUE,TRUE,TRUE,TRUE,https://www.kickstarter.com/projects/madoverlord/macross-ii-lovers-again-alus-edition
1937975422,Rule 56 Pilot (Revisions),CreativeTheoryWorld,Help us fund key revisions for Rule 56 a hockey anime so you can get a glimpse of this world and one we can present it to studios.,Film & Video,Animation,NC,2024-11-04,2025-01-03,6000,7523,125,59,TRUE,TRUE,TRUE,FALSE,https://www.kickstarter.com/projects/brokenbeattheanime/rule-56-pilot
989882042,Empowering Self-Expression Through Innovative Wigs (Canceled),Shonta Y,"Celebrating individuality with high-quality wigs, cutting-edge technology, and a seamless shopping experience for everyone.",Fashion,Ready-to-wear,NC,2024-09-08,2024-09-28,9400,250,3,1,FALSE,FALSE,FALSE,FALSE,https://www.kickstarter.com/projects/wickedwigsllc/empowering-self-expression-through-innovative-wigs
623594805,Songs of War: The Great War,Squared Media,Support the next chapter of the legendary animation series!,Film & Video,Animation,NC,2026-03-07,2026-04-06,10000,100544,1005,829,TRUE,TRUE,TRUE,TRUE,https://www.kickstarter.com/projects/squaredmediayt/songs-of-war-the-great-war
55792536,Kalix – All-in-One Winter Dog Coat,Kyle Emerick,A personal journey turned into a purpose: real protection for our four-legged family.,Fashion,Pet Fashion,NC,2025-07-31,2025-08-30,31000,190,1,3,FALSE,FALSE,FALSE,FALSE,https://www.kickstarter.com/projects/kalix/kalix-all-in-one-winter-dog-coat
470051824,Oliver Plushy,Allana Friddle,A stuffed companion based on the main character from the Star Gazer book series.,Design,Toys,NC,2025-06-19,2025-08-18,2000,732,37,41,FALSE,FALSE,FALSE,FALSE,https://www.kickstarter.com/projects/230329153/oliver-plushy
435589915,Stained wings,Hunter Braly,A stained glass and glowing pin set glorifying cool bugs.,Art,Illustration,NC,2025-08-12,2025-08-29,300,5734,1911,79,TRUE,TRUE,TRUE,FALSE,https://www.kickstarter.com/projects/elementalinsects/stained-wings
1789242098,Empowering Self-Expression Through Innovative Wigs,Shonta Y,"Celebrating individuality with high-quality wigs, cutting-edge technology, and a seamless shopping experience for everyone.",Fashion,Ready-to-wear,NC,2024-09-10,2024-10-10,250,7,3,1,FALSE,FALSE,FALSE,FALSE,https://www.kickstarter.com/projects/wickedwigsllc/empowering-self-expression-through-innovative-wigs-0
1620452398,GlowLaceTM Light Up Every Step,Brandon Mcneal,✨ GlowLaceTM Light Up Every Step! ✨ Not just shoelaces... GlowLace is the future of footwear.,Fashion,Footwear,NC,2025-09-09,2025-10-21,20000,2752,14,6,FALSE,FALSE,FALSE,FALSE,https://www.kickstarter.com/projects/glowlace/glowlace-tm
1883467810,Corpus Christi Apparel,Thomas J. Redmond,Virtue Worn Boldly — Apparel Rooted in Scripture and Faith.,Fashion,Apparel,NC,2025-07-15,2025-09-01,1320,2167,164,29,TRUE,TRUE,TRUE,FALSE,https://www.kickstarter.com/projects/95298467/corpus-christi-apparel
1864520567,Release the Hound | The Smart Pet Crate Device V2.0 (Canceled),Edgineered,Unlock your pet's crate from anywhere,Design,Product Design,NC,2025-10-28,2025-11-28,2500,132,5,2,FALSE,FALSE,FALSE,FALSE,https://www.kickstarter.com/projects/edgineered/release-the-hound-the-smart-pet-crate-device
1073779145,MyMiterGrip (Canceled),Nikolai Ugrinsky,I have combined the classic miter box and the sawbuck principle to create a safe and simple way to cut and work on things by hand.,Design,Product Design,NC,2025-12-15,2026-01-14,50000,330,1,9,FALSE,FALSE,FALSE,FALSE,https://www.kickstarter.com/projects/ci-llc/mymitergrip
1885914303,Sharks: an enamel pin series from Marytime Designs,Mary Elizabeth,A series of hard enamel pins featuring 6 unique shark species,Fashion,Jewelry,NC,2024-01-19,2024-02-18,400,601,150,23,TRUE,TRUE,TRUE,FALSE,https://www.kickstarter.com/projects/marytimedesigns/sharks-an-enamel-pin-series-from-marytime-designs
1987594835,MangoIllustrated Glow Up,Katie Valentine,Let's bring your top requested products (a cat pen set) and new enamel pins and keychains to life and support brand operations.,Crafts,Stationery,NC,2025-07-11,2025-08-10,15000,5060,34,97,FALSE,FALSE,FALSE,FALSE,https://www.kickstarter.com/projects/mangoillustrated/mangoillustrated-glow-up
1008543853,The Original Bagel Bag - Keeping Bagels Fresher For Longer!,Zach Brown,"The Bagel Bag! Keeping Your Bagels Fresher, For Longer! Stores Upto 8 Bagels, Insulated, Reusable, Moisture & Oxygen Controlled.",Food,Small Batch,NC,2025-04-03,2025-05-03,2500,1195,48,7,FALSE,FALSE,FALSE,FALSE,https://www.kickstarter.com/projects/zackbrown2020/the-bagel-bag
25802003,Duty Affirmed: Affirmation Cards for Service Members,Leah M.,"Daily motivation to stay mission-ready, resilient, and mentally strong",Games,Playing Cards,NC,2026-02-16,2026-03-18,2500,1118,45,20,FALSE,FALSE,FALSE,FALSE,https://www.kickstarter.com/projects/dutynoted/duty-affirmed-affirmation-cards-for-service-members
1915701296,Soo the black cat plush + sticker sheet,SpellCircle,"Soo from the web series Runic Acres, now as a plushie!",Design,Toys,NC,2023-12-29,2024-01-29,1500,4707,314,54,TRUE,TRUE,TRUE,FALSE,https://www.kickstarter.com/projects/spellcircle/soo-the-black-cat-plush-sticker-sheet
1727657644,Frunk Bench TM - sit the frunk down (Canceled),Cyber Owners LLC,a foldable seat cushion for your Tesla Cybertruck front trunk,Design,Product Design,NC,2024-04-11,2024-06-10,1000000,4052,0,14,FALSE,FALSE,FALSE,FALSE,https://www.kickstarter.com/projects/cyberowners/frunk-bench
448713380,Travel Pillow Industry Changed Forever !!!,Albert Trail,Say goodbye to very bulky and not well working travel pillows. Only 1/4 size or less of traditional travel pillows when carrying.,Design,Product Design,NC,2025-09-16,2025-10-17,15000,42,0,1,FALSE,FALSE,FALSE,FALSE,https://www.kickstarter.com/projects/639149635/travel-pillow-industry-changed-forever
1956089716,BigDrip 2024: Celebrate Culture Through Custom Apparel & Des,Trumain,"“The BigDrip 2024 Collection includes exclusive T-shirts, hoodies, car decals, and accessories that combine Islamic artistry with moder",Fashion,Apparel,NC,2024-12-07,2025-02-05,10000,0,0,0,FALSE,FALSE,FALSE,FALSE,https://www.kickstarter.com/projects/bigdripllc/bigdrip-2024-celebrate-culture-through-custom-apparel-and-des
7301731,VoltVibez: Culture-Driven EV Charging Lounges & Lifestyle,Nigel Smith,"A vibe-first EV space fusing charging, culture, and clean energy.",Design,Product Design,NC,2025-07-31,2025-09-29,285000,0,0,0,FALSE,FALSE,FALSE,FALSE,https://www.kickstarter.com/projects/voltvibezls/voltvibez-culture-driven-ev-charging-lounges-and-lifestyle
1180065510,Hive Impact,Chandler Sheldon,"Every bracelet helps a wildlife cause—and shows you proof. We Thrive on impact, transparency, and bold design.",Fashion,Accessories,NC,2025-08-11,2025-10-10,5500,1273,23,15,FALSE,FALSE,FALSE,FALSE,https://www.kickstarter.com/projects/841354562/hive-impact
711571709,✨The Outer Senshi Shoppers ✨ - Salior Moon Inspired Handbags,"Otaka House, LLC","The community asked, and Otaka House answered 🤭",Fashion,Accessories,NC,2025-12-04,2026-01-03,5000,2590,52,25,FALSE,FALSE,FALSE,FALSE,https://www.kickstarter.com/projects/715726753/the-outer-senshi-shoppers-salior-moon-inspired-handbags
520860480,The World's First Harmless Cultivated Leather,George Engelmayr,"First-of-a-kind cultivated leather harmlessly grown from the cells of a living, sanctuary grazing cow",Technology,Wearables,NC,2025-09-09,2025-11-08,20000,21821,109,78,TRUE,TRUE,TRUE,FALSE,https://www.kickstarter.com/projects/1687452435/angelry-the-worlds-first-cultivated-leather-jewelry
711423420,The BandanaBone,Shannon Wilson,An Adjustable Bandana Fastener For Dogs,Fashion,Pet Fashion,NC,2023-07-14,2023-08-13,2500,700,28,29,FALSE,FALSE,FALSE,FALSE,https://www.kickstarter.com/projects/supershanimal/the-bandanabone
329452033,Urban Doggy: Not Just Dressed. Designed.,Urban Doggy,Simple. Confident. Intentional.,Fashion,Pet Fashion,NC,2026-04-01,2026-05-16,8000,734,9,20,FALSE,FALSE,FALSE,FALSE,https://www.kickstarter.com/projects/urbandoggy/urban-doggy-not-just-dressed-designed
319022806,Bin ReadyTM? Know when your waste/recycling bin is empty,"Christopher Krebs, PhD",Bin ReadyTM tells you when your waste or recycling bin has been emptied and it helps prevent them from missing your bin. @Kickstarter,Design,Product Design,NC,2025-12-09,2026-01-08,16920,546,3,17,FALSE,FALSE,FALSE,FALSE,https://www.kickstarter.com/projects/1149650483/bin-ready-know-when-your-waste-recycling-bin-is-empty
299620031,BRIDGES,Maxwell Banyas,"A journey unfolds with warm musical color and robust imagery that ranges from intimate felt pianos, to massive electronic soundscapes.",Music,NA,NC,2025-04-02,2025-05-02,5000,2703,54,30,FALSE,FALSE,FALSE,FALSE,https://www.kickstarter.com/projects/basalsbridge/bridges-4
794168667,Extreme Flex Body: Portable Total-Body Resistance Trainer,Ken Washington,"Train anywhere with this adjustable resistance system built for strength training, rehab, and athletic performance",Design,Product Design,NC,2025-08-20,2025-09-19,5000,230,5,5,FALSE,FALSE,FALSE,FALSE,https://www.kickstarter.com/projects/extremeflexbody/extreme-flex-body-portable-total-body-resistance-trainer
537784366,AKICORA: Straw-Bunnies,Akicora,Who said adults can't have cute clothes?,Fashion,Apparel,NC,2023-07-17,2023-08-16,1900,463,24,14,FALSE,FALSE,FALSE,FALSE,https://www.kickstarter.com/projects/akicora/akicora-straw-bunnies
679380931,✨ The Pins of a Killer | Twilight Enamel Pins ✨,Mo B.,"Four, meme-inspired enamel pins featuring the supernatural beings you love and love to joke about.",Fashion,Accessories,NC,2023-10-05,2023-10-20,370,31,8,4,FALSE,FALSE,FALSE,FALSE,https://www.kickstarter.com/projects/moandtell/the-pins-of-a-killer-twilight-enamel-pins
1501068512,Anemeow Kitties - Genchin Impact Acrylic Keychains,splotchycat,Acrylic keychains featuring catified versions of your favorite anemo boys from Genshin Impact,Art,Illustration,NC,2024-06-28,2024-07-28,800,222,28,6,FALSE,FALSE,FALSE,FALSE,https://www.kickstarter.com/projects/splotchycat/anemeow-kitties-genchin-impact-acrylic-keychains
1924765615,The Fashion Pop-Up Experience Tour,April,A Unique Fashion-Forward Pop-up Experience Tour Where Luxury Meets Community Immersion,Fashion,Couture,NC,2023-05-04,2023-06-03,135000,51,0,3,FALSE,FALSE,FALSE,FALSE,https://www.kickstarter.com/projects/apriljayne/the-fashion-pop-up-experience-tour
345241028,Michelle Obama Kamala Harris Sublimation All Over Hoodie,Nicholas Mwando kamau,Michelle Obama And Kamala Harris All Over Hoodies. Inspired by the amazing Kamala Harris And Michelle Obama,Fashion,Apparel,NC,2024-10-03,2024-10-17,2500,0,0,0,FALSE,FALSE,FALSE,FALSE,https://www.kickstarter.com/projects/nmwando/michelle-obama-kamala-harris-sublimation-all-over-hoodie
904858073,Beach to evening - Effortless elegance. Gift she'll adore,Oksana,"Premium beach-to-bar cover: Quick-dry,Resilient,Travel-friendly and always Picture-ready. From sandy shores to chic soirées with ease",Fashion,Apparel,NC,2024-03-26,2024-04-25,15000,124,1,5,FALSE,FALSE,FALSE,FALSE,https://www.kickstarter.com/projects/kingdompawpaw/beach-to-evening-effortless-elegance-gift-shell-adore
704618129,BA APPAREL EXCLUSIVE,Nya Cooper,"A brand for you, Wear the Buzz! Stings to Grow, and Sweet Memories to Keep.",Fashion,Apparel,NC,2025-04-21,2025-06-20,5000,162,3,7,FALSE,FALSE,FALSE,FALSE,https://www.kickstarter.com/projects/beeattitudesapparel/bee-attitudes-apparel
1420139484,Bamboo pan/pot scraper,Alexander Breschi,"A spatula specifically designed to scrape/clean pots and pans. The spatula is 100% made of bamboo, so it's organic and non-scratch.",Design,Product Design,NC,2025-11-19,2026-01-18,500,100,20,5,FALSE,FALSE,FALSE,FALSE,https://www.kickstarter.com/projects/beboo/bamboo-pan-pot-scraper
1349352174,Extreme Flex USA: Transform The Way You Train,Extreme Flex USA LLC,"Bringing an innovative way of training to the world of sports that enhances one's ability, through the unique design of the product.",Design,Product Design,NC,2023-03-31,2023-04-30,10000,5433,54,54,FALSE,FALSE,FALSE,FALSE,https://www.kickstarter.com/projects/extremeflexusa/extreme-flex-usa-transform-the-way-you-train
206790513,"It's an OUTBREAK! Magnacut, Titanium Framelock",Crispy Donut Community LLC,"A premium knife offering from THE donut EDC community, The CDC Outbreak is the latest offering featuring a Magnacut blade and Ti scales",Design,Product Design,NC,2024-02-16,2024-04-01,28000,21730,78,87,FALSE,FALSE,FALSE,FALSE,https://www.kickstarter.com/projects/crispydonutcommunity/its-an-outbreak-magnacut-titanium-framelock
413208511,Retro Mario Kart Hat,Guile Contreras,Rev up your style with fauxback racing hats! Nintendo 64 Nostalgia,Fashion,Accessories,NC,2023-09-25,2023-10-25,900,1,0,1,FALSE,FALSE,FALSE,FALSE,https://www.kickstarter.com/projects/buenosbiscuits/retro-mario-kart-hat
2118292089,"sleeVerse: Customize, Swap, and Create Your New Look!",Denys,"Unleash Your Style, Zip On, Zip Off, and Own It!",Fashion,Apparel,NC,2026-01-19,2026-03-20,10000,91,1,2,FALSE,FALSE,FALSE,FALSE,https://www.kickstarter.com/projects/sleeveverse/sleeveverse-customize-swap-and-create-your-new-look
1131580399,Waypoint Kit: Titanium Bit Driver + Caravel Carabiner,Voyage Bladeworks,A compact titanium EDC kit built for people who actually use their gear — from knife maintenance to daily carry.,Design,Product Design,NC,2026-03-20,2026-04-19,10000,8173,82,115,FALSE,FALSE,FALSE,FALSE,https://www.kickstarter.com/projects/voyagebladeworks/waypoint-kit-titanium-bit-driver-caravel-carabiner
800956704,Musical Program Ita Bag,Bridget,A show-stopping crossbody bag made to display your favorite pins—or the program from your favorite performance!,Fashion,Accessories,NC,2025-08-01,2025-08-31,6000,1340,22,16,FALSE,FALSE,FALSE,FALSE,https://www.kickstarter.com/projects/bridgepastnormal/musical-program-pin-crossbody-bag
407466018,Fueling Creativity: Expanding Bones Threads Beyond Fashion,Brian Smith,"Join us in expanding Bones Threads beyond fashion—into toys, TV shows, and art. Support creativity, and bold self-expression!",Fashion,Apparel,NC,2024-10-22,2024-12-21,5000,0,0,0,FALSE,FALSE,FALSE,FALSE,https://www.kickstarter.com/projects/bonesthreads/fueling-creativity-expanding-bones-threads-beyond-fashion
1645638877,The Martyrs: Shoes that present Biblical Characters' stories,Joshua Wall,What if the narrative presented in the scriptures could be read through the design details of a shoe?,Fashion,Footwear,NC,2025-03-29,2025-04-28,20000,2771,14,22,FALSE,FALSE,FALSE,FALSE,https://www.kickstarter.com/projects/nomorepaperideas/the-martyrs-shoes-that-present-biblical-characters-stories
617250017,✨ The Pins of a Killer | Twilight Saga Enamel Pins ✨ (Canceled),Mo B.,"Four, meme-inspired enamel pins featuring the supernatural beings you love and love to joke about.",Fashion,Accessories,NC,2023-09-01,2023-10-01,1975,117,6,4,FALSE,FALSE,FALSE,FALSE,https://www.kickstarter.com/projects/moandtell/these-are-the-pins-of-a-killer-bella-enamel-pins
186530629,Tiny Spaces: The Dollhouse That Converts to a Bookshelf (Canceled),Tiny Earth Toys,Designed to keep your little one engaged longer and look beautiful in your home!,Design,Toys,NC,2024-05-14,2024-06-13,15000,48347,322,136,TRUE,TRUE,FALSE,TRUE,https://www.kickstarter.com/projects/rachaelclassi/tiny-spaces-a-dollhouse-that-converts-to-a-bookshelf
225612715,The Refillable Door Frame Cat Scratcher,Whisker's Widgets,A refillable cat scratcher designed to fit interior door frames - protecting them from scratches while promoting healthy cat behavior.,Design,Product Design,NC,2025-08-05,2025-09-04,5000,385,8,7,FALSE,FALSE,FALSE,FALSE,https://www.kickstarter.com/projects/whiskerswidgets/the-refillable-door-frame-cat-scratcher
2039187532,Streetwear Brand Launch,Ryhem boyd,Fashion with a meaning. Zero Fuxx Studios.,Fashion,Apparel,NC,2024-10-12,2024-12-11,1000,0,0,0,FALSE,FALSE,FALSE,FALSE,https://www.kickstarter.com/projects/zerofuxx/streetwear-brand-launch
1633345589,SAMARÉATM — The Modular Travel Stroller That Folds Into a Bac,Stephon,"A patent-pending stroller designed to collapse into a backpack—making travel with kids simpler, lighter, and hands-free.",Design,Product Design,NC,2026-01-13,2026-02-12,295000,530,0,2,FALSE,FALSE,FALSE,FALSE,https://www.kickstarter.com/projects/1314429588/samareatm-the-modular-travel-stroller-that-folds-into-a-bac
1334793152,Kings Heart: Satin Lined Apparel (Canceled),Isaac Thompson,"For every version of you, on every kind of day.",Fashion,Apparel,NC,2025-07-11,2025-08-12,15000,119,1,1,FALSE,FALSE,FALSE,FALSE,https://www.kickstarter.com/projects/kingsheart/kings-heart-satin-lined-apparel
373893483,The Gloomridge Manor ChroniclesTM — Gothic Plush Collection,Sheri Pizarro,Every Stitch Holds a Secret — Haunting Gothic Plush Companions for Collectors,Design,Toys,NC,2025-07-22,2025-08-21,50000,547,1,8,FALSE,FALSE,FALSE,FALSE,https://www.kickstarter.com/projects/gloomridgemanor/the-gloomridge-manor-chroniclestm-gothic-plush-collection
690717733,Possum & Raccoons’ Fête: Independent Clothing Collection,Lucy Kagan,"Cottagecore shirt and skirt set for possum appreciators, raccoon enthusiasts, and lovers of whimsical apparel.",Fashion,Apparel,NC,2024-11-07,2024-12-07,5000,6007,120,49,TRUE,TRUE,TRUE,TRUE,https://www.kickstarter.com/projects/lucykagan/possum-and-raccoons-fete-independent-clothing-collection
2062873325,What the F is UX? (Canceled),Martina Josimovska,A scripted comedy-drama UX pilot about the real struggles and stories behind teams that design user experiences.,Film & Video,Comedy,NC,2026-01-15,2026-02-14,10000,0,0,0,FALSE,FALSE,FALSE,FALSE,https://www.kickstarter.com/projects/uxpilot/what-the-f-is-ux
931387321,Immigrant’s World: A Collection on Immigration,Lara Jean-Francois,"Telling the story of an immigrant through art and fashion, with 10 paintings and 10 garments.",Fashion,Ready-to-wear,NC,2026-03-04,2026-04-03,15000,21,0,3,FALSE,FALSE,FALSE,FALSE,https://www.kickstarter.com/projects/larajean-francois/immigrants-world-a-collection-on-immigration
393371175,return · innovative shoes and accessories for men and women.,return,"in our ancient-futuristic world, there's technologically-advanced foot offerings & crocheted leather relics.",Fashion,Footwear,NC,2025-05-29,2025-06-28,44000,830,2,4,FALSE,FALSE,FALSE,FALSE,https://www.kickstarter.com/projects/return/return-otherworldly-foot-offerings-and-relics
129392358,Onward Life Apparel: Groundbreaking Bold Messaging,Luke Purazo,Do you ever feel like brands just don’t speak to you? Motivate you? Inspire you? Encourage you? Shouldn’t they? They should!,Fashion,Apparel,NC,2023-09-24,2023-11-23,546786,1,0,1,FALSE,FALSE,FALSE,FALSE,https://www.kickstarter.com/projects/lukepurazo/onward-life-apparel-groundbreaking-bold-messaging
1080312153,Kentucky Snapback - The Rupp,Shells Vintage Hat Co.,New Kentucky Snapbacks are coming to Shells Vintage! Help us fund the drop so we can have them in stock ASAP!,Fashion,Accessories,NC,2025-03-05,2025-04-04,3000,929,31,8,FALSE,FALSE,FALSE,FALSE,https://www.kickstarter.com/projects/shellsvintagehatco/kentucky-snapback-the-rupp
403958905,EveryParCounts Golf Apparel,EveryParCounts,"Meet EveryParCounts —where modern style meets timeless performance. We’re the new standard in golf apparel, built for the next genera",Fashion,Apparel,NC,2025-04-30,2025-06-29,20000,10,0,1,FALSE,FALSE,FALSE,FALSE,https://www.kickstarter.com/projects/251391017/everyparcounts-golf-apparel
1026293495,Ezsheet Mattress Lifter,JoeyLynn Rito,Never lift a mattress to tuck those fitted sheets again! EZsheet does the work it lifts the mattress for you with a push of a button,Design,Product Design,NC,2024-06-04,2024-07-04,5000,260,5,3,FALSE,FALSE,FALSE,FALSE,https://www.kickstarter.com/projects/ezsheet/ezsheet-mattress-lifter
533610934,Pinsonas: Set 1 | Furry Enamel Pins,baixuea,Creating a brand new series of furry enamel pins by baixuea.,Art,Illustration,NC,2026-01-24,2026-03-03,400,293,73,7,FALSE,FALSE,FALSE,FALSE,https://www.kickstarter.com/projects/baixuea/pinsonas-set-1-furry-enamel-pins
2121898096,KuteZgirl’s Dresslotte: Where Fun Meets Dress!,Andrea Ledbetter,"“Designed for jumping, climbing, and cartwheeling — with cuteness always on point!”",Fashion,Childrenswear,NC,2026-01-15,2026-02-14,12000,680,6,58,FALSE,FALSE,FALSE,FALSE,https://www.kickstarter.com/projects/andreall/kutezgirls-dresslotte-where-fun-meets-dress
553929782,Demon Slayer Inspired Fashion Bags,Daemeryss,A bag to commemorate our favorite flame pillar.,Fashion,Accessories,NC,2023-01-16,2023-03-17,17000,1346,8,14,FALSE,FALSE,FALSE,FALSE,https://www.kickstarter.com/projects/echonyx/flame-pillar-inspired-donut-bag
1382278652,Cosmic Collection - Antiqued Metal Pins,Halldor Matt Sigurdson,"Explore this Cosmic Collection of Sun, Moon and Cosmic Winds pins, with antique copper finish.",Fashion,Accessories,NC,2023-09-01,2023-10-01,450,99,22,5,FALSE,FALSE,FALSE,FALSE,https://www.kickstarter.com/projects/magicalmythology/cosmiccollection
1203662203,Tree Pal - Make America's Favorite Air Freshener Last Longer,Alexander,An accessorized case for America's favorite air freshener. Designed to help it last longer and stop overwhelming fragrance.,Design,Product Design,NC,2024-06-06,2024-08-05,13000,40,0,4,FALSE,FALSE,FALSE,FALSE,https://www.kickstarter.com/projects/treepals/tree-pal-make-americas-favorite-air-freshener-last-longer
604281860,Pacto: Refreshing Sunscreen for Men (Canceled),Dani,The sunscreen that plays golf! ---> cold roller - fresh scent - dry hands,Design,Product Design,NC,2026-01-05,2026-02-04,30693,230,1,10,FALSE,FALSE,FALSE,FALSE,https://www.kickstarter.com/projects/danimynd/pacto-refreshing-sunscreen-for-men
477427323,The Red Sun Apparel and Story Release,Joshua McMahan,The Red Sun creature Kyofu on high quality Next Level brand shirts and physical release of The Red Sun story.,Fashion,Apparel,NC,2025-06-29,2025-07-29,500,0,0,0,FALSE,FALSE,FALSE,FALSE,https://www.kickstarter.com/projects/brokenbluejay/the-red-sun-apparel-and-story-release
265050545,Heart Breakers #01 - STL Pinups for 3D Printing,Juancho,"3D printable pinup models, Pre-supported 28mm STL files for table-top games or miniature painters.",Games,Tabletop Games,NC,2025-02-21,2025-03-10,60,1355,2258,30,TRUE,TRUE,TRUE,FALSE,https://www.kickstarter.com/projects/juanchosminis/heart-breakers-01-stl-pinups-for-3d-printing
521793907,The Chicky Nuggy Enamel Pin,Guile Contreras,The Golden Nuggy will be made!,Fashion,Accessories,NC,2023-01-31,2023-03-02,225,303,135,23,TRUE,TRUE,TRUE,FALSE,https://www.kickstarter.com/projects/buenosbiscuits/the-chicky-nuggy-enamel-pin
413571881,AKICORA: Straw-Bunnies (Retry!),Akicora,Who said adults can't have cute clothes?,Fashion,Apparel,NC,2023-08-18,2023-09-17,200,451,226,14,TRUE,TRUE,TRUE,FALSE,https://www.kickstarter.com/projects/akicora/akicora-straw-bunnies-retry
1585795939,HangNailz Drywall Hooks & Anchors,"Instigator, Inc.","Quickly, easily, and securely mount just about anything with our push-in-place hooks & anchors for drywall.",Design,Product Design,NC,2024-09-10,2024-10-10,5000,6465,129,61,TRUE,TRUE,TRUE,FALSE,https://www.kickstarter.com/projects/hangnailz/hangnailz-drywall-hooks-and-anchors
1581118149,Musical Program Ita Bag: The Amazing Bag for Theatre Fans.,Bridget,A show-stopping crossbody bag made to display your favorite pins—or the program from your favorite performance!,Fashion,Accessories,NC,2025-09-05,2025-11-04,2500,3000,120,35,TRUE,TRUE,TRUE,FALSE,https://www.kickstarter.com/projects/bridgepastnormal/musical-program-ita-bag-the-amazing-bag-for-theatre-fans
1580694047,Craftworks: Custom Miniatures & Premade STL Collections,MiniaturesCraze,"Pay Once, Own Forever — Unlimited Custom Miniatures from Craftworks (500+ parts to mix and match) + 389 Premade Minis & 51 Terrain Sets",Games,Tabletop Games,NC,2025-09-30,2025-10-16,500,3006,601,18,TRUE,TRUE,TRUE,FALSE,https://www.kickstarter.com/projects/miniaturescraze/forge-your-world-custom-miniatures-gear-packs-collection
749144835,Sprout Cow Plushies,alpacasews,"Help bring to life Sprout Cow and friends! This colorful herd of cattle are inspired by the plants around us, and each come with a pot!",Design,Toys,NC,2023-04-03,2023-04-17,5500,103591,1883,1442,TRUE,TRUE,TRUE,FALSE,https://www.kickstarter.com/projects/babycryptids/sprout-cow-plushies
1162235527,Playable Lego Atari 2600 Console - with 130 games!,game-n-bricks,Convert your Lego Atari 2600 into a working game console - or buy a completed Lego Atari 2600 with over 130 original Atari games!,Technology,Hardware,NC,2024-02-25,2024-04-01,10000,2179,22,14,FALSE,FALSE,FALSE,FALSE,https://www.kickstarter.com/projects/gnb-atari/playable-lego-atari-2600-game-console
1978504976,"KAGO: The World's First Rideable, Autopilot Outdoor Pickup",kago,Ridable Experience | AI Vision Follow | Remote Control | Power Assist | All-Terrain | 770LBS Payload | Fold to Go | Travel Report,Technology,Robots,NC,2025-10-28,2025-12-12,5000,260200,5204,248,TRUE,TRUE,TRUE,TRUE,https://www.kickstarter.com/projects/kago/kago-the-worlds-first-rideable-ai-powered-outdoor-wagon
1305194319,Gender Affirming Healthcare Pins | Make 100,Made by Max Designs,"Enamel advocacy pins to spread awareness that """"""""Gender Affirming Healthcare Saves Lives"""""""" and promote transgender healthcare access.",Art,Illustration,NC,2025-01-01,2025-02-01,500,4138,828,146,TRUE,TRUE,TRUE,TRUE,https://www.kickstarter.com/projects/madebymaxdesigns/gender-affirming-healthcare-pins-make-100
1472247346,Kid Phillip's Pool Party Tiki Bash!,The Pickety Witch,Drink and swim deliciously this Summerween!,Design,Product Design,NC,2024-04-23,2024-05-23,14700,28565,194,354,TRUE,TRUE,TRUE,FALSE,https://www.kickstarter.com/projects/thepicketywitch/kid-phillips-pool-party-tiki-bash
733970069,Little Oak Collective | Consign. Conserve. Connect,Cheyenne Levinson,"A modern and sustainable children's boutique offering consignment, eco friendly retail, and a community event space.",Fashion,Childrenswear,NC,2023-04-19,2023-04-29,15000,15155,101,145,TRUE,TRUE,TRUE,TRUE,https://www.kickstarter.com/projects/littleoakcollective/little-oak-collective-consign-conserve-connect
1235903104,Mushberry Forest - Hard Enamel Pin Set 🍄🌱🍓,Ivy Dolamore,A cottagecore inspired collection of adorable enamel pins!,Fashion,Accessories,NC,2023-06-16,2023-07-16,500,5602,1120,156,TRUE,TRUE,TRUE,FALSE,https://www.kickstarter.com/projects/ivyalive/mushberry-forest-hard-enamel-pin-set
2023174274,JUST START Planner: A Small Business Planner,Allyson Shropshire,For the ambitious woman entrepreneur—make your goals happen with confidence. Transform your dreams into actionable goals.,Publishing,Calendars,NC,2025-01-28,2025-02-17,3000,3311,110,26,TRUE,TRUE,TRUE,FALSE,https://www.kickstarter.com/projects/juststartplanner/just-start-planner-a-small-business-planner
293668840,"NUKNIVES U23-XS Folding Utility Knife, EDC Pocket Knife",NUKNIVES,"A sleek, Foldable utility knife with quick blade release, safety guard tip design, compact and Versatile for daily cutting tasks.",Design,Product Design,NC,2025-05-27,2025-07-26,1000,20643,2064,260,TRUE,TRUE,TRUE,FALSE,https://www.kickstarter.com/projects/nuknives/nuknives-u23-xs-folding-utility-knife-edc-pocket-knife
1197620755,Pride in the Pages | Customizable Bookshelf Pin Collection,Made by Max Designs,Curate a bookshelf that reflects yourself with this collection of pride flag inspired enamel mini pins.,Fashion,Accessories,NC,2026-01-01,2026-02-01,2000,6641,332,137,TRUE,TRUE,TRUE,FALSE,https://www.kickstarter.com/projects/madebymaxdesigns/pride-in-the-pages-customizable-bookshelf-pin-collection
426360701,Beelzebun - The Demonic Bunny Plushie,The Pickety Witch,Witchy bunny pals hopping from the abyss straight into your lap!,Design,Toys,NC,2023-05-15,2023-06-05,5800,13997,241,274,TRUE,TRUE,TRUE,FALSE,https://www.kickstarter.com/projects/thepicketywitch/beelzebun-the-demonic-bunny-plushie
1400443488,CinchSuit,CinchSuit Inc,"It is time for girls to have swimsuits that fit, grow with their bodies, and preserve their dignity.",Fashion,Childrenswear,NC,2024-07-25,2024-09-01,2000,2302,115,20,TRUE,TRUE,TRUE,FALSE,https://www.kickstarter.com/projects/cinchsuit/cinchsuit
1320348027,Monster Chest Ita Bag Dark Mode,Harloe Rifner,ROUND TWO of the Monster chest bags! New colors and the chance to reorder the old ones as well!,Fashion,Accessories,NC,2025-06-01,2025-07-21,4000,4125,103,23,TRUE,TRUE,TRUE,FALSE,https://www.kickstarter.com/projects/moonsyart26/monster-chest-ita-bag-dark-mode
790925549,Part 2 Year of the Dragon: Dragon Villagers Enamel Pins,Denise Nicole,The second part of the Year of the Dragon Villager Enamel Pin Project! Which dragon villager will you recruit to your island?,Fashion,Accessories,NC,2024-09-27,2024-10-18,2100,3046,145,66,TRUE,TRUE,TRUE,FALSE,https://www.kickstarter.com/projects/omuart/part-2-year-of-the-dragon-dragon-villagers-enamel-pins
2063997975,Bra's Aren't Uncomfortable—We Just Weren’t Taught Right!,Nakaela Elliott,Boobs Deserve Better: Master Bra Fitting with Me! Your Support Builds the Future of Bra Fitting—From Masterclass to Dream Boutique.,Publishing,Academic,NC,2025-01-01,2025-01-31,16600,732,4,3,FALSE,FALSE,FALSE,FALSE,https://www.kickstarter.com/projects/nakaela/bras-arent-uncomfortablewe-just-werent-taught-right
824633229,Pink Voodoo Bunny Hard Enamel Lapel Pin,Jennifer McCrory,Let's create 50 super cute pink voodoo bunny hard enamel pins!,Design,Product Design,NC,2024-07-12,2024-07-27,300,52,17,4,FALSE,FALSE,FALSE,FALSE,https://www.kickstarter.com/projects/dyealittle/pink-voodoo-bunny-hard-enamel-lapel-pin
459980308,"AllBoss, Carts with a Cause- The Next-Gen Lemonade Stand",AllBoss,AllBoss is a mobile storefront for kids to display & sell their own merchandise while learning valuable life and entrepreneurial skills,Design,Toys,NC,2024-08-20,2024-09-19,15000,18790,125,34,TRUE,TRUE,TRUE,FALSE,https://www.kickstarter.com/projects/allboss/allboss-carts-with-a-cause-the-next-gen-lemonade-stand
1664432658,The Versatile Folding Pocket Screwdriver Titanium EDC Tool,Nuknives,Compact and Convenient EDC Foldable Screwdriver Tool with 10 Hidden Bits| Liner lock Screwdriver Tool for daily repairs and Outdoor use,Design,Product Design,NC,2025-01-21,2025-03-07,1200,24623,2052,290,TRUE,TRUE,TRUE,FALSE,https://www.kickstarter.com/projects/nuknivestool/the-versatile-folding-pocket-screwdriver-titanium-edc-tool
56250094,NUKNIVES: EDC Pocket Knife-Folding Knife-Titanium EDC Knife,NUKNIVES,2.9-inch Blade | 3.9-inch Handle | M390 and D2 with black stonewashed finish | Liner lock | Ti-ULTEM Knife-Carbon Fiber Knife-G10 Knife,Design,Product Design,NC,2024-11-21,2025-01-05,1500,21691,1446,251,TRUE,TRUE,TRUE,FALSE,https://www.kickstarter.com/projects/nuknives/nuknives-edc-pocket-knife-folding-knife-titanium-edc-knife
1499227379,Voyage Bladeworks Outland - The Ultimate Adventure Knife,Voyage Bladeworks,"Rugged. Reliable. Ready for anything. Conquer the wild with the Outland - built in the USA for explorers, crafted for performance.",Design,Product Design,NC,2025-04-01,2025-05-01,4100,11232,274,115,TRUE,TRUE,TRUE,FALSE,https://www.kickstarter.com/projects/voyagebladeworks/voyage-bladeworks-outland-the-ultimate-adventure-knife
962309333,Nounish Friends Blind Box Mini Figure Series,Bigshot Toyworks,Collect the complete set of Nounish Friends Mini Figures.,Design,Toys,NC,2024-05-01,2024-05-16,100,454,454,4,TRUE,TRUE,TRUE,FALSE,https://www.kickstarter.com/projects/bigshot-toyworks/nounish-friends
1073226512,Surf: Dishwasher of the Future,shayan arman,Invented by an Apple Engineer and a Principal Propulsion Engineer from Relativity Space. Silicon Valley design in your Kitchen.,Design,Product Design,NC,2024-07-02,2024-08-31,500000,7960,2,10,FALSE,FALSE,FALSE,FALSE,https://www.kickstarter.com/projects/sarman/surf-dishwasher-patent-pending
1434496943,"Otacle S2 Ti: Fidgetable, Self-Leveling Titanium EDC Compass",Otacle team,Pure Titanium | Inspired by the Eye of Agamotto & Gyroscopes | Self-Leveling | IPX7 Waterproof | Free Ti Key Ring | Free Leather Cord,Design,Product Design,NC,2024-08-16,2024-09-15,1000,38221,3822,647,TRUE,TRUE,TRUE,FALSE,https://www.kickstarter.com/projects/1025872025/otacle-s2-ti-fidgetable-self-leveling-titanium-edc-compass
1438015849,"Attic Hawk - A safer, hands-free way to transfer attic items",Attic Hawk Team,Reduce your risk of falls. Afford the safety you deserve.,Design,Product Design,NC,2025-02-04,2025-03-20,21999,2317,11,35,FALSE,FALSE,FALSE,FALSE,https://www.kickstarter.com/projects/attichawk/attic-hawk
1138387224,Splash Buddy: The Future of Bathrooms,Splash Buddy,We are a bidet company that wants to create the first fully customized designed bidet attachment in the history of the world.,Technology,Gadgets,NC,2025-03-01,2025-04-02,10000,150,2,3,FALSE,FALSE,FALSE,FALSE,https://www.kickstarter.com/projects/1122881806/splash-buddy-the-future-of-bathrooms
1460480774,Hiii Flip - The World’s Most Compact Electric Surfskateboard,Hiii Tech,The Ultimate Portable E-Board That Fits in Your Backpack!,Design,Product Design,NC,2025-02-25,2025-04-11,20000,4153,21,12,FALSE,FALSE,FALSE,FALSE,https://www.kickstarter.com/projects/hiii-tech/hiii-flip-the-worlds-most-compact-electric-surfskateboard
951477154,"Through The Eras: Taylor Swift Pins (Arcane, Disney)",Samantha Leonard,"A collection of hard enamel pins inspired by each of Taylor Swift's albums, including some crossovers with other fandoms.",Art,NA,NC,2025-02-17,2025-03-19,313,37,12,3,FALSE,FALSE,FALSE,FALSE,https://www.kickstarter.com/projects/pinnacleofsuccess/through-the-eras-taylor-swift-pins-arcane-disney
167745875,The Carolina Artist Mixer,Tajia Lagomarsino,The Carolina Artist Mixer is a soon to be Non-profit that creates opportunities for artists all around the world to be showcased.,Art,Performance Art,NC,2023-02-12,2023-04-13,100000,1,0,1,FALSE,FALSE,FALSE,FALSE,https://www.kickstarter.com/projects/tcam/the-carolina-artist-mixer
77314182,Year of the Dragon Plushie & Extras 🐉✨,Kayla,"2024 is the Year of the Dragon! Celebrate with Tianlong, an adorable, posable dragon spirit plush toy.",Design,Toys,NC,2024-03-05,2024-04-04,5000,7072,141,144,TRUE,TRUE,TRUE,FALSE,https://www.kickstarter.com/projects/eyewhiskers/year-of-the-dragon-plushie-and-extras
76063548,Map of a Fabled Land Enamel Pin Collection,Lucy Kagan,"Enamel pins for each wondrous destination & its guardian creature on our cartographer’s journey, inspired by fantasy maps.",Design,Product Design,NC,2026-02-10,2026-03-03,500,826,165,22,TRUE,TRUE,TRUE,FALSE,https://www.kickstarter.com/projects/lucykagan/map-of-a-fabled-land-enamel-pin-collection
395330939,Land of Vampires: Risen Retribution – Duet 5e Campaign,Grove Guardian Press,A gothic D&D 5e campaign written for one GM and one Player. Return to the Land of Vampires to save it or drag it into shadow forever.,Games,Tabletop Games,NC,2025-07-15,2025-08-14,5000,6206,124,82,TRUE,TRUE,TRUE,FALSE,https://www.kickstarter.com/projects/groveguardian/land-of-vampires-risen-retribution
369224258,The Wayfinder's Saga: Charting the Shattered Sea,MiniaturesCraze,3D Printable Fantasy Miniatures & Terrain,Games,Tabletop Games,NC,2026-01-20,2026-02-02,100,2960,2960,64,TRUE,TRUE,TRUE,FALSE,https://www.kickstarter.com/projects/miniaturescraze/the-wayfinders-saga-charting-the-shattered-sea
619693313,Vega Titanium Bottle Opener,Clarke Jewell,Vega: Elevate your drink experience with precision and style.,Design,Product Design,NC,2023-11-18,2023-12-18,5000,1301,26,25,FALSE,FALSE,FALSE,FALSE,https://www.kickstarter.com/projects/vegaopener/vega-titanium-bottle-opener
1154154093,"Fish People, Lizards & Hope: Quirky Hair Claws After a Storm",Kyndra Sweep,Relaunching my hand-designed hair claws to save my small art business and rebuild after Hurricane Helene,Art,Illustration,NC,2024-10-26,2024-11-25,4200,4460,106,83,TRUE,TRUE,TRUE,TRUE,https://www.kickstarter.com/projects/kyndrasweep/fish-people-lizards-and-hope-quirky-hair-claws-after-a-storm
1550682768,The Bright Hope Planner,Katlin Bielfeldt,"The Bright Hope Planner helps women stay organized while cultivating faith, gratitude, and intentional living every day.",Design,Product Design,NC,2025-04-08,2025-04-30,3500,4421,126,67,TRUE,TRUE,TRUE,TRUE,https://www.kickstarter.com/projects/brighthope/the-bright-hope-planner
1363544993,Botanica Mythica Pins and Pendants,Kaysha Siemens,Pins by Kaysha Siemens,Fashion,Accessories,NC,2023-07-18,2023-08-19,10000,10242,102,156,TRUE,TRUE,TRUE,FALSE,https://www.kickstarter.com/projects/botanicamythica/botanica-mythica-pins-and-pendants
1441514423,Shred Harder. Shred Better. ShredLORD.,FusionRide,ShredLORD is the first snowboard suspension system - a cheat code for snowboarders.,Design,Product Design,NC,2025-12-01,2025-12-22,10000,28984,290,191,TRUE,TRUE,TRUE,FALSE,https://www.kickstarter.com/projects/fusionride/shred-harder-shred-better-shredlord
137768794,❤♡ Strawberry Heart ♡❤ Ita Bag,Kayla,An adorable heart-shaped strawberry ita bag to display all your favorite enamel pins.,Fashion,Accessories,NC,2023-07-18,2023-08-17,2500,5867,235,80,TRUE,TRUE,TRUE,FALSE,https://www.kickstarter.com/projects/eyewhiskers/strawberry-heart-ita-bag
925532119,Enki Board (Canceled),LP,Swimming & Water Fitness Device,Design,Product Design,NC,2023-10-05,2023-11-04,12800,1235,10,27,FALSE,FALSE,FALSE,FALSE,https://www.kickstarter.com/projects/enkiboard/enki-board
258602291,Column Puzzle: Discover the Art of Puzzling,Curio,The Column Puzzle is not your average puzzle. Its an intellectual adventure that challenges your spatial reasoning and mental dexterity,Design,Product Design,NC,2024-09-03,2024-10-03,10000,88227,882,942,TRUE,TRUE,TRUE,FALSE,https://www.kickstarter.com/projects/curiopuzzles/column-puzzle
371820047,Beacon Collection: Inspiring Pens to Illuminate Your Story,"Donnie Grady, Pamlico Pen Company","Inspired by the lore of the lighthouse’s guiding light, this collection represents growth, hope, and the power to chart your own course",Design,Product Design,NC,2025-02-24,2025-03-26,1000,1726,173,16,TRUE,TRUE,TRUE,FALSE,https://www.kickstarter.com/projects/pamlicopencompany/beacon-collection-inspiring-pens-to-illuminate-your-story
1953736266,Alizé Umbrella: The Ultimate Umbrella with Built-In Fans,Alizé Umbrella,Enjoy warm summer days with built-in fans & technology,Design,Product Design,NC,2024-06-12,2024-07-22,20000,33005,165,92,TRUE,TRUE,TRUE,FALSE,https://www.kickstarter.com/projects/74829388/alize-umbrella-the-ultimate-outdoor-cooling-comfort
383739767,Biblically Accurate Angel Handbag,Kayla,Cloud-kissed and halo-topped. A dreamy angel-inspired bag for your magical outfits!,Fashion,Apparel,NC,2025-07-07,2025-08-11,2500,6871,275,51,TRUE,TRUE,TRUE,FALSE,https://www.kickstarter.com/projects/eyewhiskers/biblically-accurate-angel-handbag
256906419,Wear the Hair: A Campaign to Support Sustainable Apparel,Appalachian Gear Company,"At Appalachian Gear Company, we believe that you don't have to sacrifice performance for sustainability.",Fashion,Apparel,NC,2023-03-03,2023-04-02,7500,8902,119,59,TRUE,TRUE,TRUE,FALSE,https://www.kickstarter.com/projects/wear-the-hair/wear-the-hair-a-campaign-to-support-sustainable-apparel
2022686602,🌷🍄💅 Sassy Cottage Core Enamel Pins 💅🍄🌷,Studio Egg Face,"Who says cottage core can only be sweet and demure? Our enamel pin series has a blend of nature, coziness, and sass.",Fashion,Accessories,NC,2023-05-26,2023-06-25,1235,7032,569,220,TRUE,TRUE,TRUE,FALSE,https://www.kickstarter.com/projects/studioeggface/sassy-cottage-core-enamel-pins
1006968194,The Clove Hitch Beer Company,Kevin Ryan,"A family-friendly beer and wine hall located in Downtown Jacksonville, North Carolina.",Food,Drinks,NC,2023-03-13,2023-04-12,17500,17567,100,115,TRUE,TRUE,TRUE,FALSE,https://www.kickstarter.com/projects/clovehitchbeer/the-clove-hitch-beer-company
1445507349,The Carolina State University (Canceled),Alexia Taft,The School of Entertainment & Media,Film & Video,Webseries,NC,2023-11-08,2023-12-22,59800,1,0,1,FALSE,FALSE,FALSE,FALSE,https://www.kickstarter.com/projects/carolinastateuni/the-carolina-state-university
1133421095,The $10 Shift: Fixing Hidden Loss in Restaurants,Treavor Anthony English,"Teaching frontline workers how small daily decisions turn into $10,000+ in lost profit - and how to stop it",Food,Events,NC,2026-04-20,2026-06-19,12000,0,0,0,FALSE,FALSE,FALSE,FALSE,https://www.kickstarter.com/projects/10dollar/the-10-shift-fixing-hidden-loss-in-restaurants
1174683665,A WOMAN OWNED CSA FARMSTEAD,Tamara Davis,Start up Farmstead looking to expand and start a affordable healthy chemical free produce box for our local community.,Food,Farms,NC,2024-01-16,2024-03-16,6000,1,0,1,FALSE,FALSE,FALSE,FALSE,https://www.kickstarter.com/projects/daviswaysfarmstead/a-woman-owned-csa-farmstead
1885796549,Happy Barbecue The Series,Reveal Live! Entertainment,"Happy Barbecue is traveling the country, showcasing new recipes, new people, and all things barbecue.",Film & Video,Television,NC,2023-06-26,2023-08-25,7000,111,2,3,FALSE,FALSE,FALSE,FALSE,https://www.kickstarter.com/projects/happpybarbecue/happy-barbecue-the-series
1111848532,Deep Chatham Paranormal,John Wyatt Dowdy,"Join us as we explore the world of the paranormal through the eyes of average, ordinary, everyday people.",Film & Video,Television,NC,2023-06-30,2023-08-29,5000,3386,68,4,FALSE,FALSE,FALSE,FALSE,https://www.kickstarter.com/projects/dcpfundraiser/deep-chatham-paranormal
1856679242,Hidden Ships Distillery,Andy,"Our Distillery and Pre-Prohibition inspired cocktail bar needs a little help! We'll make custom vodka, rum, gin, and bourbon.",Food,Drinks,NC,2023-03-01,2023-04-01,25000,28441,114,140,TRUE,TRUE,TRUE,FALSE,https://www.kickstarter.com/projects/hiddenships/hidden-ships-distillery
689090097,Imperium Coffee,Evan,Conquer the day ahead with specialty coffee inspired by the great men of history.,Food,Drinks,NC,2024-03-19,2024-04-16,21000,23035,110,50,TRUE,TRUE,TRUE,FALSE,https://www.kickstarter.com/projects/evanrtw/imperium-coffee
864380675,The Brown Book: A Black Gardener's Guide,Brian Kennedy,A book and digital archive documenting the practices and lessons of Black gardeners in the South through photography and audio.,Art,Mixed Media,NC,2025-02-01,2025-03-13,9600,10536,110,132,TRUE,TRUE,TRUE,TRUE,https://www.kickstarter.com/projects/briankennedy/the-brown-book-a-black-gardeners-guide
2126762964,AFM's Mission: Impossible - Micro Film (Canceled),Axel F. Martinez,"A Micro Film pitch; Written, Produced, & Directed by Axel F. Martinez. Starring Marty Stroupe, Quanell Cavanaugh, and Daniel Leuthardt.",Film & Video,Shorts,NC,2026-03-10,2026-04-18,3500,0,0,0,FALSE,FALSE,FALSE,FALSE,https://www.kickstarter.com/projects/afmpictures/afms-mission-impossible-fan-film
1806732104,Buzzbox: The Original Pregame Game,Riley,Start the night off with your deck in your hand. Drown you and your guests in the fate of the pregame game.,Games,Playing Cards,NC,2024-01-19,2024-02-18,1650,2174,132,53,TRUE,TRUE,TRUE,FALSE,https://www.kickstarter.com/projects/buzzbox/buzzbox-the-original-pregame-game
75969207,Night School Bar's Durham Home,Night School Bar Durham,"Bringing community, classes, & cocktails to Old Five Points in late 2023!",Food,Drinks,NC,2023-08-23,2023-09-22,25000,29587,118,193,TRUE,TRUE,TRUE,TRUE,https://www.kickstarter.com/projects/nightschoolbar/night-school-bars-durham-home
1169832600,Nine Cavities (Canceled),Eric Canfield,From a team of third and fourth year UNCSA students comes an absurdly hilarious new web series.,Film & Video,Webseries,NC,2025-02-03,2025-04-03,4000,1,0,1,FALSE,FALSE,FALSE,FALSE,https://www.kickstarter.com/projects/ninecavities/nine-cavities
804620400,Arcade Animals - Episodes 7-9 (and more),Scott Leftwich,Arcade Animals is a game show competition featuring classic arcade games from the 1980's.,Film & Video,Television,NC,2024-04-12,2024-06-01,7000,7086,101,23,TRUE,TRUE,TRUE,FALSE,https://www.kickstarter.com/projects/arcadeanimals/arcade-animals-episodes-7-9-and-more
1763057084,Finding Ally (Short Film),Joseph Riggi,"Looking to finance my short film """"""""FINDING ALLY"""""""" which is a romantic crime-drama.",Film & Video,Drama,NC,2024-08-19,2024-09-18,29000,321,1,7,FALSE,FALSE,FALSE,FALSE,https://www.kickstarter.com/projects/josephriggi/finding-ally-short-film
438994972,Courage House Trailer: Long-Term Housing for DV Survivors (Canceled),Lori Bohemier,A survivor escapes violence and begins building Courage House -A long-term transitional housing program for domestic violence survivors,Film & Video,Documentary,NC,2025-11-22,2025-12-22,6000,0,0,0,FALSE,FALSE,FALSE,FALSE,https://www.kickstarter.com/projects/couragehousekay/courage-house-trailer-long-term-housing-for-dv-survivors
1914535893,Yoga with Ethan's Book and Tutorial Publication ॐ (Canceled),Yoga with Ethan Hill ॐ,Help fund professional editing for the 'Ignorance is Not Bliss' book and 'The User Manual' tutorial series,Publishing,Nonfiction,NC,2025-11-29,2026-01-01,4500,165,4,3,FALSE,FALSE,FALSE,FALSE,https://www.kickstarter.com/projects/yogawithethan/support-ethans-book-and-yoga-tutorial-publication
127324488,Headlights | Feature Film (PHASE 1),Logan Gyoerkoe,"When a group of teenage girls break into an abandoned house, one of them spirals into a state of impaired reality where mystery unfolds",Film & Video,Thrillers,NC,2025-04-12,2025-06-11,6000,820,14,8,FALSE,FALSE,FALSE,FALSE,https://www.kickstarter.com/projects/gyoerkoe/headlights-feature-film-phase-1
2050184573,Temptation Red: TV Series,Mechanized Productions,Give into Temptation and Unleash the Horrors Within.,Film & Video,Television,NC,2024-07-02,2024-08-31,20000,170,1,4,FALSE,FALSE,FALSE,FALSE,https://www.kickstarter.com/projects/temptarionred/temptation-red-tv-series
2020444124,Out For Delivery (Short Film),Tiffany Greene,"""""""""He knows more than your order history.""""""""",Film & Video,Shorts,NC,2025-06-30,2025-08-29,5000,200,4,2,FALSE,FALSE,FALSE,FALSE,https://www.kickstarter.com/projects/ofdshortfilm/out-for-delivery-short-film
2096759826,Wild Earth Conservancy: Wildlife Rescue Photography,Wild Earth Conservancy,"Building a wildlife rescue eco-village in NC. Documenting every animal we save, every release, through photography.",Photography,Animals,NC,2025-12-22,2026-02-05,50000,236,0,5,FALSE,FALSE,FALSE,FALSE,https://www.kickstarter.com/projects/wildearthconservancy/wild-earth-conservancy-wildlife-rescue-photography
1475550815,Zuppadaday Gourmet Foods 2,Dan Westervelt,Zuppa's mission is to create a locally made foods using fresh and sustainable ingredients produced by local farms and producers.,Food,Food Trucks,NC,2025-12-25,2026-01-25,10000,1135,11,6,FALSE,FALSE,FALSE,FALSE,https://www.kickstarter.com/projects/zuppaisagouda/zuppadaday-gourmet-foods-2
1919652185,Marty the Martian Farmer: Retro Sci-Fi Comedy Animation (Canceled),Neal Jamison,A quirky indie animated television pilot about a farmer from Mars who turns space junk into comedy gold. Let's do this!,Film & Video,Animation,NC,2025-08-26,2025-10-07,10000,29,0,3,FALSE,FALSE,FALSE,FALSE,https://www.kickstarter.com/projects/2033029734/mars-is-trending-lets-make-it-weirder
1454721431,Make Markola Coffee House Come to Life!,Mark Daumen,"Help us open Mebane's next coffee shop, community space, and new home of the famous Markola Coffee Syrup: Markola Coffee House!",Food,Restaurants,NC,2026-03-01,2026-03-31,20000,20717,104,132,TRUE,TRUE,TRUE,TRUE,https://www.kickstarter.com/projects/drinkmarkola/make-markola-coffee-house-come-to-life
463931268,Marvel Fan Films' Banner: To Seek Refuge,Axel F. Martinez,"A Hulk fan film by AFM Pictures, in association with Barn Door Productions.",Film & Video,Webseries,NC,2025-05-16,2025-06-15,46000,2295,5,7,FALSE,FALSE,FALSE,FALSE,https://www.kickstarter.com/projects/afmpictures/marvel-fan-films-banner-to-seek-refuge
81180946,The Coop ScoopTM by Bee Jeweled Coop,Bee Jeweled Coop,"The Coop Cleaning Tool Designed Specifically for Chicken Keepers, by a Chicken Keeper!",Design,Product Design,NC,2024-05-21,2024-06-18,12757,19096,150,370,TRUE,TRUE,TRUE,FALSE,https://www.kickstarter.com/projects/coopscoop/coop-scoop-bee-jeweled-coop
894335017,Help Us Publish The Flavor Seed Organic Seasonal Cookbook,Adam Jenkins,"Follow our chef inspired, mother approved cookbook to create simple organic meals within 30 minutes.",Food,Cookbooks,NC,2023-05-08,2023-06-07,5000,5032,101,54,TRUE,TRUE,TRUE,TRUE,https://www.kickstarter.com/projects/flavorseed/help-us-publish-the-flavor-seed-organic-seasonal-cookbook
17291426,New Unscripted Reality Show,Dante,"A group of young entrepreneurs comes to Charlotte showcase their talents, personalities, business and/or content.",Film & Video,Webseries,NC,2023-01-29,2023-03-29,200000,26,0,2,FALSE,FALSE,FALSE,FALSE,https://www.kickstarter.com/projects/dante07/new-unscripted-reality-show
1952615870,CHLOE IN RANGE TO KILL,GERALD NESMITH JR,"After the accidental death of her boyfriend as he proposed, Chloe realizes truths about herself as he repeatedly comes back to life.",Film & Video,Shorts,NC,2025-11-15,2025-12-15,1200,130,11,3,FALSE,FALSE,FALSE,FALSE,https://www.kickstarter.com/projects/gchloe2/chloe-in-range-to-kill
614577509,The Dread South: A Miniseries,Sirius,"An anthology horror miniseries where each episode is a self-contained storyline with unique characters, setting, and twists.",Film & Video,Horror,NC,2025-06-06,2025-07-06,13000,220,2,6,FALSE,FALSE,FALSE,FALSE,https://www.kickstarter.com/projects/dreadsouthtv/the-dread-south-a-miniseries
34438512,Greif - A WWII Psychological Thriller,Elliot Wilks,"A dangerous mixture of lies, mysticism, and delirium causes an unlikely group of Allied soldiers to question one another’s allegiances.",Film & Video,Narrative Film,NC,2024-04-10,2024-05-10,10000,10025,100,52,TRUE,TRUE,TRUE,FALSE,https://www.kickstarter.com/projects/greif/greif-a-wwii-psychological-thriller
1808918415,"Shon’s Stories: Empowering Kids, One Story at a Time!",Tashonda McCormick,"Creating fun, inclusive educational videos and promoting literacy!",Film & Video,Webseries,NC,2025-01-03,2025-02-08,1200,40,3,3,FALSE,FALSE,FALSE,FALSE,https://www.kickstarter.com/projects/2130362233/shons-stories-empowering-kids-one-story-at-a-time
166919369,BenzeniTM ♦ Floating Coasters & Floats ♦ Patented Innovation,Brent A. Ford,"An adjustable, highly-stable device for floating beverages, candles, plants, and more. Also great for pool pong & other pool games.",Design,Product Design,NC,2023-05-09,2023-06-12,8400,1470,18,17,FALSE,FALSE,FALSE,FALSE,https://www.kickstarter.com/projects/brentaford/benzenitm-floating-coasters-and-floats-patented-innovation
2056848233,"Wallwerx: Organize Your Space, Your Way",Wallwerx,Versatile Usage | Fits Standard Pegboards | Secure Wall Mount | Easy Installation | Multiple Attachments | Patented Base Plate,Design,Product Design,NC,2024-02-20,2024-03-22,5000,35414,708,368,TRUE,TRUE,TRUE,TRUE,https://www.kickstarter.com/projects/wallwerx/wallwerx-organize-your-space-your-way
1286250839,Crowka Pot,Adrian Campbell,a moka pot shaped like a crow.,Design,Product Design,NC,2025-05-01,2025-05-31,8000,34271,428,274,TRUE,TRUE,TRUE,TRUE,https://www.kickstarter.com/projects/crowkapot/crowka-pot
514112950,"DoughBed by Sourhouse: Your dough, proofed just right",Sourhouse,"A warm, easy-to-store tool for home bakers who want to confidently proof bread dough on their schedule...for sourdough & yeast breads.",Design,Product Design,NC,2024-05-07,2024-06-01,25000,268013,1072,1581,TRUE,TRUE,TRUE,TRUE,https://www.kickstarter.com/projects/sourhouse/doughbed-by-sourhouse
1004953065,Here There Bear,Bigshot Toyworks,"A trusted go-everywhere companion, Here There Bear is a soft, tactile reminder to slow down, breathe deep, and reconnect.",Design,Toys,NC,2025-08-06,2025-09-05,6000,7861,131,113,TRUE,TRUE,TRUE,FALSE,https://www.kickstarter.com/projects/bigshot-toyworks/here-there-bear
2044051341,Forge Your World: Unlimited Custom 3D Printable Miniatures,MiniaturesCraze,"Customize Without Limits – Lifetime Access, Unlimited STL Downloads for Your Adventures, characters, mounts, & more!",Games,Tabletop Games,NC,2025-05-13,2025-06-07,3500,5102,146,44,TRUE,TRUE,TRUE,FALSE,https://www.kickstarter.com/projects/miniaturescraze/forge-your-world-custom-3d-printable-miniatures
222754964,Legends of the Eastern Shores - 3D Printable,MiniaturesCraze,Print Your Own Legends: Eastern-Inspired Miniatures & Scenery,Games,Tabletop Games,NC,2024-04-23,2024-05-14,500,1729,346,51,TRUE,TRUE,TRUE,FALSE,https://www.kickstarter.com/projects/miniaturescraze/legends-of-the-eastern-shores
2004760824,Insulated Asthma Inhaler Case Prototype,Elizabeth Hunt,Help us create a prototype to keep your asthma inhaler from overheating during daily activities like sports practice & summer hikes.,Design,Product Design,NC,2023-10-07,2023-10-22,500,76,15,3,FALSE,FALSE,FALSE,FALSE,https://www.kickstarter.com/projects/hideawaysessentials/insulated-asthma-inhaler-case-prototype
639778020,the ulumulu loop tissue dispenser,dean verhoeven,"Elevate your space with this beautiful, sculptural, hand-made-in-the-US tissue dispenser",Design,Product Design,NC,2025-02-04,2025-03-06,900,2731,303,11,TRUE,TRUE,TRUE,TRUE,https://www.kickstarter.com/projects/deandavidv/the-ulumulu-loop-tissue-dispenser
963223802,"C D C OUTBREAK: Magnacut, Ti Framelock EDC Pocket Knife",Crispy Donut Community LLC,"A premium knife offering from THE donut EDC community, The CDC Outbreak is the latest offering featuring a Magnacut blade and Ti scales",Design,Product Design,NC,2024-04-08,2024-04-23,17500,19121,109,75,TRUE,TRUE,TRUE,FALSE,https://www.kickstarter.com/projects/crispydonutcommunity/c-d-c-outbreak-magnacut-ti-framelock-edc-pocket-knife
1965925216,Trovalet: The Ultimate Hanging Accessory Organizer,Betsy Stec Market,"Maximize Your Closet: Smart Storage Solution for Jewelry, Accessories and More",Fashion,Accessories,NC,2024-03-20,2024-04-29,15000,28522,190,76,TRUE,TRUE,TRUE,TRUE,https://www.kickstarter.com/projects/betsystecmarket/the-ultimate-hanging-accessory-organizer
749812952,Mirra Note: A Journaling Companion That Writes Back,Nick Jerles,"A reflection tool that responds to your journal, handwritten or digital, with deeply personal, eco-friendly letters.",Publishing,Literary Journals,NC,2025-09-02,2025-10-01,10000,10619,106,68,TRUE,TRUE,TRUE,TRUE,https://www.kickstarter.com/projects/njerles/mirra-note-a-journaling-companion-that-writes-back
1624930053,NUKNIVES U25 Replaceable Blade EDC Knife with Multi-Tools,Nuknives,"A compact versatile utility knife with blade change, prybar, Wrench, Ruler, bottle opener-crafted with top materials for daily carry.",Design,Product Design,NC,2025-08-06,2025-10-05,1000,11802,1180,187,TRUE,TRUE,TRUE,FALSE,https://www.kickstarter.com/projects/nuknivestool/mini-replaceable-blade-edc-knife-with-multi-tools
1923508349,Sharks and Friends,Mary Elizabeth,A series of unique shark pins from Marytime Designs,Art,Illustration,NC,2025-02-01,2025-03-03,350,360,103,13,TRUE,TRUE,TRUE,FALSE,https://www.kickstarter.com/projects/marytimedesigns/sharks-and-friends
57750469,Naturalist's Hoard pin collection,Hunter Braly,Enamel pins based on nature. These will all be between 1 and 1.25 inches.,Fashion,Accessories,NC,2024-07-16,2024-08-09,350,2208,631,56,TRUE,TRUE,TRUE,FALSE,https://www.kickstarter.com/projects/elementalinsects/naturalists-hoard-pin-collection
1995517552,"Cultureopolis | Clothing, Apparel and Streetwear",Michael McCarthy,Culture-based lifestyle clothing brand mixing modern trends with classic graphics and styles.,Fashion,Apparel,NC,2023-01-22,2023-03-23,15000,1792,12,12,FALSE,FALSE,FALSE,FALSE,https://www.kickstarter.com/projects/cultureopolis/cultureopolis-clothing-apparel-and-streetwear
2072143129,Prehistoric Pins,Hunter Braly,Enamel pins based on prehistoric animals,Fashion,Accessories,NC,2024-11-26,2024-12-13,300,856,285,32,TRUE,TRUE,TRUE,FALSE,https://www.kickstarter.com/projects/elementalinsects/prehistoric
1420125037,One Bag for Every Mom: Meet 'The Lactote' by Roomina,Kellie Geisel,"All your parenting must-haves in one beautifully designed tote—made for moms who pump, parent, and persevere with style.",Fashion,Accessories,NC,2025-05-13,2025-06-07,5000,5311,106,32,TRUE,TRUE,TRUE,FALSE,https://www.kickstarter.com/projects/shoproomina/one-bag-for-every-mom-meet-the-lactote-by-roomina
1204279501,Evictus,Evictus,High end athletic wear for affordable prices,Fashion,Apparel,NC,2023-02-09,2023-03-11,15000,581,4,5,FALSE,FALSE,FALSE,FALSE,https://www.kickstarter.com/projects/evictus/evictus
1314590784,TOAKS Titanium Windshield Stand — Integrated Design,Sam,An ultralight titanium windshield and pot stand engineered as a single integrated component.,Design,Product Design,NC,2025-12-12,2026-01-11,1000,2064,206,21,TRUE,TRUE,TRUE,FALSE,https://www.kickstarter.com/projects/toaksoutdoor/toaks-titanium-windshield-stand-integrated-design
670680740,Language in a Flash[card],Payton Cole,Fun & Effective Language Learning,Games,Tabletop Games,NC,2024-11-10,2024-12-10,10000,938,9,6,FALSE,FALSE,FALSE,FALSE,https://www.kickstarter.com/projects/openingatlas/language-in-a-flash-card
135066894,Launch FleuraFit!,Sumaiyah,FleuraFit is brand focused on making fitness accessible to all women.,Design,Product Design,NC,2024-04-11,2024-05-21,1300,439,34,9,FALSE,FALSE,FALSE,FALSE,https://www.kickstarter.com/projects/fundfleurafit/launch-fleurafit
1204388720,PURRoboros - enamel pins,splotchycat,A collection of hard enamel pins celebrating eternal love for life's feline companions.,Fashion,Accessories,NC,2024-12-01,2024-12-31,440,555,126,20,TRUE,TRUE,TRUE,FALSE,https://www.kickstarter.com/projects/splotchycat/purroboros-enamel-pins
720648875,The Beer Kraken,Corbin Minor,"The Beer Kraken helps you carry your preferred beverages in style, whether it cans or bottles, you can get to Kraken.",Design,Product Design,NC,2024-04-11,2024-05-31,5000,1941,39,41,FALSE,FALSE,FALSE,FALSE,https://www.kickstarter.com/projects/corbinminor/the-beer-kraken
90402020,SENSEItional Purse - A Demon Slayer Inspired Accessory,Daemeryss,Demon Slayer inspired bags for the fashionable fan. Made by Echonyx.,Fashion,Accessories,NC,2023-11-24,2023-12-13,12000,2066,17,27,FALSE,FALSE,FALSE,FALSE,https://www.kickstarter.com/projects/echonyx/senseitional-purse-a-demon-slayer-inspired-accessory
1538527399,Bows and Boots Clothing,Bows & Boots Clothing Boutique,Super cute and comfy bamboo clothing. I am looking to start a small children’s clothing store both online and at women’s home shows.,Fashion,Childrenswear,NC,2025-03-29,2025-04-28,15000,0,0,0,FALSE,FALSE,FALSE,FALSE,https://www.kickstarter.com/projects/twinklestrucks/bows-and-boots-clothing
38825168,Folklore cryptids and more,Hunter Braly,Enamel pins of your favorite spooky creatures.,Fashion,Accessories,NC,2023-08-22,2023-09-22,450,1391,309,47,TRUE,TRUE,TRUE,FALSE,https://www.kickstarter.com/projects/elementalinsects/folklore-cryptids-and-more
1431589153,Kid Phillip & Luna the Witch Kitten - Vinyl Art Figures,The Pickety Witch,"Trick-or-treat deliciously with everyone's favorite spooky goat, and cast spells with our adorable witch kitten!",Design,Toys,NC,2023-09-01,2023-10-01,14730,15281,104,152,TRUE,TRUE,TRUE,FALSE,https://www.kickstarter.com/projects/thepicketywitch/kid-phillip-halloween-vinyl-figure
2091980819,"Good Omens: Encore un Verre 2"""""""" HARD ENAMEL PIN",Katie,Help me make my fan-favorite Good Omens design into an enamel pin!,Art,NA,NC,2023-07-21,2023-08-04,1150,1415,123,55,TRUE,TRUE,TRUE,FALSE,https://www.kickstarter.com/projects/bonesmakenoise/good-omens-encore-un-verre-2-hard-enamel-pin
1955132676,Ascrowdeus & Friends - Witchy Crow Plushies,The Pickety Witch,The cutest and spookiest corvids you ever did see!,Design,Toys,NC,2024-09-13,2024-10-13,1600,9085,568,181,TRUE,TRUE,TRUE,FALSE,https://www.kickstarter.com/projects/thepicketywitch/ascrowdeus-and-friends-witchy-crow-plushies
955656078,Veilguard Buddy: Enamel Pin Collection,ItsYukiMe,DATV inspired character pins featuring your favorite companions and more!,Art,Illustration,NC,2024-11-12,2024-11-26,300,1048,349,24,TRUE,TRUE,TRUE,FALSE,https://www.kickstarter.com/projects/itsyukime/veilguard-buddy-enamel-pin-collection
1978482671,Renown Universe T-shirts Vol.1,Renown,The beginning of the Renown Merchandise. T-shirt apparel from the Renown Universe brand.,Fashion,Apparel,NC,2024-08-09,2024-09-08,300,2,1,2,FALSE,FALSE,FALSE,FALSE,https://www.kickstarter.com/projects/renownuniverse/renown-universe-t-shirts-vol1
288913402,Gentleman Jane,Gentleman Jane LLC,Lingerie and intimate apparel designed specifically for masculine women.,Fashion,Apparel,NC,2023-05-17,2023-06-16,22000,902,4,8,FALSE,FALSE,FALSE,FALSE,https://www.kickstarter.com/projects/gentlemanjane/gentleman-jane
708715722,SitBaxTM Bleacher Seat: Game-Changing Comfort,SitBax Bleacher Seat,Full body comfort | High-backed design | Swivel feature | Portable & collapsible | Backpack carry | Adjustable recline | Patent pending,Design,Product Design,NC,2023-09-26,2023-11-05,15000,79814,532,388,TRUE,TRUE,TRUE,FALSE,https://www.kickstarter.com/projects/2001332735/sitbaxtm-bleacher-seat-game-changing-comfort
655876613,Magical Tile Enamel Pins,Jen Mazur,Enamel pins and stickers of magical characters.,Design,Product Design,NC,2023-01-25,2023-02-24,1200,841,70,18,FALSE,FALSE,FALSE,FALSE,https://www.kickstarter.com/projects/solarnovae/magical-tile-enamel-pins
1030704541,Express Your Unique Style with WANTS: WE ARE NOT THE SAME,Chad Hardy,Join us in creating a collection of garments that celebrate individuality and self-expression. Always stay true to yourself,Fashion,Apparel,NC,2023-01-29,2023-03-30,24700,1,0,1,FALSE,FALSE,FALSE,FALSE,https://www.kickstarter.com/projects/478907867/express-your-unique-style-with-wants-we-are-not-the-same
955274933,Magical Mythology Enamel Pin Collection,Halldor Matt Sigurdson,Mythological creatures from around the world in cute pin form!,Fashion,Accessories,NC,2023-01-18,2023-02-19,500,630,126,16,TRUE,TRUE,TRUE,FALSE,https://www.kickstarter.com/projects/magicalmythology/magical-mythology-enamel-pin-collection
997216552,The Green Chicky Nuggy Enamel Pin,Guile Contreras,The stinky Nug,Fashion,Accessories,NC,2023-05-23,2023-06-22,250,274,110,16,TRUE,TRUE,TRUE,FALSE,https://www.kickstarter.com/projects/buenosbiscuits/the-green-chicky-nuggy-enamel-pin
1053287537,Debuting my solo fashion show,Sarai,Up and coming designer trying to establish and stabilize my business to debut my solo fashion show this coming year,Fashion,Apparel,NC,2023-10-16,2023-12-15,10000,5001,50,2,FALSE,FALSE,FALSE,FALSE,https://www.kickstarter.com/projects/majorsarai/debuting-my-solo-fashion-show
405939468,Bots on Parade - Prideful Robot Enamel Pin Collection,Made by Max Designs,Come join the parade! This enamel pin collection features a colorful cast of robotic characters inspired by LGBTQ+ identities.,Fashion,Accessories,NC,2024-06-04,2024-06-28,500,1750,350,24,TRUE,TRUE,TRUE,FALSE,https://www.kickstarter.com/projects/madebymaxdesigns/bots-on-parade-prideful-robot-enamel-pin-collection
584287416,"NUKNIVES Kumpanter Folding Utility Knife, Titanium EDC Knife",NUKNIVES,Quick Release Blade + Foldable + Compact + Versatile + Handy + Anti-slip Appearance,Design,Product Design,NC,2023-09-14,2023-11-13,1200,28906,2409,442,TRUE,TRUE,TRUE,FALSE,https://www.kickstarter.com/projects/nuknives/nuknives-kumpanter-folding-utility-knife
389605451,Fantasy Bottle Pins,Jen Mazur,Interchangeable enamel pin set inspired by the world of Ghibli.,Design,Product Design,NC,2023-05-02,2023-06-01,2500,991,40,18,FALSE,FALSE,FALSE,FALSE,https://www.kickstarter.com/projects/solarnovae/fantasy-bottle-pins
965880544,Two Brothers: a Ghost Rider Family Road Trip,Joey Navarra Jr,+90 pages of a Ghost Rider fan comic,Comics,Comic Books,NC,2023-05-25,2023-06-16,1500,1952,130,53,TRUE,TRUE,TRUE,FALSE,https://www.kickstarter.com/projects/joeyjr/two-brothers-a-ghost-rider-family-road-trip
974441490,The Remnant: Black Cobra #1,Grok Comics,Black Cobra battles villains while navigating his journey of faith & servitude in three separate adventures,Comics,Comic Books,NC,2023-10-25,2023-11-30,500,4942,988,59,TRUE,TRUE,TRUE,FALSE,https://www.kickstarter.com/projects/grokcomics/the-remnant-black-cobra-1
1858631167,Make 100 Cryptid Mugs,alexandra Barnes,Get your new favorite handmade mug with one of four iconic cryptid designs.,Crafts,Pottery,NC,2023-01-31,2023-02-17,1000,2026,203,23,TRUE,TRUE,TRUE,FALSE,https://www.kickstarter.com/projects/zanbarnespottery/make-100-cryptid-mugs
377822406,Prompts for Absurd Systems — Volume 1,Side Eye Studios,60 prompts. 60 images. See what happens when systems follow instructions exactly.,Publishing,Art Books,NC,2026-04-01,2026-04-22,2000,230,12,23,FALSE,FALSE,FALSE,FALSE,https://www.kickstarter.com/projects/sideeyestudios/prompts-for-absurd-systems-volume-1
1129521974,Tales of Cape Fear: Volume 5,Angie Fernot,"The fifth installment of this locally made, internationally loved anthology series is back for another year!",Comics,Anthologies,NC,2024-06-01,2024-07-01,2800,3638,130,68,TRUE,TRUE,TRUE,FALSE,https://www.kickstarter.com/projects/talesofcapefear2023/tales-of-cape-fear-volume-5
1146108602,"SMOOTH MOVES: Moving stories, gag comics, and more!",Andrew Neal,"Gags, jokes, and nonsense! Includes a reprint of the out of print 320 Shades of Greg: A Meeting Comics Erotic Thriller!",Comics,Comic Books,NC,2023-05-09,2023-06-09,500,802,160,48,TRUE,TRUE,TRUE,FALSE,https://www.kickstarter.com/projects/wanderlane/smooth-moves-moving-stories-gag-comics-and-more
1481102465,"AL, Logical! A Young Adult Graphic Novel",Natural Math,"It's like a math circle, but in a haunted multidimensional mansion where a brave artist finds the restless ghost of a mathematician.",Publishing,Young Adult,NC,2026-02-04,2026-03-06,6000,6571,110,116,TRUE,TRUE,TRUE,FALSE,https://www.kickstarter.com/projects/naturalmath/al-logical-a-young-adult-graphic-novel
82713390,Kirk Lindo's VAMPRESS LUXURA Volume 12 VARIANT EDITIONS!,Kirk Lindo,An ALL NEW DELUXE set of Collectible Variant Covers for the LUXURA V12: The Monsters Gauntlet Comic!,Comics,Graphic Novels,NC,2023-02-25,2023-03-06,99,3755,3793,85,TRUE,TRUE,TRUE,FALSE,https://www.kickstarter.com/projects/kirklindo/kirk-lindos-vampress-luxura-volume-12-variant-editions
584814783,Reading Is An Escape,Laura Mehaffey,Enamel pins inspired by reading,Comics,Graphic Novels,NC,2023-04-28,2023-05-28,1000,7152.69,715,94,TRUE,TRUE,TRUE,FALSE,https://www.kickstarter.com/projects/cosplaycalendar/reading-is-an-escape
281664211,TILT: Volume One Trade,Aaron Dowen,A special 128-page collected edition of Tilt 1-4 with bonus stories and materials never seen before.,Comics,Comic Books,NC,2023-08-02,2023-08-24,1500,1618,108,42,TRUE,TRUE,TRUE,FALSE,https://www.kickstarter.com/projects/aarondowen/tilt-volume-one-trade
1318284152,Trinity's Creatures: Mysteries Revealed,Marell Scott,The spiritual journey of our trio has BEGUN,Comics,Comic Books,NC,2023-05-15,2023-06-14,700,744,106,19,TRUE,TRUE,TRUE,FALSE,https://www.kickstarter.com/projects/trinityscreatures/trinitys-creatures-mysteries-revealed
1177662822,Val’s Wonder Butter,Valerie Duplan,"A natural all-in-one butter for men, women, and babies — soothing eczema, dry scalp, and everyday skin & hair care.",Crafts,DIY,NC,2025-09-11,2025-10-11,25000,237,1,5,FALSE,FALSE,FALSE,FALSE,https://www.kickstarter.com/projects/306977876/vals-wonder-butter
1896089043,The Adventures of Sunny and Daisy,Brittany,Margret’s New Adventure,Publishing,Children's Books,NC,2025-06-03,2025-08-02,4000,293,7,6,FALSE,FALSE,FALSE,FALSE,https://www.kickstarter.com/projects/drchamberlain/the-adventures-of-sunny-and-daisy
1740387246,SPELLCASTER WILD CARD: Upper YA Urban Fantasy,Nikki Jefford,"She's the dark horse in the world's greatest magical competition. 🪄 Choose from eBook, paperback, deluxe hardback, or all three!",Publishing,Fiction,NC,2023-10-19,2023-11-08,3500,6216,178,89,TRUE,TRUE,TRUE,TRUE,https://www.kickstarter.com/projects/nikkijefford/spellcaster-season-13-ya-paranormal-romance-deluxe-edition
539784912,Kor-Drath: The Reckoning! by Andy Smith,Andy Smith,Conan meets Game of Thrones in this Dungeons and Dragons Style Adventure. Kor-Drath must avenge the brutal slaughter of his tribe!,Comics,Graphic Novels,NC,2023-02-10,2023-04-11,500,4671,934,77,TRUE,TRUE,TRUE,FALSE,https://www.kickstarter.com/projects/smittyd69/andy-smiths-kor-drath-the-reckoning
1963148698,"Make 100: Sex Spies digital, new issue + Rock album digital",DJ West,"Get the entire Sex, Spies, & Rock 'n Roll collection digitally, and get a full 10 song Rock album! Plus a brand new excl issue!",Comics,Comic Books,NC,2026-01-06,2026-01-29,669,2217,331,139,TRUE,TRUE,TRUE,FALSE,https://www.kickstarter.com/projects/sexspiesrocknroll/make-100-sex-spies-digital-new-issue-rock-album-digital
1852145342,Good Seed Craft Co - Studio Build,Anna Rose,Help my growing printmaking business have a permanent home in my community!,Crafts,Printing,NC,2026-04-15,2026-05-15,5800,1627,28,23,FALSE,FALSE,FALSE,TRUE,https://www.kickstarter.com/projects/869131706/good-seed-craft-co-studio-build
1782480858,Bo Hampton's FANTASTIC ADVENTURE,Bo Hampton,"An in depth art book featuring the lush works of comic legend Bo Hampton. Interviews, insights into the process, and more!",Comics,Graphic Novels,NC,2023-06-15,2023-07-17,5000,26281,526,201,TRUE,TRUE,TRUE,FALSE,https://www.kickstarter.com/projects/ft1/bo-hamptons-fantastic-adventure
454675280,HELLFORGED #1-5: Fantasy Adventure Meets Science Fiction,Elliott Duque-Estrada,"Liz is the human avatar of the legendary sword Excalibur, and only she can save Camelot from the evil that has infected it.",Comics,Comic Books,NC,2025-05-31,2025-07-01,6500,10642,164,342,TRUE,TRUE,TRUE,TRUE,https://www.kickstarter.com/projects/destrada/hellforged-1-5-fantasy-adventure-meets-science-fiction
1704752670,The Pied Piper Playing Cards - A Classic Tale Reborn,Chris Hage,Step into the timeless legend of The Pied Piper with a deck that captures the mystery and folklore of this chilling tale.,Games,Playing Cards,NC,2025-02-16,2025-03-18,10000,68927,689,685,TRUE,TRUE,TRUE,TRUE,https://www.kickstarter.com/projects/wondercraft/the-pied-piper-playing-cards
1043778623,Kirk Lindo's VAMPRESS LUXURA: BACKER'S DELIGHT - Round 02,Kirk Lindo,"2 All NEW PREMIUM HARDCOVER EDITIONS of the LUXURA V02 Comic, plus many other Books and Merch that you might have missed!",Comics,Comic Books,NC,2023-07-05,2023-07-19,99,2146,2168,47,TRUE,TRUE,TRUE,FALSE,https://www.kickstarter.com/projects/kirklindo/kirk-lindos-vampress-luxura-v02-naughty-hardcover-editions
46326838,IYRIN #1,Kevin G,Set in the Ancient World of the antediluvian period. The destruction of the divine is exacted by an unexpected judgment.,Comics,Comic Books,NC,2023-01-12,2023-02-16,7000,7272,104,47,TRUE,TRUE,TRUE,FALSE,https://www.kickstarter.com/projects/iyrincomic/iyrin-1
1437775880,New Military Comic Anthology,Eric Meadvin,"Featuring comics from Pvt. Murphy, Sky Attack Comics, and 1st Awesome Platoon.",Comics,Comic Books,NC,2023-11-17,2024-01-16,2500,3700,148,67,TRUE,TRUE,TRUE,FALSE,https://www.kickstarter.com/projects/1436196985/new-military-comic-anthology
16333925,THE ADVENTURES OF IRONY AND HOLLY ONE SHOT!,Barry Welch,"Through the magic of her cell phone, IRONY MOROSE hooks up with HOLLY DAYE to participate in short iconic pop culture events!",Comics,Graphic Novels,NC,2023-09-03,2023-09-30,999,354,35,15,FALSE,FALSE,FALSE,FALSE,https://www.kickstarter.com/projects/btwcomics/the-adventures-of-irony-and-holly-one-shot
1976704038,Up All Night with Rhonda Shear,Dan Hollifield,"""""""""Night at the Necronomicomic-con""""""""",Comics,Graphic Novels,NC,2023-08-09,2023-09-08,5000,791,16,18,FALSE,FALSE,FALSE,FALSE,https://www.kickstarter.com/projects/uan/up-all-night-with-rhonda-shear
1287556039,Officially licensed The Lord of the RingsTM stained glass art,Geek Orthodox,Explore the realm of The Shire in this collection of the first ever officially licensed original stained glass artwork.,Games,Tabletop Games,NC,2024-09-24,2024-10-11,10000,106521,1065,569,TRUE,TRUE,TRUE,TRUE,https://www.kickstarter.com/projects/geekorthodox/shire-stained-glass
2070605930,Unity Comics Cosplay Gallery #13,gropiusone,Featuring IRABYB As Velma,Comics,Comic Books,NC,2025-09-13,2025-10-03,300,1573,524,67,TRUE,TRUE,TRUE,FALSE,https://www.kickstarter.com/projects/gropiusone/unity-comics-cosplay-gallery-13
808175824,Lil' Miss Steel [Graphic Novel],Ethan Kellihan,"Miss when comics & cartoons were good? Yeah, me too, so I'm making a comic book that looks like a 2000s cartoon!",Comics,Graphic Novels,NC,2023-09-23,2023-10-23,8000,64,1,4,FALSE,FALSE,FALSE,FALSE,https://www.kickstarter.com/projects/evcomics/lil-miss-steel-graphic-novel
565999871,Torch: RTS #1-4 - A wild sci-fi adventure unlike any other!,AJ Rojek,Ex-kid prodigy starpilot is hunted for her supposed warcrimes...not that she minds. She misses the adrenaline rush -- so bring it on!,Comics,Comic Books,NC,2025-10-07,2025-11-06,1000,10351,1035,237,TRUE,TRUE,TRUE,FALSE,https://www.kickstarter.com/projects/ajrojek/trts1-4
1524711669,Unity Comics Cosplay Gallery #7,gropiusone,Featuring the cosplay art of Yunogana as Makima from Chainsaw Man,Comics,Comic Books,NC,2025-07-15,2025-08-04,300,1536,512,45,TRUE,TRUE,TRUE,FALSE,https://www.kickstarter.com/projects/gropiusone/unity-comics-cosplay-gallery-7
22074916,THE VALIANT: Issue #4,Scott H. Davis,Homecoming,Comics,Comic Books,NC,2023-02-02,2023-03-04,750,792,106,5,TRUE,TRUE,TRUE,FALSE,https://www.kickstarter.com/projects/hazardcomics/the-valiant-issue-4
456379802,HELP! Our kids/ teenagers need an All-Ages Country Dancehall,Wild Mustangs Dancehall & Grill,"We want to create a space where families and friends can gather over great food, learn new skills, and enjoy entertaining experiences.",Dance,Spaces,NC,2025-05-26,2025-06-25,25000,2572,10,7,FALSE,FALSE,FALSE,FALSE,https://www.kickstarter.com/projects/wmdg/help-our-kids-teenagers-need-an-all-ages-country-dancehall
1810092715,Unity Comics Cosplay Gallery #5,gropiusone,Featuring the cosplay art of Chap Chap in her comic debut as Misato Katsuragi from Neon Genesis Evangelion,Comics,Comic Books,NC,2025-06-25,2025-07-15,300,1181,394,41,TRUE,TRUE,TRUE,FALSE,https://www.kickstarter.com/projects/gropiusone/unity-comics-cosplay-gallery-5
1395377706,Unity Comics Cosplay Gallery #18 & #19 + Poker Cards,gropiusone,"Featuring the Cosplay Art of Chap Chap, Comics, Cards and Skateboards",Comics,Comic Books,NC,2026-02-01,2026-02-21,300,3879,1293,78,TRUE,TRUE,TRUE,FALSE,https://www.kickstarter.com/projects/gropiusone/unity-comics-cosplay-gallery-18-and-19-poker-cards
2110457002,Unity Comics Cosplay Gallery #22,gropiusone,Featuring the Cosplay Art of Olga Raitsena,Comics,Comic Books,NC,2026-04-02,2026-04-22,750,1409,188,56,TRUE,TRUE,TRUE,FALSE,https://www.kickstarter.com/projects/gropiusone/unity-comics-cosplay-gallery-22
896227111,Knightmare #1,Christopher Banks,A dark reimagining of King Arthur — where the once noble king rises undead to lead a cursed army against his own knights.,Comics,Comic Books,NC,2026-01-01,2026-03-02,3000,3409,114,63,TRUE,TRUE,TRUE,FALSE,https://www.kickstarter.com/projects/christopherbanks/knightmare-1
284433607,The Touch of Sunlight : Comic Book by Sandflakedraws,Joey Granger,"A tale about wishes, and their price.",Comics,Comic Books,NC,2023-04-28,2023-05-28,5500,33808,615,667,TRUE,TRUE,TRUE,FALSE,https://www.kickstarter.com/projects/strangegrange/the-touch-of-sunlight-comic-book-by-sandflakedraws
417166386,Start Small Selling: The Book,Jed Byrne,Learn How to Start Selling Your A/E/C Services and Build a Sustainable Selling Practice,Publishing,Nonfiction,NC,2025-09-04,2025-10-04,1500,3323,222,63,TRUE,TRUE,TRUE,FALSE,https://www.kickstarter.com/projects/jedbyrne/start-small-selling-the-book
724294863,Skin Alchemy in a Box by Pharmacist Tish,Latisha Marsh,"""""""""Launch Your Own Profitable, AI-Powered Skincare Line—Formulated by a Pharmacist, Crafted by You.""""""""",Crafts,DIY,NC,2025-04-28,2025-05-28,5000,207,4,16,FALSE,FALSE,FALSE,FALSE,https://www.kickstarter.com/projects/theglowingcougar/skin-alchemy-in-a-box-by-pharmacist-tish
201518532,Kirk Lindo's VAMPRESS LUXURA: BACKER'S DELIGHT - Round 03,Kirk Lindo,"2 All NEW PREMIUM HARDCOVER EDITIONS of the LUXURA V03 Comic, plus many other Books and Merch that you might have missed!",Comics,Comic Books,NC,2023-07-28,2023-08-04,99,1271,1284,26,TRUE,TRUE,TRUE,FALSE,https://www.kickstarter.com/projects/kirklindo/kirk-lindos-vampress-luxura-backers-delight-round-03
1744351618,Robo #1-6 - A tragic superhero in a cyberpunk world,Jesse Keppler,Robo is a cyberpunk comic asking if a superhero employed by a mega-corporation is a PR tool or a savior and who makes that decision?,Comics,Comic Books,NC,2023-07-27,2023-08-19,2000,2089.69,104,57,TRUE,TRUE,TRUE,FALSE,https://www.kickstarter.com/projects/moosecatcomics/robo-1-6-a-tragic-superhero-in-a-cyberpunk-world
1660939128,Aceblade 7: Cash Rules,Danny J Quick,Aceblade's frustrations spill over into his personal life. Can he get his student out of prison before Gutshot gets his hands on her?,Comics,Comic Books,NC,2023-10-20,2023-11-13,5500,7980,145,176,TRUE,TRUE,TRUE,FALSE,https://www.kickstarter.com/projects/dannyjquick/aceblade-7-cash-rules
1038849208,3 Devils: The Return by Bo Hampton,Bo Hampton,10 years later the Supernatural Western mayhem continues!,Comics,Comic Books,NC,2023-10-31,2023-12-04,11666,12592,108,128,TRUE,TRUE,TRUE,FALSE,https://www.kickstarter.com/projects/ft1/3-devils-the-return-by-bo-hampton
1232359207,"The Remnant: New Release Bundle (Remnant #3, Annual #1)",Grok Comics,"THE WORLD STILL NEEDS HEROES! The Remnant returns with The Remnant #3, Secret Files #5, Remnant Annual #1 and Parables #6.",Comics,Comic Books,NC,2023-03-16,2023-04-15,200,1194,597,28,TRUE,TRUE,TRUE,FALSE,https://www.kickstarter.com/projects/grokcomics/the-remnant-new-release-bundle-remnant-3-annual-11
138414661,Samurai Grandpa and the Eight-Branched Tree—Book I,Eastin DeVerna,"Ojichan returns in a brand-new adventure. A beautiful, watercolored prequel to the critically-acclaimed graphic novel—Samurai Grandpa.",Comics,Graphic Novels,NC,2023-09-19,2023-10-18,13000,13391,103,275,TRUE,TRUE,TRUE,TRUE,https://www.kickstarter.com/projects/eastindeverna/samurai-grandpa-and-the-eight-branched-tree
1408002246,Handmade Sunshine and String,Laurisa Hutchins,"Building a Community of Crochet, Creativity, and Cozy Vibes.",Crafts,Crochet,NC,2024-11-12,2025-01-11,7500,120,2,12,FALSE,FALSE,FALSE,FALSE,https://www.kickstarter.com/projects/sunshineandstring/handmade-sunshine-and-string
580672153,Mystery Colored Octopi,Paige,A rainbow of small crochet octopi!,Crafts,Crochet,NC,2024-04-26,2024-05-16,800,259,32,13,FALSE,FALSE,FALSE,FALSE,https://www.kickstarter.com/projects/1783256853/mystery-colored-octopi
312924861,Make 100: The Worldbuilding Starter Pack,Kelsey Graywill,Turn your imagination into reality with this kit for crafting fictional worlds.,Crafts,DIY,NC,2024-01-25,2024-02-24,3000,3732,124,62,TRUE,TRUE,TRUE,FALSE,https://www.kickstarter.com/projects/klgraywill/the-worldbuilding-starter-pack
1068017940,SUPER EGO: The Short Comics of Jason Latour,jasonlatour,A NEW 176-PAGE COLLECTION by the Co-Creator of SPIDER-GWEN & SOUTHERN BASTARDS.,Comics,Graphic Novels,NC,2025-08-12,2025-09-11,10000,41196,412,518,TRUE,TRUE,TRUE,TRUE,https://www.kickstarter.com/projects/jasonlatour/superego-jasonlatour
1791699976,CRIT: He Who Would Be King,Chris Sahloff,"CRIT enters the 5th year with issue 8 """"""""He Who Would Be King"""""""" along with remastered issues 1 and 5. Join the chaos!",Comics,Comic Books,NC,2025-05-01,2025-05-31,2000,3954,198,79,TRUE,TRUE,TRUE,FALSE,https://www.kickstarter.com/projects/homebrewedheroes/crit-he-who-would-be-king
1601093680,ScentedByMeghan: Elevating Your Space One Scent at A Time!,Meghan Bligen,ScentedByMeghan is a candle brand focused on intentional scents and affirming energy. Our products are hand-poured with care to inspire,Crafts,Candles,NC,2026-01-19,2026-02-18,5000,26,1,3,FALSE,FALSE,FALSE,FALSE,https://www.kickstarter.com/projects/1100115463/scentedbymeghan-elevating-your-space-one-scent-at-a-time
167080965,The Parrot #1 Comic Book by Comic Book Merlin,Greyson Kelley,"Created, written, & illustrated by Merlin Strivelli",Comics,Comic Books,NC,2025-02-07,2025-03-05,350,822,235,30,TRUE,TRUE,TRUE,FALSE,https://www.kickstarter.com/projects/skullcrows/the-parrot-1-comic-book-by-comic-book-merlin
1114881673,Cowgirl Camryn and the Funky Fleece Fiasco,Abriana Johnson,Join the herd for a funky and fun story of self-acceptance and celebrating individuality.,Publishing,Children's Books,NC,2024-08-14,2024-09-05,2500,3176,127,27,TRUE,TRUE,TRUE,FALSE,https://www.kickstarter.com/projects/abrianajohnson/cowgirl-camryn-and-the-funky-fleece-fiasco
1032348205,Honeyed and Muddied: A Sapphic Cowgirl Romance,Taylor Wilson-West,"An exclusive edition cowgirl romance with all the heart of """"""""Sullivans Crossing"""""""" and thrills of """"""""I Know What You Did Last Summer"""""""".",Publishing,Fiction,NC,2026-03-18,2026-05-02,1000,2878,288,65,TRUE,TRUE,FALSE,TRUE,https://www.kickstarter.com/projects/taylorwilsonwest/honeyed-and-muddied-a-sapphic-cowgirl-romance
1744816102,Holy Troublemakers & Unconventional Saints - Volume 2,Watchfire Media,An illustrated storybook featuring (more) people of faith who rocked the religious boat on behalf of love and justice.,Publishing,Children's Books,NC,2024-12-06,2025-01-11,50000,40949,82,437,FALSE,FALSE,FALSE,FALSE,https://www.kickstarter.com/projects/watchfire/holy-troublemakers-and-unconventional-saints-volume-2
1910910044,Lizzy In a Tizzy - Children's book on ADHD/focus challenges (Canceled),Ashley P Mangione,Lizzy is a young girl who struggles with focus and attention deficiencies due to ADHD. A teacher helps her embrace herself and others.,Publishing,Children's Books,NC,2024-09-12,2024-10-27,5500,4,0,1,FALSE,FALSE,FALSE,FALSE,https://www.kickstarter.com/projects/lizzyinatizzy/lizzy-in-a-tizzy-childrens-book-on-adhd-focus-challenges
1161752154,The Gunslinger's Guide to Rexfald,GneissGames,"Duel legendary gunslingers, wrangle epic mounts, and explore the endless frontier in this Wild West 5e Campaign Setting & Adventure!",Games,Tabletop Games,NC,2025-04-08,2025-05-08,10000,243313,2433,1863,TRUE,TRUE,TRUE,TRUE,https://www.kickstarter.com/projects/gneissgames/the-gunslingers-guide-to-rexfald
142682920,Everlast Special Edition Hardcover,Juliana Haygert,"A complete 4-book urban fantasy romance series in one beautiful omnibus with dust jacket, foiled covers, sprayed edges, and more!",Publishing,Fiction,NC,2026-02-03,2026-02-21,1000,19750,1975,157,TRUE,TRUE,TRUE,TRUE,https://www.kickstarter.com/projects/julianahaygert/everlast-special-edition
1859680727,Character Paperback Overlays for My Favorite Kidnapper,Melanie Moreland,"Character scene inserts inspired by the romantic comedy novel, My Favorite Kidnapper by Melanie Moreland.",Publishing,Fiction,NC,2023-07-19,2023-08-18,1800,2867,159,85,TRUE,TRUE,TRUE,TRUE,https://www.kickstarter.com/projects/authormoreland/character-paperback-overlays-for-my-favorite-kidnapper
1552638088,Holiday Double Feature: Contemporary Romance,Creative Writing With Dr Nagle,Welcome to a limited-time reading experience created only for this campaign.,Publishing,Fiction,NC,2026-03-02,2026-04-01,200,275,138,21,TRUE,TRUE,TRUE,FALSE,https://www.kickstarter.com/projects/naglenorthpublishing/holiday-double-feature-contemporary-romance
1730980855,Handwritten,Eastin DeVerna,"Unique, one-of-a-kind, handwritten stories, poems, and lore. A sense of tradition pushing back on a culture of mass production and AI.",Publishing,Fiction,NC,2023-10-30,2023-11-20,1,852,85200,42,TRUE,TRUE,TRUE,TRUE,https://www.kickstarter.com/projects/eastindeverna/handwritten
918641504,Poison Garden Issue 3: Poison Ivy,Mila,The third installment in an anthology exploring the presence and myth of powerful plants,Publishing,Anthologies,NC,2026-03-16,2026-04-15,3000,4116,137,97,TRUE,TRUE,TRUE,TRUE,https://www.kickstarter.com/projects/spiritdirt/poison-garden-issue-3-poison-ivy
1461915691,Dark and Spicy Reverse Harem Romance,Creative Writing With Dr Nagle,3rd person POV romance novel with paranormal and fantasy elements set within a gothic academy.,Publishing,Fiction,NC,2024-02-12,2024-03-12,2000,11769,588,168,TRUE,TRUE,TRUE,TRUE,https://www.kickstarter.com/projects/naglenorthpublishing/becoming-academy-reverse-harem-paranormal-romance
1185126420,Our Brilliant Ruin Roleplaying Game,Studio Hermitage,Enter a gilded age in which upstairs-downstairs personal and sociological drama meets existential horror.,Games,Tabletop Games,NC,2024-02-27,2024-03-28,25000,47312,189,821,TRUE,TRUE,TRUE,TRUE,https://www.kickstarter.com/projects/studiohermitage/our-brilliant-ruin-roleplaying-game
816921922,Aurora Sky Vampire Hunter: Special Edition DUOs,Nikki Jefford,"Buffy meets Alias in this fan-favorite gritty upper YA series. 🗡️ 🩸 Exclusive editions in digital, paperback, and hardback. ❄️☠️🍂",Publishing,Fiction,NC,2023-03-10,2023-03-25,2000,6679,334,63,TRUE,TRUE,TRUE,TRUE,https://www.kickstarter.com/projects/nikkijefford/aurora-sky-vampire-hunter-special-edition-duo-15-and-2
659854215,Bastion: Deluxe Hardcover Edition,Philip Tucker,"A collector's edition of Bastion, Book 1 of The Immortal Great Souls, by best-selling author Phil Tucker.",Publishing,Fiction,NC,2025-01-21,2025-02-11,8000,100384,1255,717,TRUE,TRUE,TRUE,TRUE,https://www.kickstarter.com/projects/682901669/bastion-deluxe-hardcover-edition
543187987,"The Carolina Moose, Part 1 (Canceled)",Kenn Phillips,The Moose is Loose,Publishing,Children's Books,NC,2025-09-26,2025-11-25,5000,270,5,3,FALSE,FALSE,FALSE,FALSE,https://www.kickstarter.com/projects/kennphillips/the-carolina-moose-part-1
1286043714,Life with Theodore (Canceled),Piper Montgomery,"Adventures of a Basset Hound Service Dog! A children's book series that celebrates bravery, & brings laughter with a bit of mischief!!",Publishing,Children's Books,NC,2025-01-27,2025-03-28,5000,351,7,7,FALSE,FALSE,FALSE,FALSE,https://www.kickstarter.com/projects/lifewiththeodore/life-with-theodore
679780519,Children's Bible Story Books,Irina Certan,"Im an author of children's bible story books, already selling and I would like to translate them into as many languages as possible.",Publishing,Children's Books,NC,2024-05-14,2024-07-10,20000,2,0,2,FALSE,FALSE,FALSE,FALSE,https://www.kickstarter.com/projects/heartsforheaven/childrens-bible-story-books
230960472,Enora Online Audiobook Kickstarter,Arlo Adams,"This Kickstarter is aimed at funding the 9th Enora Online LitRPG book using fan-favorite, Brian Meslar for narration!",Publishing,Anthologies,NC,2024-10-14,2024-11-13,2500,1343,54,21,FALSE,FALSE,FALSE,FALSE,https://www.kickstarter.com/projects/enora/enora-online-audiobook-kickstarter
1806685096,De-Lektable (Modern-Philosopher Monographing) Signed Copy,Shyzabox,"De-Lektable is written, and ready to be signed and shipped your way! Thank you for any considerations! Optional 3D buttons available 2",Publishing,Literary Spaces,NC,2025-10-15,2025-11-01,299,0,0,0,FALSE,FALSE,FALSE,FALSE,https://www.kickstarter.com/projects/shyzabox/de-lektable-modern-philosopher-monographing-signed-copy
1316844802,Wander the Lamb,Suzanne McDermott,A picture book in verse about a lamb who likes to wander,Publishing,Children's Books,NC,2024-10-15,2024-11-05,1200,1456,121,18,TRUE,TRUE,TRUE,FALSE,https://www.kickstarter.com/projects/suzannemcdermott/wander-the-lamb
941352256,Life with Theodore,Piper Montgomery,Adventures of a Basset Hound Service Dog! A children's book series that celebrates bravery & brings laughter with a bit of mischief!!,Publishing,Children's Books,NC,2025-02-06,2025-04-07,500,585,117,11,TRUE,TRUE,TRUE,FALSE,https://www.kickstarter.com/projects/lifewiththeodore/life-with-theodore-0
491440388,The Time Traipser: A Sci-Fi Romcom Book with Spice!,HalArnoldAuthor,An enemies to lovers book where an uptight knight forces a chaotic space pirate to save the universe.,Publishing,Fiction,NC,2024-02-24,2024-03-25,7000,196,3,9,FALSE,FALSE,FALSE,FALSE,https://www.kickstarter.com/projects/halarnoldauthor/the-time-traipser-a-sci-fi-romcom-book-with-spice
1395552902,They are my Child-A Kid Friendly LGBTQ Paperback Book,MM Kids Books,"A love letter from a mother to her child, highlighting the struggles of being an LGBTQ youth. Equality and acceptance for everyone!",Publishing,Children's Books,NC,2025-06-01,2025-06-22,500,604,121,31,TRUE,TRUE,TRUE,FALSE,https://www.kickstarter.com/projects/mmkidsbooks/they-are-my-child-a-kid-friendly-lgbtqia-paperback
1455545574,Robotic Adventures: STEM Book & Robotic Arm Kit,Rich Gilliam,A Children's STEM Book that Inspires Creativity and Problem Solving Through Engaging Stories and a Hands On Robotic Kit.,Publishing,Children's Books,NC,2024-08-22,2024-10-06,3000,3091,103,30,TRUE,TRUE,TRUE,FALSE,https://www.kickstarter.com/projects/stemplug/robotic-adventures-stem-book-and-robotic-arm-kit
807498995,"I Wish You Joy, And Lots of M&M's",Kayla Moffitt,"I Wish You Joy, And Lots of M&M's features Tillie, a sweet 7-year-old in foster care, as she navigates the process of returning home.",Publishing,Children's Books,NC,2024-01-27,2024-03-06,7500,61,1,4,FALSE,FALSE,FALSE,FALSE,https://www.kickstarter.com/projects/makingthemoffitts/i-wish-you-joy-and-lots-of-mandms
1095010116,Blood Money Book Tour & Book 2 Launch,Monique Goode,Project to launch of Blood Money Book 2 and bring the series to a city near you!,Publishing,Fiction,NC,2025-09-22,2025-11-21,15000,280,2,5,FALSE,FALSE,FALSE,FALSE,https://www.kickstarter.com/projects/moniquegoode/blood-money-book-tour-and-book-2-launch
1646144484,Empowering Melanin Kids: Diverse Early Learning Media (Canceled),Cherrelle Williams,"Where every child sees themselves in stories, videos & apps""""""""",Publishing,Children's Books,NC,2024-10-11,2024-11-11,50000,0,0,0,FALSE,FALSE,FALSE,FALSE,https://www.kickstarter.com/projects/1675084480/empowering-melanin-kids-diverse-early-learning-media
921807480,Bright Side Books & Wine,Bright Side Books & Wine,Help bring a romance bookstore & wine bar to downtown Raleigh!,Publishing,Fiction,NC,2025-05-22,2025-06-21,50000,51830,104,327,TRUE,TRUE,TRUE,TRUE,https://www.kickstarter.com/projects/brightsideraleigh/bright-side-books-and-wine
967308700,Harlen & the Howlin' Storm - An Appalachian Picture Book (Canceled),Carlos Vargas,Join Harlen and his friends as they face the storm and learn the importance of supporting one another during times of crisis!,Publishing,Children's Books,NC,2025-09-09,2025-10-09,1000,87,9,3,FALSE,FALSE,FALSE,FALSE,https://www.kickstarter.com/projects/howlinstorm/harlen-and-the-howlin-storm-an-appalachian-picture-book
939531547,The Chaos Wielder: A Dark Urban Fantasy,Anissa Cosby,A Dark Urban Fantasy where a bounty hunter and her team must stop the Angel of Wrath from destroying their planet.,Publishing,Fiction,NC,2023-04-25,2023-05-25,1250,1306,104,35,TRUE,TRUE,TRUE,TRUE,https://www.kickstarter.com/projects/anissacosby/the-chaos-wielder-a-debut-novel
1483188764,In the Age of Blood: A Sapphic Fantasy Romance,Emma Elizabeth,A queen who can't die. A princess that wields death itself. A new spicy sapphic romantasy.,Publishing,Fiction,NC,2026-02-10,2026-03-10,3000,10617,354,201,TRUE,TRUE,TRUE,TRUE,https://www.kickstarter.com/projects/emmaelizabethwrites/in-the-age-of-blood-a-sapphic-fantasy-romance
1025860234,"Publishing of """"""""The Pharmaceutical Genocide""""""""",Doug Smith,There are over 5 million Dead,Publishing,Academic,NC,2025-09-11,2025-10-11,4500,20,0,2,FALSE,FALSE,FALSE,FALSE,https://www.kickstarter.com/projects/smithgeneticresearch/publishing-of-the-pharmaceutical-genocide
1329047456,Scarlett and the Fairy Magic,Cindy Draughon,Can one little fairy find the true source of magic? A tale of love and kindness and letting our light shine.,Publishing,Children's Books,NC,2025-10-21,2025-11-12,625,870,139,11,TRUE,TRUE,TRUE,FALSE,https://www.kickstarter.com/projects/303065343/scarlett-and-the-fairy-magic
1857807402,The Day the Pride Parade Came to Town,Gold Dust Publishing LLC,A children's book detailing a little girl's experience at an LGBTQIA+ Pride Parade as she learns about everyone in the community.,Publishing,Children's Books,NC,2023-11-06,2023-12-13,2500,521,21,14,FALSE,FALSE,FALSE,FALSE,https://www.kickstarter.com/projects/golddustpublishing/the-day-the-pride-parade-came-to-town
174207573,Lost Tales - Classic Monster Anthology,Michael Edwin Howell,"From author Michael Howell: an illustrated anthology of vampires, curses, the Invisible Man, and a monstrous Sherlock Holmes tale.",Publishing,Anthologies,NC,2025-10-30,2025-11-15,500,309,62,13,FALSE,FALSE,FALSE,FALSE,https://www.kickstarter.com/projects/michaelhowell/lost-tales-classic-monster-anthology
102848284,NSFW HAMMER GIRL HENTAI SKETCH BOOK: JUNGLE BELLE V01,Vamperotica,"Drawings, sketches, comics, illustrations, and concept art featuring the hilarious adventures of Macy-Belle Mallet, aka, HAMMER GIRL!",Comics,Comic Books,NC,2024-02-24,2024-03-02,99,11795,11914,235,TRUE,TRUE,TRUE,FALSE,https://www.kickstarter.com/projects/vamperotica/hammer-girl-jungle-belle-v01-vamperotica-sketch-book-series
1638466495,Origin: Creators of the Carolinas | A Documentary Book,Studio Almanac,"Generations in the making, experience stories of origin from creators Brandon Ray Cole, Onicas Gaddis, and Yuri Tsuzuki",Publishing,Art Books,NC,2024-01-01,2024-02-15,14000,1735,12,8,FALSE,FALSE,FALSE,FALSE,https://www.kickstarter.com/projects/studioalmanac/origin-creators-of-the-carolinas
478009834,Luminare: Shadows of Valenbrandt (Manga Development),Gill T.,"In a world haunted by locusts and corruption, one flamebearer’s journey could ignite hope.",Comics,Comic Books,NC,2025-09-11,2025-10-11,5000,180,4,3,FALSE,FALSE,FALSE,FALSE,https://www.kickstarter.com/projects/luminare/luminare-shadows-of-valenbrandt-manga-development
1088537800,"KOR-DRATH: A CHRISTMAS MIRACLE, children's book",Andy Smith,Kor-Drath and Adryana's heartwarming friendship shines through in this charmingly illustrated tale. A book for children and adults!,Publishing,Children's Books,NC,2024-08-04,2024-10-03,500,238,48,6,FALSE,FALSE,FALSE,FALSE,https://www.kickstarter.com/projects/smittyd69/kor-drath-a-christmas-miracle-childrens-book
2112321584,The Carolina Moose,Kenn Phillips,A young moose's journey across the country to find the family he didn't know he had.,Publishing,Children's Books,NC,2024-10-01,2024-11-30,2000,61,3,2,FALSE,FALSE,FALSE,FALSE,https://www.kickstarter.com/projects/kennphillips/the-carolina-moose
269133997,Wendy and the Worry Warts,Samm Schmidt- Author,"A Children’s picture book about anxiety and overcoming an anxiety attack. Features the 5,4,3,2,1 coping skill practice.",Publishing,Children's Books,NC,2024-10-07,2024-11-06,3500,181,5,9,FALSE,FALSE,FALSE,FALSE,https://www.kickstarter.com/projects/busymomplanner/wendy-and-the-worry-warts
1739426153,Siblings Aren't Fun: Build Sibling Bonds One Page at a Time (Canceled),Tabletop Publishing,Discover the power of sibling bonds with Nikki Hope Cyrus in this relatable tale of siblinghood,Publishing,Children's Books,NC,2024-05-22,2024-06-21,1900,348,18,10,FALSE,FALSE,FALSE,FALSE,https://www.kickstarter.com/projects/tabletoppublishing/siblings-arent-fun-build-sibling-bonds-one-page-at-a-time
809277317,The Curious World of Christopher Presents (Canceled),Laquan Black,A children's book series that allows autistic children and parents to see themselves in books and learn sign language to communicate.,Publishing,Children's Books,NC,2023-03-01,2023-04-30,2500,21,1,2,FALSE,FALSE,FALSE,FALSE,https://www.kickstarter.com/projects/theblackbookexp/the-curious-world-of-christopher-presents
28766981,Bear's View,Danielle Cosgrove,"This comical picture-book, highlights how different perceptions can be between a pet and their humans.",Publishing,Children's Books,NC,2023-09-01,2023-10-01,10000,1565,16,19,FALSE,FALSE,FALSE,FALSE,https://www.kickstarter.com/projects/bearsview/bears-view
123120508,My Body Is Sacred,"Julia Sumaya Considine Pierce, MPH, MDiv",Support the Publication of My Body is Sacred: Tales of Health and Happiness for Little Girls,Publishing,Children's Books,NC,2024-04-09,2024-05-09,19000,3967,21,45,FALSE,FALSE,FALSE,FALSE,https://www.kickstarter.com/projects/mybodyissacred/my-body-is-sacred
729666005,Taste & See: Orthodoxy through the five senses,Christina Herron,A board book for the littlest Orthodox Christians.,Publishing,Children's Books,NC,2025-01-14,2025-02-28,3500,50,1,3,FALSE,FALSE,FALSE,FALSE,https://www.kickstarter.com/projects/tasteandseeboardbook/taste-and-see-orthodoxy-through-the-five-senses
615644199,"Poochette: Seekers of Truth, Finders of Home - Trilogy",Rob + Janet Campbell,"Empower young readers (8+) with courage, empathy, and adventure—plus get classroom guides, exclusive bandanas, and more for your pack!",Publishing,Children's Books,NC,2025-11-19,2025-12-19,1500,100,7,1,FALSE,FALSE,FALSE,FALSE,https://www.kickstarter.com/projects/raleighrob/poochette-seekers-of-truth-finders-of-home-trilogy
62857481,An Instrument for Florenda (Canceled),Tomeko Brown,Follow twelve-year-old Florenda's journey to achieve her dream of playing the clarinet in her school's first band class.,Publishing,Children's Books,NC,2023-05-05,2023-07-04,5000,11,0,2,FALSE,FALSE,FALSE,FALSE,https://www.kickstarter.com/projects/tnbrown122/an-instrument-for-florenda
635648311,Children of the Earth : Limited Edition Hardcovers,Amanda Auler,A reluctant chosen one must fulfill a prophecy she doesn't know is falsely penned.,Publishing,Fiction,NC,2023-05-01,2023-05-28,500,13625,2725,208,TRUE,TRUE,TRUE,TRUE,https://www.kickstarter.com/projects/mothmarthenovel/a-mothmar-novel-book-two
343352017,Tallulah and the Tree with Bright Green Leaves (Canceled),Tabletop Publishing,Watch Me Grow! A Story of Numbers and Nature,Publishing,Children's Books,NC,2024-05-15,2024-06-14,425,30,7,2,FALSE,FALSE,FALSE,FALSE,https://www.kickstarter.com/projects/tabletoppublishing/tallulah-and-the-tree-with-bright-green-leaves
147129101,Christopher Ruocchio's EMPIRE OF SILENCE | DIAMOND EDITION,Christopher Ruocchio,Enjoy book one of the award-winning science fantasy series like never before!,Publishing,Fiction,NC,2023-04-28,2023-06-01,16000,167943,1050,1071,TRUE,TRUE,TRUE,TRUE,https://www.kickstarter.com/projects/ruocchio/christopher-ruocchios-empire-of-silence-diamond-edition
338596611,When Darkness Descends: A Dark Paranormal Romance Anthology,allypatraauthor,Kickstarter exclusive dark mode hardcover & spicy rewards for dark romance readers with a sweet tooth for sin.,Publishing,Fiction,NC,2023-09-01,2023-09-18,500,13134,2627,141,TRUE,TRUE,TRUE,TRUE,https://www.kickstarter.com/projects/allypatraauthor/when-darkness-descends
988383124,Aurora Sky LIMITED EDITION DUOS 🔖 Paranormal Romance & Swag,Nikki Jefford,Buffy meets Alias in the fan-favorite gritty upper YA series. ⚠️ FINAL Aurora Sky Vampire Hunter exclusive editions campaign! ⏰,Publishing,Fiction,NC,2023-07-18,2023-08-09,2000,7608,380,78,TRUE,TRUE,TRUE,TRUE,https://www.kickstarter.com/projects/nikkijefford/aurora-sky-complete-series-limited-edition-duos
1837296406,Beating Back the Darkness Series Cover Overhaul & Rebrand,Tiger Hebert,"Beating Back the Darkness is an inspiring epic fantasy series that spans 4 novels, 2 novellas, & over 2,500 pages of fantasy goodness!",Publishing,Fiction,NC,2023-03-14,2023-04-13,500,8141,1628,136,TRUE,TRUE,TRUE,TRUE,https://www.kickstarter.com/projects/tigerhebert/beating-back-the-darkness-series-cover-overhaul-and-rebrand
2007078086,The Importance of Dreaming Big (Canceled),Ronald D. Sieber,A young French girl meets a famous woman race driver and learns an important lesson in Life.,Publishing,Children's Books,NC,2025-09-17,2025-10-15,500,120,24,4,FALSE,FALSE,FALSE,FALSE,https://www.kickstarter.com/projects/ronalddsieber/the-importance-of-dreaming-big
1934608096,Wolf Pups Family (Canceled),Tommy Pressley,The Wolf Pups is a five-book series of adventures and daily challenges for a small young pack of wolf pups.,Publishing,Children's Books,NC,2024-06-10,2024-08-09,22500,4,0,1,FALSE,FALSE,FALSE,FALSE,https://www.kickstarter.com/projects/1098709206/wolf-pups-family
2042195656,Echoes of Pinebridge (visual novel),Koalu Studio,"A slice-of-life college story that gradually develops into a supernatural mystery, all guided by your choices.",Games,Video Games,NC,2026-02-17,2026-03-04,400,868,217,33,TRUE,TRUE,TRUE,FALSE,https://www.kickstarter.com/projects/koalustudio/echoes-of-pinebridge-visual-novel
926733986,The Relationship Vision Planner,Terrell & Jen Turner,"A luxurious, faith-rooted planner designed to help couples grow spiritually, communicate deeply, and move forward together with clarity",Publishing,Letterpress,NC,2025-11-18,2025-12-02,1500,1624,108,9,TRUE,TRUE,TRUE,FALSE,https://www.kickstarter.com/projects/oakhavencompany/the-relationship-vision-planner
667793128,Meditations of the Mundane- A B&W Coffee Table Book (Canceled),James Walters,"What if the objects we pass by every day have thoughts, hopes, dreams, opinions, and even a back story?",Publishing,Art Books,NC,2024-07-14,2024-08-13,7500,110,1,2,FALSE,FALSE,FALSE,FALSE,https://www.kickstarter.com/projects/jameswalters/meditations-of-the-mundane-a-bandw-coffee-table-book
1708630917,Death Cats Coloring Book (Canceled),Cary Gray,a Steampunk Cat-themed Coloring Book for Grown-ups & Cool Parents.,Publishing,Art Books,NC,2023-04-17,2023-05-17,3000,1010,34,18,FALSE,FALSE,FALSE,FALSE,https://www.kickstarter.com/projects/carygray/death-cats-coloring-book
1178449443,Come Be Heard: a Collection of Poetic Reflections (Canceled),Cary Gray,"See how questions open, listening receives, and poetry transforms, in this collection of street poems by Cary Gray.",Publishing,Poetry,NC,2025-03-01,2025-03-31,2000,1081,54,20,FALSE,FALSE,FALSE,FALSE,https://www.kickstarter.com/projects/carygray/listen-to-interrupt-poetry-on-how-humans-human
1477080862,Meet My: Daddy!,Hawk Kanter,Come along as we meet our transgender loved ones.,Publishing,Children's Books,NC,2024-06-01,2024-07-01,6000,164,3,6,FALSE,FALSE,FALSE,FALSE,https://www.kickstarter.com/projects/hawkkanter/meet-my-daddy
195058583,Death's Dream Kingdom 1-3,Randall Rozzell,"Interstellar meets Event Horizon. The crew is being hunted, and as more are brutally killed, true horror waits for the living.",Comics,Comic Books,NC,2023-06-29,2023-07-29,200,6293,3146,275,TRUE,TRUE,TRUE,TRUE,https://www.kickstarter.com/projects/rrozzell/deaths-dream-kingdom-1-3
1306256690,Adventure For Hire and more! Double-feature comics adventure,Adventure For Hire Comics,Get two throw-back feeling action and adventure comics illustrated by Mexico's Miguel Guzman! Like classic serials in comic form!,Comics,Graphic Novels,NC,2024-09-05,2024-10-14,3333,3472,104,71,TRUE,TRUE,TRUE,FALSE,https://www.kickstarter.com/projects/1836715334/adventure-for-hire-and-more-double-feature-comics-adventure
1095905520,Handmade Stuffed Animals - Farm Theme,Andersens' Creations,Crocheted Farm Animals that make a unique gift.,Crafts,Crochet,NC,2023-11-01,2023-11-19,600,638,106,8,TRUE,TRUE,TRUE,FALSE,https://www.kickstarter.com/projects/andersenscreations/handmade-stuffed-animals-farm-theme
1715755458,Puffer and Clarissa: Part 1,James Nelson,Print the beginning half of the ocean-adventure webcomic Puffer and Clarissa!,Comics,Webcomics,NC,2023-01-23,2023-02-22,2000,2456.5,123,83,TRUE,TRUE,TRUE,TRUE,https://www.kickstarter.com/projects/j-nelson/puffer-and-clarissa-part-1
1848424658,BANDITA ONE,Barry Welch,Resilient Old Western swordswoman BANDITA confronts her parents killer! + Back up story with Irony & Holly in Tatooine with EV SPEEDER.,Comics,Comic Books,NC,2024-01-23,2024-02-20,789,1130,143,55,TRUE,TRUE,TRUE,FALSE,https://www.kickstarter.com/projects/btwcomics/bandita-one
1502413245,LUXIE AND THE BITE MARKS V01,VAMPRESS LUXURA,"A Fun, Sexy Multiverse variant of Kirk Lindo's Vampress Luxura! Just imagine a Naughty Vampire version of Josie and the Pussycats!",Comics,Comic Books,NC,2025-08-23,2025-08-30,99,4845,4894,125,TRUE,TRUE,TRUE,FALSE,https://www.kickstarter.com/projects/vampressluxura/luxie-and-the-bite-marks-v01
232397214,NECROBLAZE: DEMONIC SHAPESHIFTER V01 DIGITAL CAMPAIGN,BRAINSTORM FX,A VAMPEROTICA SKETCH BOOK SERIES PROJECT. 32 Page Full Color Collection of Illustrations and Concept Art!,Comics,Comic Books,NC,2025-11-02,2025-11-10,99,1262,1275,43,TRUE,TRUE,TRUE,FALSE,https://www.kickstarter.com/projects/brainstormfx/necroblaze-demonic-shapeshifter-v01-digital-campaign
2002460680,LAST GEN #1,Grok Comics,The young heroes of The Remnant are tired of being treated as kids and strike out on their own!,Comics,Comic Books,NC,2026-01-13,2026-02-02,250,2294,918,55,TRUE,TRUE,TRUE,FALSE,https://www.kickstarter.com/projects/grokcomics/last-gen
307705400,Arcane Academy #01 - STL Pinups for 3D Printing,Juancho,"3D printable pinup models, Pre-supported 75mm and 32mm, STL files for table-top games or miniature painters.",Games,Tabletop Games,NC,2024-10-15,2024-11-05,50,640,1280,15,TRUE,TRUE,TRUE,FALSE,https://www.kickstarter.com/projects/juanchosminis/arcane-academy-01-stl-pinups-for-3d-printing
231880918,Bo Hampton's 3 Devils series new issue & more,Bo Hampton,"Bo Hampton returns with 3 Devils issue 6, in an oversized European style hardcover. Volume 1 and the new issue 5 also available!",Comics,Comic Books,NC,2024-06-13,2024-07-08,9999,12817,128,149,TRUE,TRUE,TRUE,TRUE,https://www.kickstarter.com/projects/ft1/bo-hamptons-3-devils-series-new-issue-and-more
1583262759,STARWEED #3 - Let's End on a High,Alex Wilson,"In a world of smoking the remains of dead celebrities, they heist the corpses. Also starring dinosaurs and an inflatable Clark Gable.",Comics,Comic Books,NC,2024-09-03,2024-10-05,420,4157,990,148,TRUE,TRUE,TRUE,TRUE,https://www.kickstarter.com/projects/alexwilson/starweed-3
1589141972,MCs #1 - A Super Powered Adventure Begins!,Omega Sparx,"A 26-pg comic that brings together the excitement of super powers, martial arts and adventure! Where sound and science coalesce!",Comics,Comic Books,NC,2023-07-16,2023-08-20,2500,4582,183,78,TRUE,TRUE,TRUE,TRUE,https://www.kickstarter.com/projects/mcscomic/mcs-1-a-super-powered-adventure-begins
1779414314,HELLFORGED #1-6: Fantasy Adventure Meets Science Fiction,Elliott Duque-Estrada,Our teenage hero Excalibur confronts the destroyer of Camelot to learn the truth about her origin. Past issues also available!,Comics,Comic Books,NC,2025-10-24,2025-11-25,6500,10155,156,337,TRUE,TRUE,TRUE,FALSE,https://www.kickstarter.com/projects/destrada/hellforged-1-6-fantasy-adventure-meets-science-fiction
1587756068,Death's Dream Kingdom 1 & 2,Randall Rozzell,"Interstellar meets Event Horizon. The Grayvolken crew is in danger as the creature stalks them, and the traitor makes horrific plans.",Comics,Comic Books,NC,2023-03-19,2023-04-18,200,6506,3253,257,TRUE,TRUE,TRUE,TRUE,https://www.kickstarter.com/projects/rrozzell/deaths-dream-kingdom-1-2
947157871,Del the Funky Homosapien Resin Sculpture,Lee Parker,"OFFICIALLY LICENSED, hand-painted, limited edition Resin Sculpture of Del the Funky Homosapien, in custom packaging. Made in the USA",Music,Hip-Hop,NC,2024-09-21,2024-10-21,125,0,0,0,FALSE,FALSE,FALSE,FALSE,https://www.kickstarter.com/projects/remakesplethora/del-the-funky-homosapien-resin-sculpture
340462078,POWERELLA: SIREN OF STEEL V01,QUANTUM BRUSH STUDIOS,A VAMPEROTICA SKETCH BOOK SERIES PROJECT. 32 Page Full Color Collection of Illustrations and Concept Art!,Comics,Comic Books,NC,2025-12-10,2025-12-17,99,5429,5484,98,TRUE,TRUE,TRUE,FALSE,https://www.kickstarter.com/projects/quantumbrushstudios/powerella-siren-of-steel-v01-digital-campaign
359660201,HAMMER GIRL: JUNGLE BELLE V02,BRAINSTORM COMIX,"A VAMPEROTICA SKETCH BOOK SERIES PROJECT. 32 Page Full Color Collection of Comics, Illustrations, and Concept Art!",Comics,Comic Books,NC,2025-12-30,2026-01-07,99,6687,6755,125,TRUE,TRUE,TRUE,FALSE,https://www.kickstarter.com/projects/brainstormcomix/hammer-girl-jungle-belle-v02-digital-campaign
50352627,An Army of Hope,Matt Yocum,"When the galaxy falls apart, you need Hope.",Comics,Comic Books,NC,2026-03-03,2026-04-02,6000,6227,104,79,TRUE,TRUE,TRUE,TRUE,https://www.kickstarter.com/projects/hangar19studios/an-army-of-hope
1148446366,Death's Dream Kingdom 1-4,Randall Rozzell,"Interstellar meets Event Horizon. The horrifying conclusion to the epic story. They searched for a new life, and only found death.",Comics,Comic Books,NC,2023-09-27,2023-10-27,200,9822,4911,320,TRUE,TRUE,TRUE,FALSE,https://www.kickstarter.com/projects/rrozzell/deaths-dream-kingdom-1-4
341491152,A Soapy Family Adventure,Tiffany Sheppard,"Bringing Artsy, Handcrafted Soaps and fun classes to Northlake Mall-Join the Adventure!",Crafts,Candles,NC,2024-06-19,2024-07-14,7000,0,0,0,FALSE,FALSE,FALSE,FALSE,https://www.kickstarter.com/projects/simisoaps/a-soapy-family-adventure
789608423,"Dirty, Sexy, Married #1. NSFW comic series launches!",Anew Creative Endeavors,A quiet neighborhood has a lot of sexy secrets that are about to be exposed and change their lives forever.,Comics,Comic Books,NC,2026-02-16,2026-03-22,4269,7578,178,290,TRUE,TRUE,TRUE,FALSE,https://www.kickstarter.com/projects/topsecretsexdiary/dirty-sexy-married-issue-1-sexy-secrets-of-marriage
57783363,LILINETH: INFERNAL CONFLICT!,Andy Smith,Plunge into Lilineth's infernal chaos as she gathers an army to stop a demonic threat to her world in this dark fantasy epic war.,Comics,Graphic Novels,NC,2025-11-05,2025-12-20,500,4847,969,100,TRUE,TRUE,TRUE,FALSE,https://www.kickstarter.com/projects/smittyd69/lilineth-infernal-conflict
321293158,Robin Hood Legend of Sherwood & Adventure For Hire,Adventure For Hire Comics,"A new double feature! Robin Hood The Legend of Sherwood joins the Adventure For Hire family officially, with new issues!",Comics,Graphic Novels,NC,2025-06-19,2025-07-24,4400,4918,112,115,TRUE,TRUE,TRUE,FALSE,https://www.kickstarter.com/projects/1836715334/robin-hood-legend-of-sherwood-and-adventure-for-hire
1813298999,Aceblade #9: Escape from Black Hill,Danny J Quick,A video goes viral and Aceblade reluctantly turns to the press to set the record straight on what happened in Black Hill Prison.,Comics,Comic Books,NC,2025-02-04,2025-03-06,5500,6058,110,159,TRUE,TRUE,TRUE,TRUE,https://www.kickstarter.com/projects/dannyjquick/aceblade-9-prison-escape
812662514,Vindicaris Book Three + Fluor Plushie,Serpyra,Vindicaris: A sci-fi/action comic about artificial superhumans of the Periodic Table. Fund the third book and first ever Plushie!,Comics,Webcomics,NC,2024-01-16,2024-02-15,5000,6874,137,59,TRUE,TRUE,TRUE,TRUE,https://www.kickstarter.com/projects/serpyra/vindicaris-book-three-fluor-plushie
1604991836,Mike Grell's Jon Sable Freelance Deluxe Hardcover Vol 1 & 2,Masterstroke Studios,"The first deluxe hardcover omnibus edition is available again, with the new Volume Two, fully remastered, oversized edition (9x12)",Comics,Graphic Novels,NC,2023-07-27,2023-08-28,57000,90374,159,525,TRUE,TRUE,TRUE,TRUE,https://www.kickstarter.com/projects/mikegrell/mike-grells-jon-sable-freelance-deluxe-hardcover-vol-1-and-2
1824990344,"Top Secret Sex Diary: Sex, Spies, & Rock n Roll NSFW spinoff",Anew Creative Endeavors,"Learn the secret sex life of Cassi Storm, the super sexy super spy star of the hit series Sex, Spies & Rock 'n Roll. Explicit content",Comics,Comic Books,NC,2023-06-22,2023-07-31,2469,21523,872,550,TRUE,TRUE,TRUE,FALSE,https://www.kickstarter.com/projects/topsecretsexdiary/top-secret-sex-diary-sex-spies-and-rock-n-roll-nsfw-spinoff
213405354,Gimme Five Comics #5!,JW Harp,Readers rejoice! 5 off-beat character-driven stories in 5 pages in each issue of Gimme Five comics. Something for everyone!,Comics,Anthologies,NC,2025-05-18,2025-06-07,200,220,110,6,TRUE,TRUE,TRUE,FALSE,https://www.kickstarter.com/projects/jwharp/gimme-five-comics-5
941518010,Noah’s Adventure: The Crystal Cure (Kids Book! Ages 2+),Ence Gaming,Follow Noah on a magical quest to find the legendary Gemstone Doctor a healer who might help him discover the one thing he’s never had.,Comics,Graphic Novels,NC,2025-10-17,2025-12-01,2500,2985,119,20,TRUE,TRUE,TRUE,FALSE,https://www.kickstarter.com/projects/encegaming/noahs-adventure-the-crystal-cure
1438073361,Unity Comics Cosplay Gallery #16,gropiusone,Featuring the Cosplay Art of Olga Raitsena,Comics,Comic Books,NC,2025-12-23,2026-01-12,300,3719,1240,101,TRUE,TRUE,TRUE,FALSE,https://www.kickstarter.com/projects/gropiusone/unity-comics-cosplay-gallery-15
1373255445,Kirk Lindo's VAMPRESS LUXURA: BACKER'S DELIGHT - Round 01,Kirk Lindo,Get the LUXURA V01 NAUGHTY VARIANTS plus many other Books and Merch that you might have missed.,Comics,Comic Books,NC,2023-05-04,2023-05-17,99,4699,4746,51,TRUE,TRUE,TRUE,FALSE,https://www.kickstarter.com/projects/kirklindo/kirk-lindos-vampress-luxura-v01-naughty-edition
771528,SPERM TREK: MAIDENS OF THE MILKY WAY V01,Vamperotica Entertainment,"Comics, Illustrations & Concept Art, featuring the hilarious adventures of the ALL GIRL, crew of the Starship Silicone!",Comics,Comic Books,NC,2024-07-07,2024-07-14,99,9404,9499,176,TRUE,TRUE,TRUE,FALSE,https://www.kickstarter.com/projects/vamperoticacomix/nsfw-sperm-trek-sketch-book-maidens-of-the-milky-way-v01
218903475,Kirk Lindo's VAMPRESS LUXURA V05: BACKER'S DELIGHT,Kirk Lindo,"NEW NSFW 18+ NAUGHTY VARIANTS, PRINTS, BONUS ITEMS and MERCH for THE VAMPRESS LUXURA V05 TRADE PAPERBACK!",Comics,Graphic Novels,NC,2023-11-06,2023-11-13,500,1080,216,29,TRUE,TRUE,TRUE,FALSE,https://www.kickstarter.com/projects/kirklindo/kirk-lindos-vampress-luxura-v05-backers-delight
71528234,Epic of Darkness #2 : Adult horror anthology!,Michael T Gonzalez,Self-contained and serialized stories in B&W and full-color. Issue #1 and #2!,Comics,Comic Books,NC,2023-04-14,2023-05-14,1200,1345,112,43,TRUE,TRUE,TRUE,FALSE,https://www.kickstarter.com/projects/rainyroad/epic-of-darkness-2-adult-horror-anthology
1802899683,A. Guardian #1-2: Epic Fantasy (single issue release),Eastin DeVerna,"War dawns on the three kingdoms once again, and a mysterious ancient guardian is at the center of it all. Game of Thrones x Iron Giant",Comics,Comic Books,NC,2025-04-22,2025-05-19,2700,3009,111,127,TRUE,TRUE,TRUE,FALSE,https://www.kickstarter.com/projects/eastindeverna/a-guardian-1-2-epic-fantasy-single-issue-release
1467035658,The Time Police,The Time Police,Join Jay and Ben in their mission to vanquish temporal threats and to protect the timeline's continuity!,Comics,Comic Books,NC,2024-03-13,2024-04-12,2000,2269,113,45,TRUE,TRUE,TRUE,FALSE,https://www.kickstarter.com/projects/1543091597/the-time-police
1820680011,"Top Secret Sex Diary 1 & 2: Sex, Spies, & Rock 'n Roll NSFW",Anew Creative Endeavors,"Cassi's sexual awakening continues in part two (get part one too!) of her Secret Sex Diary! More sex, more exploration, more fun!",Comics,Comic Books,NC,2024-01-22,2024-02-15,6969,12365,177,406,TRUE,TRUE,TRUE,FALSE,https://www.kickstarter.com/projects/topsecretsexdiary/top-secret-sex-diary-1-and-2-sex-spies-and-rock-n-roll-nsfw
444233846,"Empower Dance Studio: Fueling Passion, Inspiring Growth",Empower Dance Studio,"A mission to create a safe, vibrant, state-of-the-art dance space that will serve as a hub for creativity, inspiration, and community.",Dance,Spaces,NC,2024-04-15,2024-05-15,35900,10640,30,47,FALSE,FALSE,FALSE,TRUE,https://www.kickstarter.com/projects/empowerdancestudio/empower-dance-studio-fueling-passion-inspiring-growth
1236823171,Unity Comics Cosplay Gallery #12,gropiusone,Featuring the Cosplay Art of Olga Raitsena as Wednesday,Comics,Comic Books,NC,2025-08-24,2025-09-13,300,2142,714,82,TRUE,TRUE,TRUE,FALSE,https://www.kickstarter.com/projects/gropiusone/unity-comics-cosplay-gallery-12
1234606865,PIPEHITTER: GUNNZ BLAYZEN VO1,PerForce Publishing,"A Comic Story and Pin-Up Gallery starring Gunzemira Blazynski (aka, PIPEHITTER). A former Russian Spy now working as a Bounty Hunter!",Comics,Comic Books,NC,2024-05-29,2024-06-06,99,8930,9020,193,TRUE,TRUE,TRUE,FALSE,https://www.kickstarter.com/projects/perforce/nsfw-pipehitter-hentai-sketch-book-gunnz-blayzen-vo1
520146524,Cataclysm issue one,Robert Powers,"When a horseman of the apocalypse drop out decides to take a vacation to the world of mortals, things don't go as planned!",Comics,Comic Books,NC,2023-05-16,2023-06-15,6000,6669,111,80,TRUE,TRUE,TRUE,FALSE,https://www.kickstarter.com/projects/cataclysm2/cataclysm-issue-one
1218934949,Unity Comics Cosplay Gallery #21,gropiusone,Featuring the Cosplay Art of Elsie VI,Comics,Comic Books,NC,2026-03-13,2026-04-02,500,2977,595,83,TRUE,TRUE,TRUE,FALSE,https://www.kickstarter.com/projects/gropiusone/unity-comics-cosplay-gallery-21
423436784,Hannah Ladesic's Community Made Tiny House Build,Hannah Ladesic,"I'm embarking on a tiny house build to provide myself affordable housing, and learn construction skills from my dad and community.",Crafts,Woodworking,NC,2025-10-04,2025-12-03,10000,10000,100,61,TRUE,FALSE,TRUE,TRUE,https://www.kickstarter.com/projects/hannahladesic/hannah-ladesics-tiny-house-build-30th-birthday
1357618071,Unity Comics Cosplay Gallery Christmas Edition,gropiusone,Featuring the Art of Elsie VI,Comics,Comic Books,NC,2025-12-03,2025-12-23,300,3040,1013,80,TRUE,TRUE,TRUE,FALSE,https://www.kickstarter.com/projects/gropiusone/unity-comics-cosplay-gallery-christmas-edition
2111768734,CHOPPIN' BLADES #1: A Dieselpunk Demolition Derby Fantasy,Damien Becton,"*Slaps roof of car* This baby here has magical car fights, swords, cars with big rims and candy paint, sorcerers, revenge and monsters!",Comics,Comic Books,NC,2025-06-03,2025-06-24,750,1895,253,93,TRUE,TRUE,TRUE,FALSE,https://www.kickstarter.com/projects/bectonbectonbecton/choppin-blades
1907108275,Unity Comics Cosplay Gallery #11,Unity Comics,Featuring The Art Of Chap Chap As 2B From Neir : Automata,Comics,Comic Books,NC,2025-08-25,2025-09-14,300,1309,436,43,TRUE,TRUE,TRUE,FALSE,https://www.kickstarter.com/projects/unitycomics/unity-comics-cosplay-gallery-11
1722081537,"Unity Comics Cosplay Gallery #8, #9 & #10",gropiusone,Featuring the Cosplay Art of YUNOGANA,Comics,Comic Books,NC,2025-08-04,2025-08-24,400,2744,686,55,TRUE,TRUE,TRUE,FALSE,https://www.kickstarter.com/projects/gropiusone/unity-comics-cosplay-gallery-8-9-and-10
1131209000,HOLISTIC PHARMACIST CRAFTED ANTI-AGING FACE BALM 🌿,Latisha Marsh,"🌿 THE GLOWING COUGAR – HOLISTIC, PHARMACIST-MADE ANTI-AGING FACE BALM FOR SENSITIVE, DRY, ESPECIALLY FOR MENOPAUSAL SKIN 🌿",Crafts,DIY,NC,2025-03-19,2025-04-18,10000,0,0,0,FALSE,FALSE,FALSE,FALSE,https://www.kickstarter.com/projects/theglowingcougar/holistic-pharmacist-crafted-anti-aging-face-balm
1865560318,Unity Comics Cosplay Gallery: Halloween Special,gropiusone,Featuring The Cosplay Art Of Yunogana & Elsie VI,Comics,Comic Books,NC,2025-10-03,2025-10-23,300,2849,950,100,TRUE,TRUE,TRUE,FALSE,https://www.kickstarter.com/projects/gropiusone/unity-comics-cosplay-gallery-halloween-special
977282281,Kirk Lindo's VAMPRESS LUXURA: reVAMPED - Phase 01,Kirk Lindo,JOIN our MISSION to Remaster THE VAMPRESS LUXURA'S Greatest Stories in FULL COLOR!,Comics,Comic Books,NC,2023-03-15,2023-03-25,99,10478,10584,144,TRUE,TRUE,TRUE,FALSE,https://www.kickstarter.com/projects/kirklindo/kirk-lindos-vampress-luxura-revamped-phase-01
199532842,Kirk Lindo's VAMPRESS LUXURA: MASTERPIECES Volume 01,Kirk Lindo,EXPERIENCE the SEDUCTIVE BEAUTY of THE VAMPRESS LUXURA through the eyes of KIRK LINDO with this STUNNING COLLECTION of COVER ART!,Comics,Comic Books,NC,2023-09-12,2023-09-22,500,4622,924,61,TRUE,TRUE,TRUE,FALSE,https://www.kickstarter.com/projects/kirklindo/kirk-lindos-vampress-luxura-masterpieces-volume-01
49187384,Become a Hamster Care Ninja,Rue,Did you know not every species of hamster can be cared for the same way?,Publishing,Nonfiction,NC,2024-10-05,2024-11-11,50,50,100,5,TRUE,FALSE,TRUE,FALSE,https://www.kickstarter.com/projects/mydeerfriend/become-a-hamster-care-ninja
1657581647,Fantastic Freaks 1-2,Michelle Lodge,Frankenstein lost his junk. The witches want a piece. The werewolf’s still mad!,Comics,Comic Books,NC,2025-08-01,2025-08-31,2000,4958,248,170,TRUE,TRUE,TRUE,FALSE,https://www.kickstarter.com/projects/michellelodge/fantastic-freaks-2
2063038436,Bo Hampton's 3 Devils #7 new issue + more!,Bo Hampton,"Get the all-new issue 7, deluxe edition 48 page hardcover, continuing the supernatural Western adventure--",Comics,Comic Books,NC,2025-06-19,2025-07-20,6200,8306,134,140,TRUE,TRUE,TRUE,FALSE,https://www.kickstarter.com/projects/ft1/bo-hamptons-3-devils-7
969730438,THE VALIANT: Last Vanthian Knight,Scott H. Davis,Issue 5: Clash of Kings,Comics,Comic Books,NC,2024-01-21,2024-02-18,1200,1,0,1,FALSE,FALSE,FALSE,FALSE,https://www.kickstarter.com/projects/hazardcomics/the-valiant-last-vanthian-knight
277484076,ladyfestCLT 2023,Megan Payne,Creating space for femme movement makers and performance artists to share work with the Charlotte Community.,Dance,Performances,NC,2023-03-10,2023-04-01,2000,2000.25,100,17,TRUE,TRUE,TRUE,FALSE,https://www.kickstarter.com/projects/ladyfestclt23/ladyfestclt-2023
99078797,The Godbeam issue #1,Tom Steele,"The Godbeam is a science fantasy adventure comic book, written and illustrated by Tom Steele of Straight-Eight Comics.",Comics,Comic Books,NC,2024-01-14,2024-02-13,2000,2131,107,31,TRUE,TRUE,TRUE,FALSE,https://www.kickstarter.com/projects/1599765606/the-godbeam-issue-1
2040434948,Fiber Alley: where all your fiber dreams come true! (Canceled),Emily Alley,"Fiber Alley ~ a welcoming, cozy atmosphere to promote fiber arts through visual and hands on experience.",Crafts,Crochet,NC,2025-03-21,2025-04-24,12500,1374,11,9,FALSE,FALSE,FALSE,TRUE,https://www.kickstarter.com/projects/fiberalley/fiber-alley-where-all-your-fiber-dreams-come-true
362580121,Big Tiddie Goth Girlfriends on the Moon comic #3!,Sirk,"Pulpy, Schlocky, Kitschy Sci-fi fun!",Comics,Comic Books,NC,2023-05-26,2023-06-25,16000,39246,245,1132,TRUE,TRUE,TRUE,FALSE,https://www.kickstarter.com/projects/sirk/big-tiddie-goth-girlfriends-on-the-moon-comic-3
131347020,Welcome to Whiskerville! We welcome you with open PAWS!,Wendy,"Where the love of Cats and Community comes together to make a difference, one PURR at a time!",Food,Spaces,NC,2025-04-18,2025-05-18,10000,3754,38,30,FALSE,FALSE,FALSE,FALSE,https://www.kickstarter.com/projects/whiskerville/welcome-to-whiskerville-we-welcome-you-with-open-paws
1048365879,Unity Comics Cosplay Gallery #17,gropiusone,Featuring the Cosplay Art of Saika Mifurin in her comic debut.,Comics,Comic Books,NC,2026-01-12,2026-02-01,300,1456,485,51,TRUE,TRUE,TRUE,FALSE,https://www.kickstarter.com/projects/gropiusone/unity-comics-cosplay-gallery-17
1088439590,Waypoint Kit: Titanium Bit Driver + Caravel Carabiner (REDO),Voyage Bladeworks,A compact titanium EDC kit built for people who actually use their gear — from knife maintenance to daily carry.,Design,Product Design,NC,2026-04-20,2026-05-04,5500,6429,117,85,TRUE,TRUE,FALSE,FALSE,https://www.kickstarter.com/projects/voyagebladeworks/waypoint-kit-titanium-bit-driver-caravel-carabiner-redo
572075583,Harlem & The Black Rose DOUBLE Feature,Danny J Quick,Harlem wakes up to a murdered family with Superpowers and the Rose Family try to escape their past in the Wild West! Two Comic Books!,Comics,Comic Books,NC,2023-05-05,2023-06-04,6540,10194,156,213,TRUE,TRUE,TRUE,TRUE,https://www.kickstarter.com/projects/dannyjquick/harlem-and-the-black-rose-double-kickstarter
1083100623,PAROXYSM VOL 5: HAUNTED,Natalia Lopes,"The fifth installment of our horror anthology featuring comics, art and writing by independent and marginalized creatives.",Comics,Anthologies,NC,2025-10-01,2025-10-18,4200,4364,104,94,TRUE,TRUE,TRUE,FALSE,https://www.kickstarter.com/projects/mystopress/paroxysm-vol-5-haunted
1633158621,Fall of Knight - Violent Beginnings,Aaron Dowen,An AWOL templar knight finds himself wrapped up in the violence of a ruthless Daimyo in feudal Japan. -22 Pages- *FREE US SHIPPING*,Comics,Comic Books,NC,2024-01-09,2024-02-08,3000,3935,131,161,TRUE,TRUE,TRUE,TRUE,https://www.kickstarter.com/projects/aarondowen/fall-of-knight-violent-beginnings
526487259,Tales of Cape Fear: 2023 Anthology,Angie Fernot,Dive into a diverse range of stories and art styles that are inspired by or set in the Cape Fear Region!,Comics,Anthologies,NC,2023-03-28,2023-04-27,2400,3555,148,70,TRUE,TRUE,TRUE,TRUE,https://www.kickstarter.com/projects/talesofcapefear2023/tales-of-cape-fear-2023-anthology
231677387,Ignore this please Having to cancel it (Canceled),Living Biohazard,Please do not back this project,Design,Toys,NC,2024-03-07,2024-04-08,500,215,43,5,FALSE,FALSE,FALSE,FALSE,https://www.kickstarter.com/projects/livingbiohazard/perished-plushies-extinct-mammal-edition
585062234,"Tarheel Tales of Terror, Issue #2: Phantom Travelers",Jeremy Clos,"Hearkening back to horror comics of 50s and 60s, Tarheel Tales of Terror explores North Carolina myths, legends, and ghost stories.",Comics,Comic Books,NC,2023-05-01,2023-06-30,4000,4293,107,88,TRUE,TRUE,TRUE,TRUE,https://www.kickstarter.com/projects/tarheeltales/tarheel-tales-of-terror-issue-2-phantom-travelers
1283299610,HELLFORGED Comic Series #1 and #2,Elliott Duque-Estrada,"Arthurian fantasy meets cosmic horror - A dark reinvention of the mythology of Excalibur, Merlin, and King Arthur",Comics,Comic Books,NC,2023-11-17,2023-12-19,8500,8735,103,219,TRUE,TRUE,TRUE,TRUE,https://www.kickstarter.com/projects/destrada/hellforged-comic-series-1-and-2
891494784,The Spooky Stationery Box - Organize October With Magic!,Brittany Johnson,"A limited-edition Halloween-themed stationery box filled with spooky, functional goodies to keep you wickedly organized this fall!",Crafts,Stationery,NC,2025-08-20,2025-09-19,300,307,102,6,TRUE,TRUE,TRUE,FALSE,https://www.kickstarter.com/projects/workshopplanners/the-spooky-stationery-box-organize-october-with-magic
663365579,Unity Comics Cosplay Gallery #14+2026 Calendar+Poker Cards,gropiusone,Featuring the Cosplay Art of IRABYB,Comics,Comic Books,NC,2025-10-23,2025-11-13,300,2797,932,67,TRUE,TRUE,TRUE,FALSE,https://www.kickstarter.com/projects/gropiusone/unity-comics-cosplay-gallery-14
324805347,SINNER TAKES ALL #1 | a supernatural action crime comic,Damien Becton,Chaos erupts when 2 desperate people fight for the chance to win their soul back from the devil. Only 1 can win and... SINNER TAKES ALL,Comics,Comic Books,NC,2024-01-29,2024-02-23,4250,4507,106,148,TRUE,TRUE,TRUE,TRUE,https://www.kickstarter.com/projects/bectonbectonbecton/sinnertakesall
178180534,Thief in The Night #2 + Back Issues,Grok Comics,Tragedy transforms this self-centered MMA Superstar fighter into a force for Justice and Mercy! 90's Extreme action and fun!,Comics,Comic Books,NC,2025-06-18,2025-07-18,250,972,389,30,TRUE,TRUE,TRUE,FALSE,https://www.kickstarter.com/projects/grokcomics/thief-in-the-night
69804814,F.A.S.T Girls,Grok Comics,Get ready for adrenaline-pumping action with FAST Girls! Join FAST Team in a thrilling homage to 90s extreme comics!,Comics,Comic Books,NC,2025-05-13,2025-06-12,2000,2000,100,93,TRUE,FALSE,TRUE,FALSE,https://www.kickstarter.com/projects/grokcomics/fast-girls
530911890,HELLFORGED #3 - Arthurian Fantasy Meets Cosmic Horror,Elliott Duque-Estrada,"A modern reinvention of the mythology of King Arthur... Camelot is on another planet and Excalibur isn't a sword, it's a teenage girl.",Comics,Comic Books,NC,2024-03-16,2024-04-21,6000,6536,109,215,TRUE,TRUE,TRUE,TRUE,https://www.kickstarter.com/projects/destrada/hellforged-3-arthurian-fantasy-meets-cosmic-horror
1343094786,Wall Talk - Variations of Blue,Jerome De Perlinghi,My Conversations with Walls,Photography,Photobooks,NC,2024-03-15,2024-04-16,7000,10202,146,113,TRUE,TRUE,TRUE,FALSE,https://www.kickstarter.com/projects/1086083969/wall-talk-variations-of-blue
1175133300,"2nd Edition of """"""""The Decline of Mall Civilization""""""""",Rumur,A book of photos shot in malls across America in 1989.,Photography,Photobooks,NC,2023-03-20,2023-04-24,45000,62308,138,664,TRUE,TRUE,TRUE,TRUE,https://www.kickstarter.com/projects/rumur/2nd-edition-the-decline-of-mall-civilization
2101136056,The 10th Anniversary Edition of Eyes on Main Street,Jerome De Perlinghi,"10 Years of Daring Photography in Historic Downtown Wilson, NC, USA",Photography,Fine Art,NC,2024-01-03,2024-03-03,20000,23435,117,168,TRUE,TRUE,TRUE,FALSE,https://www.kickstarter.com/projects/1086083969/the-10th-anniversary-edition-of-eyes-on-main-street
2028201009,Gilgamesh: The Musical – Bringing the Oldest Epic to Life (Canceled),Nicholas Filippides,"A historical musical set to the Epic of Gilgamesh. Featuring a full casting, orchestration, and over 30 professionally composed songs.",Music,World Music,NC,2025-08-15,2025-09-14,40000,3690,9,30,FALSE,FALSE,FALSE,FALSE,https://www.kickstarter.com/projects/gilgameshthemusical/gilgamesh-the-musical-bringing-the-oldest-epic-to-life
323892752,Where The Mind Will Not Rest (Canceled),Daniel Adam Black,Where The Mind Will Not Rest is a poetry book that includes themes dealing with anxiety and depression.,Publishing,Poetry,NC,2026-03-23,2026-05-22,5000,0,0,0,FALSE,FALSE,FALSE,FALSE,https://www.kickstarter.com/projects/themindneverrests/where-the-mind-will-not-rest
1678776131,Astrophotography Digest,Gene,Discover the Ultimate Astrophotography Resource,Publishing,Nonfiction,NC,2025-04-05,2025-05-05,10000,510,5,10,FALSE,FALSE,FALSE,FALSE,https://www.kickstarter.com/projects/practicalastrodigest/astrophotography-digest
8211027,Disruptive Intent,Falstaff Books,"An anthology that challenges expectations, subverts tropes, and fights the power.",Publishing,Fiction,NC,2025-10-02,2025-11-01,10000,11178,112,213,TRUE,TRUE,TRUE,TRUE,https://www.kickstarter.com/projects/falstaffbooks/disruptive-intent
1742692859,Carolina Gold: Griot & Grey Owl Black Writers Conference (Canceled),Griot and Grey Owl,"Mining Black southern stories from Appalachia to the Gullah--- a living archive filled with memory, magic, and cultural exploration.",Publishing,Literary Spaces,NC,2025-05-19,2025-07-01,40000,1047,3,16,FALSE,FALSE,FALSE,FALSE,https://www.kickstarter.com/projects/griotandgreyowl/carolina-gold-griot-and-grey-owl-black-southern-writers
1247315213,Interesting Times: A Hopepunk Anthology,Suzanna Lundale,Speculative fiction stories and poems shining light into the darkness of other realities to shine some light into this one,Publishing,Anthologies,NC,2025-09-01,2025-10-01,4200,4946,118,79,TRUE,TRUE,TRUE,TRUE,https://www.kickstarter.com/projects/interestingtimes/interesting-times-a-hopepunk-anthology
321537833,Rite of the Warlock and Rite of the Wolf Special Editions,Juliana Haygert,"Stunning Deluxe Hardcovers of 2 steamy friends-to-lovers, forbidden love, paranormal romance trilogies set in the Rite World.",Publishing,Fiction,NC,2025-02-11,2025-03-06,2000,27742,1387,158,TRUE,TRUE,TRUE,TRUE,https://www.kickstarter.com/projects/julianahaygert/rite-of-the-warlock
595110340,Ride to the Sound of the Guns/The Life of a Cold War Warrior,Robert Carson Mataxis,"The true story of Brig. General Mataxis, a career combat soldier and veteran of WWII, Korea, and Vietnam – earning Triple CIB honors.",Publishing,Nonfiction,NC,2025-05-19,2025-06-09,5000,7818,156,71,TRUE,TRUE,TRUE,TRUE,https://www.kickstarter.com/projects/3djoes/ride-to-the-sound-of-the-guns
1289135002,Dream Interpretation for the Mystical Soul,Pamela Cummins,"Learn how to interpret and understand your premonitions dreams, visits from deceased loved ones, and more woo-woo dreams.",Publishing,Nonfiction,NC,2023-10-17,2023-11-07,300,416,139,10,TRUE,TRUE,TRUE,FALSE,https://www.kickstarter.com/projects/pamelacummins/dream-interpretation-for-the-mystical-soul
1592945968,Illustrated Children's Poetry Anthology,Bandersnatch Books,"I've Got a Bad Case of Poetry brings together the delight of words, rhythm, rhyme, and images to instill a love of poetry in kids.",Publishing,Children's Books,NC,2025-02-18,2025-03-11,25000,31330,125,397,TRUE,TRUE,TRUE,TRUE,https://www.kickstarter.com/projects/bandersnatchbooks/illustrated-childrens-poetry-anthology
1989812246,"Ships, Secrets, and Survivors Audiobook",The Order of the Pen Press,Help us bring our flagship novel to life in audiobook format!,Publishing,Fiction,NC,2023-03-20,2023-04-19,1000,1196,120,8,TRUE,TRUE,TRUE,FALSE,https://www.kickstarter.com/projects/1414249555/ships-secrets-and-survivors-audiobook
41286191,The Chicken Tender’s Handbook,Justin Rhodes,How to Raise Chickens Naturally from chick to the plate,Publishing,Nonfiction,NC,2025-03-23,2025-04-03,10000,27113,271,685,TRUE,TRUE,TRUE,TRUE,https://www.kickstarter.com/projects/chickentender/the-chicken-tenders-playbook
701369465,The Sixteenth Year,Leah Outten,An open adoption memoir from a birth mother's perspective. From trauma to redemption nineteen years later.,Publishing,Nonfiction,NC,2023-05-01,2023-05-25,6000,7153,119,115,TRUE,TRUE,TRUE,FALSE,https://www.kickstarter.com/projects/leahoutten/the-sixteenth-year-an-open-adoption-memoir
879447031,Flight of the Raven,Brian Tenace,"A """"""""choose your own path"""""""" adventure book set in the Arthos World with abbreviated 5E rules. Enjoy this prequel to the Storms of War RPG.",Publishing,Fiction,NC,2023-02-10,2023-04-11,3000,3016,101,11,TRUE,TRUE,TRUE,FALSE,https://www.kickstarter.com/projects/flightoftheraven2023/flight-of-the-raven
1596278882,RAINN ON FIRE,Jason Stempin,GREETING DEATH NEVER FELT SO ENCHANTING,Publishing,Fiction,NC,2023-11-20,2023-12-20,500,501,100,7,TRUE,TRUE,TRUE,FALSE,https://www.kickstarter.com/projects/enchanted-ember/enchanted-ember
2099369613,Homestead Builds,Justin Rhodes,"DIY plans for Easy-to-Build, Mobile, and Efficient Chicken Coops, Garden Builds, and More!",Publishing,Nonfiction,NC,2023-06-01,2023-07-01,10000,142102,1421,1695,TRUE,TRUE,TRUE,TRUE,https://www.kickstarter.com/projects/chickentender/homestead-builds
1458383840,Triumvirate Books,Triumvirate Books,"Discover new worlds! A pop-up bookstore concept, focused on independent authors in Science Fiction, Fantasy, and Horror.",Publishing,Fiction,NC,2025-06-09,2025-08-08,10000,251,3,4,FALSE,FALSE,FALSE,FALSE,https://www.kickstarter.com/projects/triumviratebooks/triumvirate-books
1024850631,PROJECT 4R.E.E.L.,Jess Mei,A literary based promotion for rural early educator classrooms (4R.E.E.L.),Publishing,Literary Spaces,NC,2024-04-17,2024-05-17,10500,11,0,2,FALSE,FALSE,FALSE,FALSE,https://www.kickstarter.com/projects/4jess/project-4reel
895783927,"New York, Raw and Uncut",Jerome De Perlinghi,Photographs 1981-2001,Photography,Fine Art,NC,2026-04-03,2026-05-24,14000,15198,109,105,TRUE,TRUE,FALSE,FALSE,https://www.kickstarter.com/projects/1086083969/new-york-raw-and-uncut
43004807,An Ancient Calling - A New Album by sämäs,Sam Carroll,A new full-length album by sämäs (Sam Carroll and Asia Lupo),Music,World Music,NC,2024-04-08,2024-05-14,8000,32584,407,250,TRUE,TRUE,TRUE,TRUE,https://www.kickstarter.com/projects/sam-carroll/an-ancient-calling
2118235564,Fractured By Christiaan Lopez-Miro,Christiaan Lopez-Miro,Photography Book Published by Disparate Press,Publishing,Art Books,NC,2025-08-25,2025-09-18,2500,3095,124,49,TRUE,TRUE,TRUE,FALSE,https://www.kickstarter.com/projects/clopezmiro/fractured-by-christiaan-lopez-miro
1224759639,Under Construction-EP,Brandon Tenney,Hey guys I am starting on my new EP that I will be putting out this Fall! Great music will be on its way soon!,Music,Rock,NC,2024-07-06,2024-08-20,2000,218,11,8,FALSE,FALSE,FALSE,FALSE,https://www.kickstarter.com/projects/tenneykickstarter/under-construction-ep
1658286164,Wild Roots Album #2: The Mystic Country,Wild Roots,We are two soul sisters brought together through our love of nature and the power of harmony. Help us share our songs with the world!,Music,Country & Folk,NC,2025-10-13,2025-11-12,5000,5303,106,57,TRUE,TRUE,TRUE,TRUE,https://www.kickstarter.com/projects/763797123/wild-roots-album-2-the-mystic-country
1694509154,Istanbul At The Crossroads,Jerome De Perlinghi,A book of photographs shot between 2011 and 2025,Photography,Fine Art,NC,2025-01-12,2025-03-04,10000,11844,118,120,TRUE,TRUE,TRUE,FALSE,https://www.kickstarter.com/projects/1086083969/istanbul-at-the-crossroads
1893153187,Steve Hartsoe's New Guitar-Based Americana-Rock Music Album,Steve Hartsoe,"If you love Americana, roots-based rock (Tom Petty, Jason Isbell, Wallflowers), I need your help to finish my new album!",Music,Rock,NC,2023-11-17,2023-12-09,2500,2706,108,29,TRUE,TRUE,TRUE,FALSE,https://www.kickstarter.com/projects/stevehartsoe2/steve-hartsoes-new-guitar-based-americana-rock-music-album
400501065,Eyes on Wilson,Jerome De Perlinghi,Photographic Time Capsule by 67 Resident Photographers over 7 Years,Photography,Photobooks,NC,2024-07-26,2024-09-22,15000,18267,122,162,TRUE,TRUE,TRUE,FALSE,https://www.kickstarter.com/projects/1086083969/eyes-on-wilson
2125782066,The Girls New Album!,The Girls,The Girls have been working for the past year on this new album need to record!,Music,Punk,NC,2024-12-12,2025-01-11,8000,215,3,2,FALSE,FALSE,FALSE,FALSE,https://www.kickstarter.com/projects/70462234/the-girls-new-album
553672294,In Season,Drew Mercer,"A photobook showcasing the rock climbing in the Boone, North Carolina area.",Photography,Photobooks,NC,2025-05-13,2025-06-12,900,3728,414,76,TRUE,TRUE,TRUE,TRUE,https://www.kickstarter.com/projects/inseasonphotobook/in-season-0
1560439607,Miracle Ticket,Owen Beckmann (SkeletO),"Outrun the other wooks to find the Miracle Ticket, and get in the show for free!",Games,Tabletop Games,NC,2026-03-06,2026-04-05,8500,2196,26,27,FALSE,FALSE,FALSE,FALSE,https://www.kickstarter.com/projects/skeleto/miracle-ticket
1753399587,Soda Water Sea Piano Fund,Andrew Magowan,Help us get an awesome piano for our performance/practice space!,Music,Rock,NC,2024-05-04,2024-05-16,6000,506,8,7,FALSE,FALSE,FALSE,FALSE,https://www.kickstarter.com/projects/swspiano/soda-water-sea-piano-fund
785478770,the Meaning of Birds powerful debut album,Derek Cobb,"The Meaning of Birds has self recorded a wonderful album (demos here www.youtube.com/@meaningofbirds) We wish to publish vinyl, tape.",Music,Rock,NC,2025-01-25,2025-02-24,3500,0,0,0,FALSE,FALSE,FALSE,FALSE,https://www.kickstarter.com/projects/meaningofbirds/the-meaning-of-birds-powerful-debut-album
1846604693,Zoology Trading Cards - Series One (Canceled),Grim Entertainment,Get ready to embark on a journey through the animal kingdom like never before with our fun and educational animal collectable cards!,Games,Playing Cards,NC,2024-02-17,2024-03-18,15000,15901,106,44,TRUE,TRUE,FALSE,FALSE,https://www.kickstarter.com/projects/grimentertainment/zoology-trading-cards-series-one
1836798593,Alex Caswell - Visualize (Debut Album) Vinyl Production,David Peterson,Seeking to raise funds towards the production of 300 vinyl pressings of Alex Caswell’s debut album.,Music,Rock,NC,2023-04-21,2023-06-20,3600,247,7,9,FALSE,FALSE,FALSE,FALSE,https://www.kickstarter.com/projects/alexcaswell/alex-caswell-visualize-debut-album-vinyl-production
1702963604,Nudes in Nature Fine Art Photography Book,David Bollt,Fine Art Models and Photographers Celebrating Human Beauty with Reverance and Respect,Publishing,Art Books,NC,2025-10-23,2025-11-21,10000,110357,1104,1114,TRUE,TRUE,TRUE,TRUE,https://www.kickstarter.com/projects/minds-eye/the-nature-of-human-beauty
1670654902,Symphony of Portraits,Jerome De Perlinghi,Moving my portable studio across continents,Photography,Photobooks,NC,2023-01-18,2023-03-05,14000,20431,146,171,TRUE,TRUE,TRUE,FALSE,https://www.kickstarter.com/projects/1086083969/symphony-of-portraits
302285542,Nude Art Photography: A Celebration of Human Beauty,David Bollt,LATE PLEDGES CLOSING SOON! An Exquisite Hardcover Book Featuring Over 300 Awe-Inspiring Nude Art Models and Photographers,Publishing,Art Books,NC,2024-08-13,2024-09-14,10000,154262,1543,1617,TRUE,TRUE,TRUE,TRUE,https://www.kickstarter.com/projects/minds-eye/a-celebration-of-human-beauty-nude-and-figurative-fine-art
1558278617,Von Attica DEBUT Record! (Music in “Campaign” Section below),Von Attica,An original Rock n Roll trio looking to melt face.,Music,Rock,NC,2023-08-15,2023-09-16,18500,18591,100,57,TRUE,TRUE,TRUE,FALSE,https://www.kickstarter.com/projects/vonattica/von-attica-debut-record
124083104,Punctuation Adventures Chapter Book,Dina Ahmed,An Impressionistic Journey into the World of Punctuation Marks!,Publishing,Children's Books,NC,2024-04-06,2024-05-01,3000,6177,206,20,TRUE,TRUE,TRUE,FALSE,https://www.kickstarter.com/projects/montessoritube/punctuation-adventures-chapter-book
1760032766,A Lifeline for Photographers,Jerome De Perlinghi,"How Wilson, NC, USA is a Home for Photography",Photography,Fine Art,NC,2025-07-19,2025-09-01,20000,24220,121,149,TRUE,TRUE,TRUE,TRUE,https://www.kickstarter.com/projects/1086083969/a-lifeline-for-photographers
707528987,Help us release TANASI's debut record!,TANASI,Worldgrass for the People,Music,World Music,NC,2026-03-12,2026-04-02,10000,11365,114,112,TRUE,TRUE,TRUE,FALSE,https://www.kickstarter.com/projects/tanasi/help-us-release-tanasis-debut-record
128630757,Loafers Glory: An Anthology of Our Music,Chase Slagle,We are looking for support to head into the studio for our full-length album!,Music,Rock,NC,2023-11-15,2023-12-30,900,1206,134,6,TRUE,TRUE,TRUE,FALSE,https://www.kickstarter.com/projects/loafersglory/loafers-glory-an-anthology-of-our-music
2013216732,Safety Coffin Debut Album Production Support,Safety Coffin,"Help us fund our debut album! Any money we raise will go towards creating physical copies of the album, music videos, and new merch!",Music,Rock,NC,2023-06-07,2023-07-15,3800,4153.69,109,54,TRUE,TRUE,TRUE,FALSE,https://www.kickstarter.com/projects/safetycoffindebut/safety-coffin-debut-album-production-support
81761557,Paper Bits: Twenty Years of Comic Book Video Game Ads,Kevin Curley,Paper Bits is a visually restored and chronologically organized collection of video game ads from comics published between 1982-2002.,Publishing,Art Books,NC,2025-01-09,2025-02-08,27200,3755,14,59,FALSE,FALSE,FALSE,FALSE,https://www.kickstarter.com/projects/kevincurleycreative/paper-bits-twenty-years-of-comic-book-video-game-ads
1594012648,The Christmas Contrarian Campaign Limerick Books (Canceled),Jason Moon,This series of comedic illustrated books is a hilariously irreverent and unabashedly adult take on the festive season.,Publishing,Comedy,NC,2023-10-28,2023-12-01,2000,12,1,3,FALSE,FALSE,FALSE,FALSE,https://www.kickstarter.com/projects/elfpower/the-christmas-contrarian-campaign-limerick-books
398273338,The Indie Author That Could,Travis D. Peterson,"How to Self-Publish Children's Books with Clarity, Confidence, and Unstoppable Success • Book & Group Training Opportunities!",Publishing,Nonfiction,NC,2026-01-13,2026-02-12,3500,964,28,26,FALSE,FALSE,FALSE,FALSE,https://www.kickstarter.com/projects/travisdpeterson/the-indie-author-that-could
1253981908,YA Novel Publication - Four Kings Series,Erica S Adams,"Four brothers seek to uncover the culprit behind recent attacks. To survive, they must stop hiding and fight back.",Publishing,Young Adult,NC,2024-08-02,2024-09-01,6000,5,0,1,FALSE,FALSE,FALSE,FALSE,https://www.kickstarter.com/projects/fourkingsnovel/ya-novel-publication-four-kings-series
1495643528,Melanin Babies: Empowering the Next Generation,Cherrelle Williams,Igniting Bright Minds from Toddlers to Early Readers,Publishing,Children's Books,NC,2024-10-16,2024-12-02,20000,15,0,2,FALSE,FALSE,FALSE,FALSE,https://www.kickstarter.com/projects/1675084480/melanin-babies-empowering-the-next-generation
1807153282,The Dharma Bikes,Dylan Horne,The anticipated book about an epic North American bicycle odyssey out to the horizon and back.,Publishing,Comedy,NC,2024-08-31,2024-09-30,3700,4570,124,28,TRUE,TRUE,TRUE,FALSE,https://www.kickstarter.com/projects/thedharmabikes/the-dharma-bikes
1814666832,MagikCraft Oracle Deck,Lynn MagikCraft Swain,"A Goddess-led Oracle of Astrology, Ancestors, Runes, Witches, & Fairies reflecting your truth through sigils, soul goal & power.",Games,Playing Cards,NC,2025-09-04,2025-10-07,3777,16058,425,149,TRUE,TRUE,TRUE,FALSE,https://www.kickstarter.com/projects/magikcraftoracle/magikcraft-oracle-deck
216142880,What Ein Prefers - A Children's Book,Stephanie Caprini,"A great story about embracing your preferences, with an easy-to-read rhythm & your favorite dog duo - Ein (short for Einstein) and Faye",Publishing,Children's Books,NC,2024-10-17,2024-11-26,500,795,159,7,TRUE,TRUE,TRUE,FALSE,https://www.kickstarter.com/projects/sdcaprini/what-ein-prefers-a-childrens-book
531558792,Leo's Adventures - My Big Journey,Elisa Gusler,"The start of a heartwarming series inspired by Leo, a real rescue dog whose happy spirit shines through every adventure.",Publishing,Children's Books,NC,2025-11-03,2025-11-30,8500,10036,118,24,TRUE,TRUE,TRUE,FALSE,https://www.kickstarter.com/projects/authorelisagusler/leos-adventures-my-big-journey
45626975,Journey of Color,"Eric Cabbell, Jr,",A art book of my progression as an illustrator for seven years (2018- 2024),Publishing,Art Books,NC,2024-10-03,2024-11-17,600,19,3,1,FALSE,FALSE,FALSE,FALSE,https://www.kickstarter.com/projects/ericcabbell/journey-of-color
846194622,Mother Forest and Her Gifts,Alexander M. Leaman,A story book for children 4-7 marrying the magical whimsy of traditional folk tales with the spirit of scientific understanding.,Publishing,Children's Books,NC,2024-02-21,2024-03-22,6500,421,6,8,FALSE,FALSE,FALSE,FALSE,https://www.kickstarter.com/projects/motherforest/mother-forest-and-her-gifts
187259771,Destination Desire (Canceled),Joanne Rock,Dip your toes into five sizzling summer romances.,Publishing,Fiction,NC,2024-04-09,2024-05-07,10000,1031,10,23,FALSE,FALSE,FALSE,FALSE,https://www.kickstarter.com/projects/destinationdesire/destination-desire
796989648,Dargath Chronicles and Dusk Orbit Blues,DestonJMunden,Travel to a fantasy world with an orc tavern owner facing an ancient being or a scifi with space hillbilllies and cyborgs. Or both.,Publishing,Fiction,NC,2023-02-10,2023-03-03,3000,3317.66,111,70,TRUE,TRUE,TRUE,FALSE,https://www.kickstarter.com/projects/destonjmunden/dargath-chronicles-and-dusk-mountain-blues
286017336,The Last Self-Help Book,Sammy Vanek,We've gone as far as we could on our own. The time has come. Let's do it now.,Publishing,Nonfiction,NC,2025-01-21,2025-02-11,6000,7158,119,138,TRUE,TRUE,TRUE,FALSE,https://www.kickstarter.com/projects/sammyvanek/the-last-self-help-book
929853794,"Fuquay-Varina Ghosts, Legends & Lore: Vol. 1",Liz Z Pardue,"A history of hauntings, mysteries, scandals, and supernatural phenomena in a town as unique as its name.",Publishing,Anthologies,NC,2024-06-12,2024-07-15,3000,4655,155,109,TRUE,TRUE,TRUE,FALSE,https://www.kickstarter.com/projects/lizzpardue/fuquay-varina-ghosts-legends-and-lore-vol-1
1478445768,Jack's Story A 7th Armored Division Tank Commander in WW II,John H. Wilson,"Facing overwhelming odds, the Company Commander chose surrender. But Lt. Jack Wilson, refusing to yield, drew his .45 and took command.",Publishing,Nonfiction,NC,2024-10-14,2024-11-13,6000,6218,104,37,TRUE,TRUE,TRUE,FALSE,https://www.kickstarter.com/projects/jacksbook/jacks-story-a-7th-armor-division-tank-commander-in-ww-ii
100115215,The Social Contagion,Alison Lea Sher,"Re-telling the story of the pandemic's role in current events, examining how media created the ideological divides ravaging America.",Publishing,Nonfiction,NC,2025-01-20,2025-02-19,7000,7275,104,56,TRUE,TRUE,TRUE,FALSE,https://www.kickstarter.com/projects/alisonsher/the-social-contagion
1424714016,The Chaos Wielder Audiobook,Anissa Cosby,Bring the epic Dark Urban Fantasy to audio!,Publishing,Fiction,NC,2024-03-19,2024-04-02,5000,6098,122,52,TRUE,TRUE,TRUE,TRUE,https://www.kickstarter.com/projects/anissacosby/the-chaos-wielder-audiobook
1998223213,The Things You Forgot,Olivia Isaacs,"The Things You Forgot is an exciting, young adult fiction thriller by Olivia Lea Isaacs.",Publishing,Fiction,NC,2023-10-07,2023-11-06,1000,1927,193,46,TRUE,TRUE,TRUE,FALSE,https://www.kickstarter.com/projects/thethingsyouforgot/the-things-you-forgot
685762360,The Midwife and the Medic- a Duty to Act,Dr. David Powers,A novel set in western North Carolina during Hurricane Helene from the point-of-view of the locals and disaster workers.,Publishing,Fiction,NC,2025-11-27,2025-12-27,500,1087,217,17,TRUE,TRUE,TRUE,FALSE,https://www.kickstarter.com/projects/drdavidpowers/the-midwife-and-the-medic-a-duty-to-act
2037512329,From the Holler to the Sea: The Anthology,Rednecks Rising Media,"A historic print collection of poetry, prose, personal statements, photography, & artwork from folks affected by Hurricane Helene.",Publishing,Anthologies,NC,2025-04-24,2025-06-13,1500,1815,121,29,TRUE,TRUE,TRUE,FALSE,https://www.kickstarter.com/projects/rednecksrising/from-the-holler-to-the-sea-the-anthology
1173528723,The Stiger Chronicles Special Edition Hardcover - Book 1,Marc Alan Edelheit,A tarnished legacy. A dangerous mission. The beginning of an epic destiny.,Publishing,Fiction,NC,2025-03-25,2025-04-26,8000,22931,287,186,TRUE,TRUE,TRUE,TRUE,https://www.kickstarter.com/projects/edelheit/the-stiger-chronicles-special-edition-hardcover-book-1
1778518500,Golden Threads - Debut Poetry Book,SYDNEY CRUTCH,"Golden Threads speaks to the power of nature, solitude and art on the journey of self-remembrance. It is a tale of hope and healing.",Publishing,Poetry,NC,2024-03-16,2024-04-14,2200,3541,161,57,TRUE,TRUE,TRUE,FALSE,https://www.kickstarter.com/projects/sydneycrutch/golden-threads-debut-poetry-book
1227555255,Children's Book: Lester the Lizard Learns to Love,Lindsay Lemley,A vibrant children's picture book that inspires readers to spread love and kindness and teaches the importance of helping others.,Publishing,Children's Books,NC,2025-04-01,2025-05-01,1155,3678,318,80,TRUE,TRUE,TRUE,TRUE,https://www.kickstarter.com/projects/lesterthelizard/childrens-book-lester-the-lizard-learns-to-love
1931567927,Spellcaster Wild Card: Audiobook + Deluxe Limited Editions,Nikki Jefford,Get the early release Spellcaster Wild Card audiobook voiced by award-winning voice actor Khaya Fraites who brings the magic to life!,Publishing,Young Adult,NC,2026-02-03,2026-02-14,1500,2615,174,40,TRUE,TRUE,TRUE,TRUE,https://www.kickstarter.com/projects/nikkijefford/spellcaster-wild-card-audiobook
958939652,Make 100 - Wash-a-Pig Lite: A Creative Training Game,Todd Turner,Wash-a-Pig Lite is a card deck that will help you exercise creative muscles and eliminate creative block.,Publishing,Nonfiction,NC,2024-01-28,2024-02-29,500,313,63,13,FALSE,FALSE,FALSE,FALSE,https://www.kickstarter.com/projects/todduhturner/make-100-wash-a-pig-lite-a-creative-training-game
40740809,Dark Art Book and Cards for Daily Inspirational Thoughts,Doug Hoppes,Daily meditation and art book for those who love dark and scary things. Try a daily draw to see what the universe has in store for you!,Publishing,Art Books,NC,2023-09-18,2023-10-18,800,1500,188,28,TRUE,TRUE,TRUE,FALSE,https://www.kickstarter.com/projects/shadowmyths/dark-art-book-and-cards-for-daily-inspirational-thoughts
333805935,Bed Head 2,Holly Becker,The Hairs Take Off,Publishing,Children's Books,NC,2024-09-01,2024-10-01,7080,7363,104,134,TRUE,TRUE,TRUE,FALSE,https://www.kickstarter.com/projects/bedheadbook/bed-head-2
111096685,Restoring the Elemental Stone-A Middle Grade Fantasy Novel,Brieane Shanahan,"Pack your bags! Get ready for a wild ride! Friendship, magic, creatures, it's an adventure you don't want to miss.",Publishing,Children's Books,NC,2024-07-11,2024-07-31,500,2194,439,42,TRUE,TRUE,TRUE,FALSE,https://www.kickstarter.com/projects/brieaneshanahan/restoring-the-elemental-stone-a-middle-grade-fantasy-novel
2032340012,Something Wicked: Art of Scott Hampton,Scott Hampton,From the Eisner Award-winning artist an art book spanning his 40 years as an illustrator,Art,Illustration,NC,2024-12-02,2024-12-28,10000,8326,83,67,FALSE,FALSE,FALSE,TRUE,https://www.kickstarter.com/projects/hampton/something-wicked-art-of-scott-hampton
782651303,Omar Khayyam: The Science of Time and Enlightenment,Abbas Mokhtarzadeh,"Omar Khayyam’s impact on mathematics, astronomy, and his collaborative work in developing a precise solar calendar and time measurement",Publishing,Nonfiction,NC,2025-01-31,2025-04-01,40000,105,0,4,FALSE,FALSE,FALSE,FALSE,https://www.kickstarter.com/projects/abbasmokhtarzadeh/omar-khayyam-the-science-of-time-and-enlightenment
1133202039,Eddy Lipscumb & the Eye of Damirr,Jesse Wolf,a book made by Mr. Wolf and Mr. Lapham,Publishing,Fiction,NC,2024-11-28,2025-01-01,500,2810,562,41,TRUE,TRUE,TRUE,FALSE,https://www.kickstarter.com/projects/eddylipscumb/eddy-lipscumb-and-the-eye-of-damirr
721512488,Does Anyone Know my Language?,Terrie Lynn Birney,Help me print my book with sign language,Publishing,Children's Books,NC,2026-03-15,2026-04-14,1500,315,21,7,FALSE,FALSE,FALSE,FALSE,https://www.kickstarter.com/projects/asl-book-2026/does-anyone-know-my-language
1124370755,Life Lessons for Your Inner Child,Nani Layilaa,Life Lessons for Your Inner Child is a collection of simple but wise reminders for all ages. We added pictures for fun :),Publishing,Poetry,NC,2024-01-08,2024-03-08,1000,413,41,11,FALSE,FALSE,FALSE,FALSE,https://www.kickstarter.com/projects/llfyicbook/life-lessons-for-your-inner-child
1775405484,Omega Turbo Ninja Puppies,Alex Pensmen,"Omega Turbo Ninja Puppies is an children's book, for kids coming into adolescence, with short stories and comics for educational fun!",Publishing,Children's Books,NC,2024-08-17,2024-09-18,6000,560,9,2,FALSE,FALSE,FALSE,FALSE,https://www.kickstarter.com/projects/alexpensmen/omega-turbo-ninja-puppies
1638476008,Colt and the Special Mission,Monica,Christian children’s picture book. Colt’s feelings of loneliness turn into joy as he embarks on his special mission with Jesus.,Publishing,Children's Books,NC,2024-11-23,2024-12-23,5000,275,6,4,FALSE,FALSE,FALSE,FALSE,https://www.kickstarter.com/projects/coltsgreatmission/colt-and-the-special-mission
18689459,EXP,Will Carter,EXP; a polaroid art book exploring the male body through a queer lens.,Publishing,Art Books,NC,2023-01-02,2023-02-14,8000,727,9,7,FALSE,FALSE,FALSE,FALSE,https://www.kickstarter.com/projects/willcarter/exp-0
1373469684,Houses of Fog & Ember: The Greek & Roman Mythos (Vol. 1),Erin Rabideau,an Educational Artbook about the Pantheons of old,Publishing,Art Books,NC,2024-08-26,2024-09-25,5000,720,14,11,FALSE,FALSE,FALSE,FALSE,https://www.kickstarter.com/projects/ruyamira/houses-of-fog-and-ember-the-greek-and-roman-mythos-vol-1
574070510,Drowning Earth: Dive Into this Elemental Origins Hardcover,Sean Willson,"As nuclear tensions rise and the Earth drowns, a submarine commander discovers that ancient myths might just be humanity’s last hope.",Publishing,Fiction,NC,2023-09-05,2023-09-29,750,1530,204,41,TRUE,TRUE,TRUE,FALSE,https://www.kickstarter.com/projects/seanwillson/drowning-earth
2028295083,Rebel Romance Bookstore,Elsie Smith,A new mobile (for now) romance only bookstore coming to the NC triangle area,Publishing,Literary Spaces,NC,2025-08-29,2025-09-28,22000,724,3,13,FALSE,FALSE,FALSE,FALSE,https://www.kickstarter.com/projects/elsie-smith/rebel-romance-bookstore
136682597,Crossbow University Romance Anthology,Creative Writing With Dr Nagle,"Welcome to CU. The dark, twisted contemporary romance series filled with dark hearts, minds, & themes.",Publishing,Fiction,NC,2023-01-10,2023-02-01,500,3475,695,45,TRUE,TRUE,TRUE,FALSE,https://www.kickstarter.com/projects/naglenorthpublishing/crossbow-university-series-books-1-3-dark-na-romance
2049176413,Long Day For Ray,Bonner Litchfield,The sun never sets when past and future collide.,Publishing,Fiction,NC,2024-11-12,2024-12-11,200,65,32,5,FALSE,FALSE,FALSE,FALSE,https://www.kickstarter.com/projects/57741279/long-day-for-ray
1845586619,De-Lektable Signed Copy with Custom 3D printed button!,Shyzabox,De-lektable is a monographing of lekton. The Book is written. small wait time. This is for a custom signed copy w/ button from author.,Publishing,Literary Journals,NC,2025-09-29,2025-10-13,499,244,49,4,FALSE,FALSE,FALSE,FALSE,https://www.kickstarter.com/projects/shyzabox/de-lektable-signed-copy-with-custom-3d-printed-button
1294975120,Justice for the People - The Anita Earls Story,Billy Corriher,"From a humble orphanage to the halls of power, this modern-day civil rights hero defies the odds every time defeat appears inevitable.",Publishing,Nonfiction,NC,2026-02-26,2026-03-28,3000,3141,105,44,TRUE,TRUE,TRUE,FALSE,https://www.kickstarter.com/projects/2063370296/justice-for-the-people-the-anita-earls-story
2061556848,Deadly Vows: Book 1 in The Shadow Bound Chronicles,Nichole Heydenburg,"New YA urban fantasy with demon hunters, magic, and found family. For fans of The Mortal Instruments and The Shadow Demons Saga.",Publishing,Young Adult,NC,2024-08-12,2024-09-03,500,1213,243,35,TRUE,TRUE,TRUE,FALSE,https://www.kickstarter.com/projects/poisonedinkpress/deadly-vows-book-1-in-the-shadow-bound-chronicles
1073715542,"Defeat Zombies, Clear Obstacles, Achieve Goals",Dustin A. Wiggins,"Learn the Prioritization Method to Overcome Fear, Perfectionism, Procrastination, and More with Creative Weapons and Zombiewood Heroes",Publishing,Nonfiction,NC,2023-05-03,2023-06-07,25000,399,2,6,FALSE,FALSE,FALSE,FALSE,https://www.kickstarter.com/projects/dustinwiggins/zombie-slayer-defeat-zombies-clear-obstacles-achieve-goals
1071463288,Mindscourge: A Compendium of Mental Afflictions for DnD 5e,White Panther Games,"A handbook of over 100 brain diseases, madnesses, magic items, backgrounds, and feats for D&D and other TTRPGs!",Games,Tabletop Games,NC,2025-09-10,2025-10-10,100,2800,2800,76,TRUE,TRUE,TRUE,FALSE,https://www.kickstarter.com/projects/1648906307/mindscourge-a-compendium-of-mental-afflictions-for-dnd-5e
1422842359,Wrath's Daughter Special Edition Hardcover,Anissa Cosby,"A polyromantic urban fantasy set in a queer-norm cyberpunk world where """"""""Blade"""""""" meets """"""""Legend of Korra"""""""".",Publishing,Fiction,NC,2025-06-27,2025-07-13,5000,8125,162,39,TRUE,TRUE,TRUE,FALSE,https://www.kickstarter.com/projects/anissacosby/wraths-daughter-special-edition-hardcover
794016591,Spellcaster All-Stars: Special Edition,Nikki Jefford,"A deadly magic competition between paranormal creatures and an underdog zombie. Slow burn, upper YA novel, deluxe signed edition.",Publishing,Fiction,NC,2025-09-29,2025-10-23,3000,11764,392,104,TRUE,TRUE,TRUE,TRUE,https://www.kickstarter.com/projects/nikkijefford/spellcaster-all-stars-deluxe-collectors-hardback
1378489401,Possession: Book One Of The Shadow Walker Chronicles,Timothy E. Sizemore,The Dresden Files meets Warfare when a former U.S. Army Ranger discovers he is a mage after succumbing to a demonic possession in Iraq,Publishing,Fiction,NC,2025-07-26,2025-08-17,1250,1690,135,39,TRUE,TRUE,TRUE,FALSE,https://www.kickstarter.com/projects/886331609/possession-book-one-of-the-shadow-walker-chronicles
1590642788,Adding Music to Jane Austen's Desk,"Jane Austen Collaborative, Inc.",Music was key to Jane Austen’s creative process. Help us build interactive tools to make Austen's music come alive for all Janeites.,Publishing,Literary Spaces,NC,2025-11-25,2025-12-29,9000,3901,43,35,FALSE,FALSE,FALSE,FALSE,https://www.kickstarter.com/projects/janeaustencoll/adding-music-to-jane-austens-desk
795175413,Heart Language,Jacqueline Boone,This book is an inspiring guide to creating a heart-centered life and career. Where could your heart take you?,Publishing,Nonfiction,NC,2025-12-01,2026-01-12,11000,11479,104,178,TRUE,TRUE,TRUE,TRUE,https://www.kickstarter.com/projects/jacquelineboone/heart-language
109829744,Labor/Zero: A Post-Labor Economics Treatise,David Shapiro,AI is killing work. This is how we build a new way of life!,Publishing,Nonfiction,NC,2026-03-17,2026-04-16,8000,45289,566,1165,TRUE,TRUE,TRUE,TRUE,https://www.kickstarter.com/projects/daveshap/labor-zero
1675807695,Retreat to Bleecker Street (A Romance Novel) by Mandy Casto,Mandy Casto,Book Two in the Jade Island Series features a coming-of-age love triangle that millennials and fans of sweet romance will devour.,Publishing,Fiction,NC,2025-06-15,2025-07-15,500,606,121,19,TRUE,TRUE,TRUE,FALSE,https://www.kickstarter.com/projects/bleeckerstreet/retreat-to-bleecker-street-by-mandy-casto
823643636,Modultown! A Math-Inspired Children's Book,Natural Math,"Experience a whimsical puzzle hunt in a new fantastic world full of friendship and surprises, from the authors of Funville Adventures",Publishing,Children's Books,NC,2025-10-13,2025-12-02,8000,11056,138,132,TRUE,TRUE,TRUE,TRUE,https://www.kickstarter.com/projects/naturalmath/modultown-a-math-inspired-childrens-book
245601292,Once Upon a Curse-A Collection of Special Edition Retellings,Tricia Beninato,"Think you know the stories of Cinderella, The Fates, Little Mermaid, Robin Hood and more? Maybe not as these stories get an adult twist",Publishing,Fiction,NC,2024-10-15,2024-11-09,5000,25162,503,141,TRUE,TRUE,TRUE,TRUE,https://www.kickstarter.com/projects/onceuponacurse/once-upon-a-curse-a-collection-of-special-edition-retellings
601758890,Carolina Gold:A Black Southern Anthology & Digital Archive,Griot and Grey Owl,This groundbreaking anthology & archive preserves Black stories from Appalachia to the Gullah — a literary homecoming rooted in culture,Publishing,Anthologies,NC,2025-06-19,2025-07-29,20000,2786,14,37,FALSE,FALSE,FALSE,TRUE,https://www.kickstarter.com/projects/griotandgreyowl/carolina-gold-a-black-southern-anthology-and-digital-archive
758758522,Never Kiss A Fae Collector's Edition Omnibus,Author Lexi C. Foss,"A limited print-run special edition of Elemental Fae Academy Books 1-4 and interconnected standalone novel, Winter Fae Queen.",Publishing,Fiction,NC,2025-08-05,2025-08-30,7500,90305,1204,306,TRUE,TRUE,TRUE,TRUE,https://www.kickstarter.com/projects/authorlexicfoss/never-kiss-a-fae-collectors-edition-omnibus
1018264180,Beautiful Mess Trilogy 10th Anniversary Omnibus,T.K. Leigh,Exclusive special edition hardcover omnibus of the USA Today bestselling Beautiful Mess Trilogy.,Publishing,Fiction,NC,2024-01-16,2024-02-02,1500,5020,335,59,TRUE,TRUE,TRUE,TRUE,https://www.kickstarter.com/projects/tkleigh/beautiful-mess-trilogy-10th-anniversary-omnibus
1180767261,Apocalypse Rising: A Murder of Wizards,Eric Swett,An urban fantasy novel about the Grim Reaper's time among humanity in the final days.,Publishing,Fiction,NC,2023-01-24,2023-03-25,1500,1825,122,22,TRUE,TRUE,TRUE,FALSE,https://www.kickstarter.com/projects/innocenteric/apocalypse-rising-a-murder-of-wizards
1948992110,Deckled: A Publishing Platform for Authors,"Deckled, LLC","Authors, monetize your writing and grow your audience on your terms. Readers, connect with writers and support them directly.",Publishing,Literary Spaces,NC,2024-08-01,2024-09-30,150000,8268,6,36,FALSE,FALSE,FALSE,FALSE,https://www.kickstarter.com/projects/deckled/deckled-a-publishing-platform-for-authors
2039687376,Tiger's Eye Special Edition Hardback,Breezy Jones,"Limited Special Edition Hardback of Tiger's Eye with glitter foil, sprayed edges, exclusive artwork, and so much more!",Publishing,Fiction,NC,2024-02-14,2024-03-07,1000,8948,895,79,TRUE,TRUE,TRUE,TRUE,https://www.kickstarter.com/projects/breezyjauthor/tigers-eye-limited-special-edition
629515410,RIPPER: The Complete Series Special Edition Omnibus,Amy Cecil,The Ripper trilogy is a sizzling romance filled with spine-tingling suspense.,Publishing,Fiction,NC,2024-03-07,2024-04-06,1500,12637,842,119,TRUE,TRUE,TRUE,TRUE,https://www.kickstarter.com/projects/amycecilbooks/ripper-the-complete-series-special-edition-omnibus
607020928,Wrangled & Tangled: An MM Cowboy Romance,Taylor Wilson-West,"Exclusive edition of Wrangled & Tangled, spicy art and more. A cowboy, single dad, blue collar, dirty mouthed romance novel.",Publishing,Fiction,NC,2025-05-31,2025-07-01,2000,5656,283,138,TRUE,TRUE,TRUE,FALSE,https://www.kickstarter.com/projects/taylorwilsonwest/wrangled-and-tangled-an-mm-cowboy-romance
178737473,Lux: From the Kingdom of Darkness—Hardcover & Deluxe Edition,Eastin DeVerna,A romantic fantasy—a princess and angel must bring light to the kingdom of darkness. Legend of Zelda x Sleeping Beauty.,Publishing,Fiction,NC,2024-04-23,2024-05-22,10000,12896,129,238,TRUE,TRUE,TRUE,TRUE,https://www.kickstarter.com/projects/eastindeverna/lux-from-the-kingdom-of-darkness
1101526535,Smothered & Covered: SE Plus Size Cowboy Romance,Taylor Wilson-West,"Lucy's got it all, Reese has life figured out. Will one encounter change everything?",Publishing,Fiction,NC,2025-09-22,2025-10-24,1500,2059,137,35,TRUE,TRUE,TRUE,FALSE,https://www.kickstarter.com/projects/taylorwilsonwest/smothered-and-covered-se-plus-size-cowboy-romance
1284484234,Rebel Romance Pop Up Bookstore,Elsie Smith,A new pop up (for now) romance and fantasy bookstore coming to the NC triangle area,Publishing,Literary Spaces,NC,2025-10-08,2025-11-07,2000,2299,115,14,TRUE,TRUE,TRUE,FALSE,https://www.kickstarter.com/projects/elsie-smith/rebel-romance-pop-up-bookstore
2046132373,The Ultimate Dressage Journal,Annie Bee,2023 USDF Dressage Tests ~ Intro through Fourth Level,Publishing,Nonfiction,NC,2023-03-25,2023-04-24,3500,242,7,2,FALSE,FALSE,FALSE,FALSE,https://www.kickstarter.com/projects/moveremedia/the-ultimate-dressage-journal
887979226,Tapping Talent,Mark Frietch,Uncovering Hidden Opportunities in Your Data to Capture Top Talent,Publishing,Nonfiction,NC,2023-03-23,2023-04-17,1500,200,13,3,FALSE,FALSE,FALSE,FALSE,https://www.kickstarter.com/projects/markfrietch/tapping-talent
1304213080,When The Sky Comes Looking For You,J. Yamil,An adventure designed for Weird Frontiers RPG and DCC RPG featuring a loan-shark luchador and mutated villains in an airship.,Publishing,Zines,NC,2025-02-07,2025-03-09,1500,3569,238,129,TRUE,TRUE,TRUE,TRUE,https://www.kickstarter.com/projects/whenthesky/when-the-sky-comes-looking-for-you
1478361253,Shadows & Starlight: Exclusive Special Edition Hardcovers ✨,E.V. Everest,"Travel to a glittering, dangerous world with political alliances and ballgowns. For Fans of The Hunger Games and Harry Potter. 💜👑🌌",Publishing,Young Adult,NC,2023-10-29,2023-11-19,500,10792,2158,84,TRUE,TRUE,TRUE,TRUE,https://www.kickstarter.com/projects/eveverest/shadows-and-starlight-special-edition-hardcovers
1068440579,The Process of Birthing Vision,Crystal,The Process of Birthing Vision compares birthing a child with birthing vision or your God-given assignment.,Publishing,Nonfiction,NC,2023-05-03,2023-06-01,5000,408,8,7,FALSE,FALSE,FALSE,FALSE,https://www.kickstarter.com/projects/birthingvision/the-process-of-birthing-vision
616485139,"Christmas, Conspiracies & Cookies: Sweetwater Secrets",Josie Riviera,A deliciously cozy & clean romance mystery where matters of the heart are worth fighting for and second chances lead to holiday magic.,Publishing,Fiction,NC,2024-11-14,2024-12-05,500,500,100,11,TRUE,FALSE,TRUE,FALSE,https://www.kickstarter.com/projects/josieriviera/new-romance-whispers-of-holiday-magic-in-sweetwater-springs
839447986,Cello's Gate: Special Edition Epic Fantasy Book + Extras!,Maurice Africh,"The hardback special edition for the scifi/fantasy debut, """"""""Cello's Gate,"""""""" is finally here—with new art, merch, and exclusive stories!",Publishing,Fiction,NC,2025-09-01,2025-10-01,10000,35801,358,353,TRUE,TRUE,TRUE,TRUE,https://www.kickstarter.com/projects/cellos-gate/cellos-gate-special-edition-hardback-sky-pirate-extras
1393825395,Winter Fae’s Blight—A Dual Narration Fantasy Audiobook,K.C. Lannon,"The Spiderwick Chronicles meets Narnia in a YA fantasy series set in an alternate UK with Fae, elemental magic, and monsters.",Publishing,Young Adult,NC,2025-06-10,2025-07-10,5000,5016,100,11,TRUE,TRUE,TRUE,FALSE,https://www.kickstarter.com/projects/wfbseries/winter-faes-blighta-dual-narration-coming-of-age-fantasy
1247631273,River River Books: Poetry Distribution,Han VanderHart,"Help us ship poetry to independent bookstores, libraries, and readers.",Publishing,Poetry,NC,2024-03-31,2024-05-18,2500,3410,136,56,TRUE,TRUE,TRUE,TRUE,https://www.kickstarter.com/projects/hanvanderhart/river-river-books-poetry-distribution
32552864,Space Wizard Science Fantasy: Year 2!,William C. Tracy,An indie publishing house focusing on queer science fiction and fantasy,Publishing,Fiction,NC,2023-06-01,2023-07-01,15000,18081,121,235,TRUE,TRUE,TRUE,FALSE,https://www.kickstarter.com/projects/spacewizard/space-wizard-science-fantasy-year-2
841723134,Kissed by Iron & Glass: Special Edition Fae Fantasy Romance,E.V. Everest,A Cinderella fairytale retelling with a touch of steam. A cursed fae king and bridal trials. 💖✨ Foiled with sprayed edges!,Publishing,Fiction,NC,2025-05-08,2025-05-25,3500,20315,580,287,TRUE,TRUE,TRUE,TRUE,https://www.kickstarter.com/projects/eveverest/kissed-by-iron-and-glass-special-edition-hardcover
685756249,Audiobook: Last Days Of Colbosh,C. L. Roberts,Vengeance never sleeps as Colbosh finds himself trapped in another galactic war.,Publishing,Fiction,NC,2023-07-08,2023-08-07,6000,143,2,3,FALSE,FALSE,FALSE,FALSE,https://www.kickstarter.com/projects/clroberts/audiobook-last-days-of-colbosh
958619412,Support Marty in Self Publishing,Marty Rogers,Working towards publishing independent literature from my home studio. This will also serve as a base to expand upon in the future.,Publishing,Poetry,NC,2024-01-16,2024-03-01,500,500,100,18,TRUE,FALSE,TRUE,FALSE,https://www.kickstarter.com/projects/martyrogersmaker/support-marty-in-self-publishing
572936627,The Distance We Crossed,Keith Whitford,"The Distance We Crossed A True Story of Love, Faith, and the Miles Between Us",Publishing,Nonfiction,NC,2025-11-04,2026-01-03,1300,1633,126,29,TRUE,TRUE,TRUE,FALSE,https://www.kickstarter.com/projects/keithtexwhitford/the-distance-we-crossed
294570776,firewords - poetry in full-color hardcover,Elizabeth Chandler,Poetry that goes down like firewater & explodes into showers of light.,Publishing,Poetry,NC,2025-02-05,2025-02-26,969,1187,122,20,TRUE,TRUE,TRUE,FALSE,https://www.kickstarter.com/projects/firewords/firewords-poetry-in-full-color-hardcover
1937657231,The Florida Men Folio: A TTRPG Zine,Greggo Movie Rants,"An unhinged 5E compatible supplement! 4 new Subclasses, plus monster stats, magic items, & spells from the mythical lands of Florida!",Games,Tabletop Games,NC,2026-02-05,2026-03-07,250,383,153,29,TRUE,TRUE,TRUE,FALSE,https://www.kickstarter.com/projects/greggomovierants/the-florida-men-folio-a-ttrpg-zine
635105779,The Bridge Within: Recovering the Pieces of a Forgotten Past,Jeff Spiteri,"Catch a freight train with Jeff and join the journey from childhood trauma, delinquency and homelessness as he forges his path to heal.",Publishing,Nonfiction,NC,2023-08-12,2023-09-13,2500,816,33,19,FALSE,FALSE,FALSE,FALSE,https://www.kickstarter.com/projects/thebridgewithin/the-bridge-within-recovering-the-pieces-of-a-forgotten-past
1985713626,The Mothmar Trilogy: YA Epic Ice Age Dark Fantasy,Amanda Auler,"Prophecies gone awry, elemental magic, sibling bonds, animal companions, and a chosen one destined to mess it all up.",Publishing,Fiction,NC,2025-05-09,2025-05-30,1000,17687,1769,222,TRUE,TRUE,TRUE,TRUE,https://www.kickstarter.com/projects/mothmarthenovel/son-of-the-stars
2008557873,The Colorful Being - A Story About The Power of Diversity,Alexander McCord,A colorful story about a little yellow being who takes on the colors of other beings after they connect.,Publishing,Children's Books,NC,2025-08-05,2025-09-04,2500,2580,103,27,TRUE,TRUE,TRUE,FALSE,https://www.kickstarter.com/projects/thecolorfulbeing/the-colorful-being-a-story-of-learning-from-other-cultures
1660908581,Furhaven Adventures,Kim Bourrie,"324 Pages of Interwoven 5E Quests • 5 New Classes • Minis, Dice & More",Games,Tabletop Games,NC,2025-10-21,2025-11-18,1000,7659,766,91,TRUE,TRUE,TRUE,FALSE,https://www.kickstarter.com/projects/kimbolt/furhaven-adventures
709273755,"My Celebrity Crush Fell for Me, Part 1",Eric Nelums,"Navigating love, fame, and Betrayal in the spotlight.",Publishing,Nonfiction,NC,2025-10-06,2025-12-05,6000,0,0,0,FALSE,FALSE,FALSE,FALSE,https://www.kickstarter.com/projects/1251348925/my-celebrity-crush-fell-for-me-part-1
537374574,Free Roses by Chelsea Lynn LaBate,Chelsea LaBate,A 111 page paperback book full of long format poetry published by Mezcalita press.,Publishing,Poetry,NC,2023-04-14,2023-05-31,10000,10495,105,120,TRUE,TRUE,TRUE,FALSE,https://www.kickstarter.com/projects/freeroses/free-roses-by-chelsea-lynn-labate
117622252,Blackthorn Hunters Academy Special Edition Hardcovers,Juliana Haygert,"Full 5-books urban fantasy romance series in 2 stunning new omnibus hardcovers w/ sprayed edges, foiled covers, dust jackets, and more!",Publishing,Fiction,NC,2025-08-27,2025-09-17,3000,31381,1046,160,TRUE,TRUE,TRUE,TRUE,https://www.kickstarter.com/projects/julianahaygert/blackthorn-hunters-academy
554576121,The Last Pendragon,Jeanette T. Queen,Arthurian legends meet Twilight in this fast-paced fantasy adventure.,Publishing,Fiction,NC,2023-02-07,2023-03-09,850,81,10,6,FALSE,FALSE,FALSE,FALSE,https://www.kickstarter.com/projects/jeanettetqueen/the-last-pendragon
1075115172,Hawk's Legacy & Knights of Silence MC Special Editions,Amy Cecil,"Dare to enter a motorcycle club world filled with sexy romance, lots of spice, danger, and plenty of action.",Publishing,Fiction,NC,2023-05-15,2023-06-01,8000,4117,51,20,FALSE,FALSE,FALSE,FALSE,https://www.kickstarter.com/projects/amycecilbooks/hawks-legacy-exclusive-special-editions
366336846,Pushing Forward | Poems for the Resilient,Brittany Frizzelle,Poetry for those who almost gave up—but keep showing up for themselves.,Publishing,Poetry,NC,2025-09-01,2025-10-01,5000,1480,30,29,FALSE,FALSE,FALSE,TRUE,https://www.kickstarter.com/projects/un2rewbtour/pushing-forward-poetry-for-the-resilient
153284675,Ragtag: Be Where You Belong (Canceled),Nicholas Cooke,"From isolation to community—Ragtag connects students, healing isolation and inspiring a future where everyone truly belongs.",Technology,Apps,NC,2025-04-12,2025-06-11,3000,0,0,0,FALSE,FALSE,FALSE,FALSE,https://www.kickstarter.com/projects/njcooke/ragtag-be-where-you-belong
1552173245,The Chronicles of Panel Pete,AJ,What if your comic book hero could step out of the panels and change your life forever?,Comics,Comic Books,NC,2026-03-12,2026-04-09,500,1020,204,28,TRUE,TRUE,TRUE,FALSE,https://www.kickstarter.com/projects/641500179/the-chronicles-of-panel-pete
657537662,SolderJaw SJ-1 a Soldering Helping Hand Device (Canceled),Avery Turley,SolderJaw SJ-1 is designed to help with holding through-hole and surface mount components to solderable breadboards or custom PCB's.,Technology,Fabrication Tools,NC,2025-03-15,2025-04-13,32000,462,1,10,FALSE,FALSE,FALSE,FALSE,https://www.kickstarter.com/projects/solderjaw/solderjaw-sj-1-a-soldering-helping-hand-device
879737393,Hack Your Muscles with Sentimo (Canceled),Jasper,"Sentimo brings powerful muscle and motion tracking to your lab, gym, or garage, precision biosensing for every curious mind.",Technology,Wearables,NC,2025-12-07,2026-01-06,10000,359,4,1,FALSE,FALSE,FALSE,FALSE,https://www.kickstarter.com/projects/879611831/hack-your-muscles-with-sentimo
164636826,Fox-e-Box: A wearable device that displays animations (Canceled),Chase the Fox,"A wearable lightweight name tag or badge that can be worn for high visibility using images, animations, and backlighting",Technology,Wearables,NC,2025-11-20,2025-12-20,25000,3138,13,14,FALSE,FALSE,FALSE,FALSE,https://www.kickstarter.com/projects/chasethefox/fox-e-box-a-wearable-device-that-displays-animations
634086842,The Unbound Collection - 3D Printable Miniatures and Terrain,MiniaturesCraze,"Unlock all of our 4 years Library of Miniatures, 389+ miniatures and 51 Terrain Sets",Games,Tabletop Games,NC,2024-06-11,2024-07-02,500,4915,983,58,TRUE,TRUE,TRUE,FALSE,https://www.kickstarter.com/projects/miniaturescraze/the-unbound-collection-3d-printable-miniatures-and-terrain
796657895,Royalty Card Game,CrownedFeline,Royalty is a competitive party card game for 2-6 players! Create your own deck and make every game unique!,Games,Playing Cards,NC,2025-07-03,2025-08-02,1500,4047,270,56,TRUE,TRUE,TRUE,FALSE,https://www.kickstarter.com/projects/crownedfeline/royalty-card-game
1938758997,Making High-Performance 3D Printing Affordable: Fusion3 F200 (Canceled),Kate Padgett,High-Temperature Performance | Security-Focused Architecture | Multi-Color & Multi-Material Compatibility | User-Friendly 3D Printer,Technology,3D Printing,NC,2024-08-13,2024-09-27,150000,25666,17,16,FALSE,FALSE,FALSE,FALSE,https://www.kickstarter.com/projects/fusion3-kate/making-high-performance-3d-printing-affordable-fusion3-f200
999954788,Enlyten App: Always Free Global Mental Health Support 24/7 (Canceled),"Enlyten HealthTech, Inc.","Free AI-driven global mental health support, emotional intelligence certifications for businesses & integration tools for therapists.",Technology,Apps,NC,2024-10-09,2024-11-08,49800,0,0,0,FALSE,FALSE,FALSE,FALSE,https://www.kickstarter.com/projects/enlytenhealthtech/enlyten-app-always-free-global-mental-health-support-24-7
1108047248,Keep Youth Sports Affordable: Crowdfunding for Kids' Sports (Canceled),Keith Kostka,"Access to youth sports should be a right, not a privilege. Help us build an interactive crowdfunding experience for local youth sports",Technology,Web,NC,2025-03-13,2025-05-12,60000,0,0,0,FALSE,FALSE,FALSE,FALSE,https://www.kickstarter.com/projects/370901005/keep-youth-sports-affordable-crowdfunding-for-kids-sports
1945181159,Follow Traveling items - Inspire Random Acts of Kindness (Canceled),Dan Alich,Pay Forward a Random Act of Kindness and follow where it goes. Follow an objects journey as people take it on an adventure.,Technology,Web,NC,2025-11-10,2025-12-10,550,0,0,0,FALSE,FALSE,FALSE,FALSE,https://www.kickstarter.com/projects/arduinoclassroomkit/lost-and-found-random-acts-of-kindness-travel-tag
1835529525,Pinky Promise Special Edition,Breezy Jones,Pinky Promise Special Edition- a spicy Romantasy novel by Breezy Jones,Publishing,Fiction,NC,2025-02-14,2025-03-14,5000,18967,379,237,TRUE,TRUE,TRUE,TRUE,https://www.kickstarter.com/projects/breezyjauthor/pinky-promise-special-edition
717462223,Yarden: Revolutionizing Landscape Design (Canceled),Mason Stevens,"From DIYers to designers - your all-in-one platform for designing, planning, and managing landscapes.",Technology,Web,NC,2025-03-01,2025-03-31,30000,3318,11,24,FALSE,FALSE,FALSE,FALSE,https://www.kickstarter.com/projects/masonstevens95/yarden-revolutionizing-landscape-design
1141613330,Ink Me Up - Your Virtual Tattoo Studio,Sean Crosby,Ink Me Up is more than just a tattoo app. It's an immersive experience that connects fans and celebrities through tattoos.,Technology,Apps,NC,2023-06-28,2023-08-04,75000,2,0,2,FALSE,FALSE,FALSE,FALSE,https://www.kickstarter.com/projects/inkmeup/ink-me-up-your-virtual-tattoo-studio
20794136,KYWY : Retro Gaming and Development Platform,Ethan Lannan,The compact retro gaming system with endless development potential. Immerse yourself in an open ecosystem that fuels creativity and fun,Technology,Gadgets,NC,2023-12-30,2024-02-28,50000,11880,24,110,FALSE,FALSE,FALSE,FALSE,https://www.kickstarter.com/projects/koinslotkywy/kywy-retro-gaming-and-development-platform
815303359,Handmade Full-Grain Leather Belt – Built to Last,Azatbek,Strong. Elegant. Built for modern men who value quality,Fashion,NA,NC,2025-10-04,2025-11-03,49000,1,0,1,FALSE,FALSE,FALSE,FALSE,https://www.kickstarter.com/projects/aurenco/handmade-full-grain-leather-belt-built-to-last
1618407965,Capy: Mindful Dating & Friendship through Community Impact,"Bill """"""""Downupright"""""""" Boulden",A new kind of app for meeting people—where real connections start while making a difference together in your community.,Technology,Apps,NC,2025-03-11,2025-04-10,20000,4476,22,34,FALSE,FALSE,FALSE,FALSE,https://www.kickstarter.com/projects/downupright/capy-mindful-dating-and-friendship-through-community-impact
1268320002,Earning Social Platform Project,Sarah Sturgill,This is our current project to build and deploy a social media platform where content creators and others can monetize their content,Technology,Web,NC,2024-03-27,2024-05-26,5000,31,1,3,FALSE,FALSE,FALSE,FALSE,https://www.kickstarter.com/projects/wildcatstudio/earning-social-platform-project
74856211,"Natural Fruit Paper Wraps, Only real fruits",Luis,"RollUp Natural Fruit Wraps: Delightfully Flavorful, 100% Real Fruit Paper Wraps for rolling paper. great taste and slow burning",Technology,Gadgets,NC,2023-05-30,2023-06-29,10000,71,1,5,FALSE,FALSE,FALSE,FALSE,https://www.kickstarter.com/projects/fruitpaper/natural-fruit-paper-wraps-only-real-fruits
1645498145,Make 100 Spaces,Adam STATION,"Creating 100 strange, wondrous and liminal spaces for sci-fi games, based on backer prompts, with illustrations by Josh White.",Games,Tabletop Games,NC,2026-02-10,2026-02-27,2000,10561,528,345,TRUE,TRUE,TRUE,TRUE,https://www.kickstarter.com/projects/72stations/make-100-spaces
460683444,Light-Year Observatory,Light-Year Observatory,We're a team constructing and designing a future remote observatory and science education center based in rural Eastern North Carolina!,Technology,Space Exploration,NC,2023-06-08,2023-08-07,49000,121,0,3,FALSE,FALSE,FALSE,FALSE,https://www.kickstarter.com/projects/815310641/light-year-observatory
1907386258,Meet Cool People While You Drive – DriveMate App,Loren,"Tired of driving solo? DriveMate lets you connect with drivers who share your interests—hands-free, real-time voice chats on the go.",Technology,Apps,NC,2025-07-09,2025-08-08,60000,25,0,1,FALSE,FALSE,FALSE,FALSE,https://www.kickstarter.com/projects/drivemateapp/meet-cool-people-while-you-drive-drivemate-app
445433447,Robot Boxing,steven lipford,A Safer Future for the Sport Inspired by Tragedy and Fueled by Innovation,Technology,Robots,NC,2024-07-23,2024-08-22,60000,1,0,1,FALSE,FALSE,FALSE,FALSE,https://www.kickstarter.com/projects/stevenclipford/robot-boxing
1239848800,Uranium,Slugcat,A nuclear wake up call to music streaming.,Technology,Software,NC,2024-05-08,2024-07-07,1000,75,8,4,FALSE,FALSE,FALSE,FALSE,https://www.kickstarter.com/projects/slugcat/uranium
976766869,Healthy Hoppers: Interactive Kid's Nutrition and Growth App,Angel Sellers,"An engaging, interactive application designed to track and improve children’s nutrition and growth.",Technology,Apps,NC,2024-08-21,2024-10-20,30500,703,2,6,FALSE,FALSE,FALSE,FALSE,https://www.kickstarter.com/projects/healthyhoppers/healthy-hoppers-interactive-kids-nutrition-and-growth-app
749598485,CloudImpact Solutions: Revolutionizing Cloud Management and,Samuel kelley,We're an AI-driven platform that simplifies cloud management and enhances security. Help us reshape the future of cloud computing.,Technology,Software,NC,2023-10-06,2023-12-05,50000,152,0,4,FALSE,FALSE,FALSE,FALSE,https://www.kickstarter.com/projects/cloudimpact-solution/cloudimpact-solutions-revolutionizing-cloud-management-and
1827690440,The Devil's Coil 1 - 5,Randall Rozzell,"Jake's in over his head. This case isn't just about a missing teen. The creatures are no longer hiding, and Jake is at their mercy.",Comics,Graphic Novels,NC,2026-02-27,2026-03-29,200,4713,2356,164,TRUE,TRUE,TRUE,TRUE,https://www.kickstarter.com/projects/rrozzell/the-devils-coil-1-5
1982059062,Portraits of a Showgirl - An Enamel Pin Collection,Samantha Leonard,A collection of hard enamel pins inspired by Taylor Swift’s new album,Art,Digital Art,NC,2025-10-08,2025-12-07,250,1100,440,16,TRUE,TRUE,TRUE,FALSE,https://www.kickstarter.com/projects/pinnacleofsuccess/portraits-of-a-showgirl-an-enamel-pin-collection
1165435088,Between Mischief & Magic Deluxe Special Edition Hardback,Marissa Serrao,"Bringing this cozy, sapphic romantasy to life with jaw-dropping, never-before-seen art!",Publishing,Fiction,NC,2025-05-06,2025-05-27,2000,12459,623,145,TRUE,TRUE,TRUE,TRUE,https://www.kickstarter.com/projects/bmamspecialedition/between-mischief-and-magic-deluxe-special-edition-hardback
1464903490,How to be a Good Villain- A Stand Alone Fantasy Rom-Com,Jamie Dalton,"Special editions for a villain gets the guy, enemies to lovers slow-burn romance with fake dating, magic, and a dash of mayhem.",Publishing,Fiction,NC,2024-01-12,2024-02-29,4000,49512,1238,572,TRUE,TRUE,TRUE,TRUE,https://www.kickstarter.com/projects/magnetra/how-to-be-a-good-villain-a-stand-alone-fantasy-rom-com
484306168,Building Transworlds,Aradella Rose Wood,An oral history performance centering people of trans and nonbinary experience.,Theater,NA,NC,2024-02-07,2024-03-09,5000,5050,101,51,TRUE,TRUE,TRUE,FALSE,https://www.kickstarter.com/projects/buildingtransworlds/building-transworlds
668901378,Moore county Makerspace early Membership!,Michael Lomax,The Moore county makers space will be a community shop for people to learn and network with others help us open the doors!,Technology,Makerspaces,NC,2024-12-17,2025-01-16,30000,425,1,7,FALSE,FALSE,FALSE,FALSE,https://www.kickstarter.com/projects/mikelomax/moore-county-makerspace-early-membership
1255961026,Pet Hub app,Austin,Introducing Pet Hub: The Pet Care Companion!,Technology,Apps,NC,2024-12-02,2025-01-01,5000,10,0,1,FALSE,FALSE,FALSE,FALSE,https://www.kickstarter.com/projects/828703593/pet-hub-app
430836740,AGATHA: A Tale of Three Witches,Andrew MacLean,"A magical story about bad neighbors, grim prophecies, and antisocial witches.",Comics,Comic Books,NC,2024-09-04,2024-09-25,10000,62814,628,1269,TRUE,TRUE,TRUE,TRUE,https://www.kickstarter.com/projects/andrewrmaclean/agatha-a-tale-of-three-witches
1559322891,Keefer Madness!,Keith Knight,K Chronicles Collection #8,Comics,Webcomics,NC,2024-06-11,2024-06-28,4750,19631,413,353,TRUE,TRUE,TRUE,TRUE,https://www.kickstarter.com/projects/keefermadness/keefer-madness
1097871969,100 Strangers: misfits & outcasts for sci-fi rpgs,Adam STATION,"Spice up your games with utterly unique characters, usable as PCs or NPCs.",Games,Tabletop Games,NC,2025-10-21,2025-11-21,1000,7560,756,312,TRUE,TRUE,TRUE,TRUE,https://www.kickstarter.com/projects/72stations/100-strangers-misfits-weirdos-and-outcasts-for-sci-fi-rpgs
1076415777,The Lord of the RingsTM Stained Glass: RivendellTM,Geek Orthodox,Explore Rivendell in this collection of officially licensed original stained glass artwork.,Art,Illustration,NC,2025-11-04,2025-11-21,10000,55701,557,241,TRUE,TRUE,TRUE,TRUE,https://www.kickstarter.com/projects/geekorthodox/the-lord-of-the-rings-stained-glass-rivendell
215133993,The Lineages of Change Tarot,AK Press,A visionary new deck full of iconic art and Black feminist wisdom offers guidance for moving through uncertain times.,Art,Illustration,NC,2024-08-13,2024-09-13,15000,174451,1163,1867,TRUE,TRUE,TRUE,TRUE,https://www.kickstarter.com/projects/akpress/the-lineages-of-change-tarot
1541805806,VGN Social | Find Your Vegan Tribe (Canceled),Levi Brasga,"VGN Social is the vibrant, location-based social networking app designed for vegans to connect and thrive in real life.",Technology,Apps,NC,2025-06-15,2025-07-15,4997,2455,49,6,FALSE,FALSE,FALSE,FALSE,https://www.kickstarter.com/projects/vgnsocial/vgn-social-find-your-vegan-tribe
1736649893,DaVinci Lock (Canceled),"DaVinci Lock, LLC",Never lose access to your padlock again with the DaVinci Lock system.,Technology,Hardware,NC,2025-06-05,2025-07-05,20000,383,2,11,FALSE,FALSE,FALSE,FALSE,https://www.kickstarter.com/projects/davincilock/davinci-lock
1031533773,Kona Finds a Family,Matt Leicester,"Kona Finds a Family is a story about hope and never giving up, and how despite our differences, we all can find someone to love us.",Publishing,Children's Books,NC,2024-02-08,2024-03-09,1500,2708,181,56,TRUE,TRUE,TRUE,TRUE,https://www.kickstarter.com/projects/konakidsbooks/kona-finds-a-family
1340451507,Shadowdark: Crowned by the Horn,Aynbath Official,"A game of occult, mystical fantasy based off the Shadowdark ruleset.",Games,Tabletop Games,NC,2026-02-17,2026-03-19,333,2025,608,43,TRUE,TRUE,TRUE,FALSE,https://www.kickstarter.com/projects/aynbath/shadowdark-crowned-by-the-horn
920908558,The Beasties Oracle // 44 Rebellious Animal Spirit Cards,Heath Armstrong,Wild Wisdom for Your Untamed Mind (with Guidebook and More!),Art,Illustration,NC,2024-06-04,2024-06-29,5000,24887,498,355,TRUE,TRUE,TRUE,TRUE,https://www.kickstarter.com/projects/heatharmstrong/the-beasties-oracle-wild-wisdom-for-your-untamed-mind
1801375616,The Mario Kart World of Art,TAGS,"A 30-piece collection of artwork looking to pay tribute to Mario Kart World and its vibrant world, tracks, characters, and outfits.",Art,Conceptual Art,NC,2026-01-01,2026-03-01,5000,115,2,4,FALSE,FALSE,FALSE,FALSE,https://www.kickstarter.com/projects/tags/the-mario-kart-world-of-art
1559416671,Cosmic Animal Cards: Oracle Deck for Emotional Intelligence,Tanya Casteel,"Explore Meaningful Animal Symbolism with 44 Animal Cards & 180pg Guidebook to identify needs, shift emotions & take inspired action.",Art,Illustration,NC,2025-01-08,2025-01-30,6000,14070,235,144,TRUE,TRUE,TRUE,TRUE,https://www.kickstarter.com/projects/cosmic-animal-cards/cosmic-animal-cards-oracle-deck-for-emotional-intelligence
1018533530,Apollo,Jordan Franco,We are a pre-launch gaming community platform designed to provide a space for all gamers to connect.,Technology,Apps,NC,2024-01-25,2024-03-25,2500,241,10,5,FALSE,FALSE,FALSE,FALSE,https://www.kickstarter.com/projects/yoapollo/apollo-1
1350662747,Keep Youth Sports Affordable: Crowdfunding for Kids' Sports,Keith Kostka,"Access to youth sports should be a right, not a privilege. Help us build an interactive crowdfunding experience for local youth sports.",Technology,Web,NC,2025-03-31,2025-05-30,65000,149,0,8,FALSE,FALSE,FALSE,FALSE,https://www.kickstarter.com/projects/370901005/keep-youth-sports-affordable-crowdfunding-for-kids-sports-0
663355532,Water Spider: Compact Power Jet Dredge Sluice - Gold Panning,Scott Martin,"Miniature/compact power jet sluice able to be transported and operated by one person, in the trunk of a vehicle. Patent pending sluice.",Technology,Hardware,NC,2024-11-14,2024-12-05,6000,110,2,2,FALSE,FALSE,FALSE,FALSE,https://www.kickstarter.com/projects/980071421/water-spider-compact-power-jet-dredge-sluice-gold-panning
684162962,KurayamiCon 2025,Rachel Au,Postmodern Art Project & Future Convention 🎃,Theater,Festivals,NC,2023-12-01,2023-12-31,13000,961,7,11,FALSE,FALSE,FALSE,FALSE,https://www.kickstarter.com/projects/kurayamicon/kurayamicon-2025
17152842,"Myths, Monsters and Cryptids : VOLUME 2",Kris Keeffer,"A haunting collection of monsters and cryptids done in the style of a monster hunters journal, complete with sketches and notes",Art,Illustration,NC,2024-01-30,2024-03-01,4000,51429,1286,337,TRUE,TRUE,TRUE,TRUE,https://www.kickstarter.com/projects/562472418/myths-monsters-and-cryptids-volume-2
1402809207,Sweet-Ass Affirmations 3 // A Card Deck for Creative Maniacs,Heath Armstrong,"60 Bold, Unfiltered Affirmation Cards to Motivate Your Creative Maniac Mind! (for Oracle, Tarot, and Affirmation Lovers)",Art,Illustration,NC,2023-07-11,2023-08-02,9999,39972,400,610,TRUE,TRUE,TRUE,TRUE,https://www.kickstarter.com/projects/heatharmstrong/sweet-ass-affirmations-3-a-card-deck-for-creative-maniacs
1748928331,Autumn Harvest - Zoë West : Printed Photo Book,arcDeco,A 100-page story driven luxurious photo book featuring sensual images of Zoë West photographed in the Hudson Valley.,Photography,Photobooks,NC,2025-12-16,2026-02-01,3000,3837,128,48,TRUE,TRUE,TRUE,FALSE,https://www.kickstarter.com/projects/arcdeco/autumn-harvest-zoe-west-printed-photo-book
2089539228,Best Eleven: The Beautiful Soccer Management Board Game,Matthew Shipley,A fantasy football management game for family and friends!,Games,Tabletop Games,NC,2025-08-26,2025-09-25,15000,25393,169,398,TRUE,TRUE,TRUE,TRUE,https://www.kickstarter.com/projects/shiphappensgames/best-eleven-the-beautiful-board-game
1187269761,Creaturae Noctis: The Horror Art of Frederick Cooper,Nitt&JibJib,"A captivating book of dark, cinematic horror art, featuring new works and rare unpublished pieces from the renowned artist.",Publishing,Art Books,NC,2024-10-04,2024-11-03,12000,15919,133,133,TRUE,TRUE,TRUE,TRUE,https://www.kickstarter.com/projects/nittjibjib/creaturae-noctis-the-horror-art-of-frederick-cooper
27399597,Squared Circle Icons PRO Wrestling Trading Cards WAVE 1,Grady Martin,This collab by artist Hal Haney and Kayfabe Cardboard looks to bring the legends of the squared circle to collectible trading cards!,Art,Illustration,NC,2025-12-20,2026-01-19,5500,5858,107,63,TRUE,TRUE,TRUE,FALSE,https://www.kickstarter.com/projects/kayfabecardboard/squared-circle-icons-pro-wrestling-trading-cards-wave-1
51791579,"Following the Thread, An Art Residency: Mixed Media & Memory",Monette Satterfield-Shiny Designs,"A handmade collection of prints, zines, and ephemera from a self-directed art residency exploring process, memory, and mark-making.",Publishing,Zines,NC,2025-08-19,2025-09-09,20,48,240,2,TRUE,TRUE,TRUE,FALSE,https://www.kickstarter.com/projects/shinydesigns/following-the-thread-an-art-residency-mixed-media-and-memory
1486156107,Paperhand Puppet Intervention's 23rd Annual Summer Show,Paperhand Puppet Project,"A giant pageant of puppets, mask work, stilts and shadows - all performed to live, original music!",Theater,Experimental,NC,2023-04-22,2023-05-15,30000,31339,104,207,TRUE,TRUE,TRUE,FALSE,https://www.kickstarter.com/projects/paperhand/paperhand-puppet-interventions-23rd-annual-summer-show
1619436140,Snarl,Hunter Braly,Enamel pins with an attitude,Art,Illustration,NC,2023-02-07,2023-03-06,500,563,113,22,TRUE,TRUE,TRUE,FALSE,https://www.kickstarter.com/projects/elementalinsects/snarl
312002616,"""""""""Emerald Waters"""""""" & """"""""Coincidences"""""""" by Pavel Wlosok & Friends",Pavel Wlosok,These two jazz studio albums feature top Czech/Slovakian & American jazz musicians along with warm analog sound & new original music.,Music,Jazz,NC,2024-03-13,2024-04-12,3000,3533,118,11,TRUE,TRUE,TRUE,FALSE,https://www.kickstarter.com/projects/pavelwlosok/emerald-waters-and-coincidences-by-pavel-wlosok-and-friends
1859385831,Swift Creek Studios,Kristin Frazier,"SCS is a community nonprofit with the goal of providing songwriting instruction and performance to the Raleigh, NC, area.",Art,Performance Art,NC,2023-08-26,2023-09-18,4000,26,1,2,FALSE,FALSE,FALSE,FALSE,https://www.kickstarter.com/projects/swiftcreekstudios/swift-creek-studios
829657001,My Debut Comedy Album,Justin Scranton,"I'm recording my debut comedy Album on Sept 13 and 14th in Raleigh, NC. Please help support my journey!",Theater,Comedy,NC,2024-08-09,2024-09-01,3000,3000,100,19,TRUE,FALSE,TRUE,FALSE,https://www.kickstarter.com/projects/994625111/my-debut-comedy-album
1984658404,Schoolhouse Puppets,Little Round Schoolhouse,Bringing merriment and joy through puppetry.,Theater,Festivals,NC,2024-07-02,2024-08-01,700,785,112,15,TRUE,TRUE,TRUE,FALSE,https://www.kickstarter.com/projects/beccalane/schoolhouse-puppets
267145376,Jumping Mouse Circus Pin Extraordinaire,Nikki,"Mr. B’s Jumping Mouse Circus is ready for you! With a little cheddar at the tunnel, this enamel pin is yours - with stretch goals!",Art,Digital Art,NC,2025-05-28,2025-06-28,850,50,6,2,FALSE,FALSE,FALSE,FALSE,https://www.kickstarter.com/projects/nixiesaurus/jumping-mouse-circus-pin-extraordinaire
245855018,"Connect, Grow, Thrive! A Recovery Community!",Keith Principe (KP),"""""""""Support our recovery community and help me fulfill my deep passion to empower others to find freedom.""""""""",Art,Mixed Media,NC,2024-12-18,2025-01-07,3333,1,0,1,FALSE,FALSE,FALSE,FALSE,https://www.kickstarter.com/projects/connectgrowthrive/connect-grow-thrive-a-recovery-community
1861188486,Moods of The Blue Ridge,Walt,Oil Paintings inspired by the Living In The Blue Ridge Mountains,Art,Painting,NC,2024-08-26,2024-09-24,2400,2535,106,20,TRUE,TRUE,TRUE,FALSE,https://www.kickstarter.com/projects/moodsoftheblueridge/moods-of-the-blue-ridge
1733301842,"Rally Art for """"""""BeeBoo For Mayor"""""""" Campaign",TuxedoKat,BeeBoo’s running for Mayor of Concord! You can be in on the joke with these BeeBoo merch & mini sculptures! Only available here!,Art,Public Art,NC,2025-10-16,2025-11-04,3000,246,8,3,FALSE,FALSE,FALSE,FALSE,https://www.kickstarter.com/projects/beebooformayor/rally-art-for-beeboo-for-mayor-campaign
1099095036,The Song of Thyssia Audiobook,s.j.stiles,Bring The Song of Thyssia to life by supporting the production of a dual narration audiobook!,Publishing,Fiction,NC,2024-09-28,2024-11-27,1000,1166,117,33,TRUE,TRUE,TRUE,FALSE,https://www.kickstarter.com/projects/tsotaudio/the-song-of-thyssia-audiobook
1869714061,Ruby Plushy,Uncle Buncle,A friendly robot who wants to be in your home. LET HER IN.,Art,Textiles,NC,2024-09-26,2024-11-25,1000,1181,118,18,TRUE,TRUE,TRUE,FALSE,https://www.kickstarter.com/projects/rubydeplushy/ruby-plushy
1418367602,Entwined Volume 4: Spring Playing Cards Deck,Old Gravity,Based on the ballet of nature and freedom of Spirit,Games,Playing Cards,NC,2024-03-15,2024-04-12,8500,29922,352,250,TRUE,TRUE,TRUE,FALSE,https://www.kickstarter.com/projects/oldgravity/entwined-volume-4-spring-playing-cards-deck
205725014,Soul X Bonders Manga,Midnight,A Dark Shonen manga series,Art,Video Art,NC,2026-01-09,2026-03-10,10000,625,6,8,FALSE,FALSE,FALSE,FALSE,https://www.kickstarter.com/projects/soulxbonders/soul-x-bonders-manga-if-backed-further-then-a-pilot
1312390517,NSFW SKYNN & BONEZ HENTAI SKETCH BOOK: THE PURPLE MUSE V01,PerForce Publishing,"NSFW HENTAI Drawings, Sketches, Concept Art and Illustrations of Kirk Lindo's Iconic Demonic duo from the rebellious 90's Bad Girl era!",Comics,Comic Books,NC,2023-12-21,2023-12-28,99,8004,8085,174,TRUE,TRUE,TRUE,FALSE,https://www.kickstarter.com/projects/perforce/nsfw-skynn-and-bonez-hentai-sketch-book-the-purple-muse-v01
1485152283,Yemoja Headwaters Retreat 2024,Doula Work Study Project,"The YHR is an annual retreat for birthworkers who serve people in the South to experience rest, luxury, and community.",Art,Social Practice,NC,2024-01-01,2024-02-16,22000,1437,7,15,FALSE,FALSE,FALSE,FALSE,https://www.kickstarter.com/projects/yemojaheadwaters/yemoja-headwaters-retreat-2024
863086974,Tormentor Cults | STL & Physical Miniatures,Bestiarum Studio LLC,A Brutal Collection of 32mm Dark Fantasy Miniatures and Gaming Content,Games,Tabletop Games,NC,2024-04-17,2024-05-18,1000,55155,5516,952,TRUE,TRUE,TRUE,FALSE,https://www.kickstarter.com/projects/tormentor/tormentor-cults-physical-stl-miniature-collection
1968802593,Art Academy of Southlake - Let's teach some art baby!!,Gabriel Sheridan,Fundamental Oil Painting Lessons,Art,Painting,NC,2025-05-27,2025-06-24,19998,167,1,17,FALSE,FALSE,FALSE,FALSE,https://www.kickstarter.com/projects/artschool/art-academy-of-southlake-lets-teach-some-art-baby
1852038606,Dreamscapes Vol. I – A Fantasy Art Collection,Jeremy Hayes,"Dark fantasy reimagined through paint and flesh—real models, real mood, captured and transformed into mythic art.",Art,Illustration,NC,2025-04-25,2025-06-24,15000,40,0,4,FALSE,FALSE,FALSE,FALSE,https://www.kickstarter.com/projects/jeremyhayesarts/dreamscapes-vol-i-a-fantasy-art-collection
351630690,The Artful Accessories,Ian JL,A series of 2 vinyl stickers and an acrylic keychain based off of the characters by @artful_thinking.,Art,Illustration,NC,2024-11-08,2024-11-22,350,926,265,22,TRUE,TRUE,TRUE,FALSE,https://www.kickstarter.com/projects/artful-thinking/the-artful-accessories
1013163407,Vanguard Social Art Collective,Carolyn Rose-Grayson,An all-inclusive hub for creatives interested in incorporating social artistry and liberatory education into their practice.,Art,Social Practice,NC,2023-02-09,2023-04-10,20000,1,0,1,FALSE,FALSE,FALSE,FALSE,https://www.kickstarter.com/projects/lyntheehuman/vanguard-social-art-collective
1862964076,Dirty Pour Art Studio (Canceled),Kelley Kidd,"I am a new artist specializing in abstract, fluid pour, and modern art.",Art,Painting,NC,2023-03-28,2023-05-27,37100,1,0,1,FALSE,FALSE,FALSE,FALSE,https://www.kickstarter.com/projects/dpas/dirty-pour-art-studio
1263452970,Big Tiddie Goth Girlfriends on the Moon comic #5!,Sirk,Sexy Sci-fi Comedy Shenanigans return! The vivacious Kali & Grimm in a new story arc!,Comics,Comic Books,NC,2025-03-01,2025-03-31,9000,33138,368,963,TRUE,TRUE,TRUE,FALSE,https://www.kickstarter.com/projects/sirk/big-tiddie-goth-girlfriends-on-the-moon-comic-5
327697964,Dark on Dark,Scott Hampton,Ghost Stories for Winter by Scott Hampton,Comics,Graphic Novels,NC,2025-11-03,2025-11-25,8000,12326,154,105,TRUE,TRUE,TRUE,FALSE,https://www.kickstarter.com/projects/hampton/dark-on-dark
1743397852,Hero’s Journey Workshop Screen Printing Start Up (Canceled),Michael Enoch,Help HJW offer high quality screen-printed fabrics and suits.,Art,Mixed Media,NC,2024-06-12,2024-08-11,10000,325,3,4,FALSE,FALSE,FALSE,FALSE,https://www.kickstarter.com/projects/herosjourneyworkshop/heros-journey-workshop-screen-printing-start-up
407003305,The Lacrosse Avocado,Effergy Solutions,A unique handheld lacrosse ball cleaner,Technology,Gadgets,NC,2023-08-03,2023-09-17,100000,856.69,1,13,FALSE,FALSE,FALSE,FALSE,https://www.kickstarter.com/projects/thelacrosseavocado/the-lacrosse-avocado
1321547101,Blustash Bluetooth Speakers,Blustash,"Blustash is a Bluetooth electronics company that provides an immersive audio experience, seamless convenience, and uplifting vibes!",Technology,Sound,NC,2024-03-01,2024-04-30,10000,696,7,6,FALSE,FALSE,FALSE,FALSE,https://www.kickstarter.com/projects/blustash/blustash-bluetooth-speakers
1087693168,Life Rootz: Memories made easily - together!,Life Rootz,"Together, memories are preserved easily, and tell the whole story. A place where stories take root and change lives.",Technology,Web,NC,2024-01-30,2024-03-01,6000,11,0,2,FALSE,FALSE,FALSE,FALSE,https://www.kickstarter.com/projects/liferootz/life-rootz-memories-made-easily-together
1885459249,Paperhand's 26th Summer Show - The Wild Wisdom of the World,Paperhand Puppet Project,"Puppets, masks, stilts, shadows, music, and more at Paperhand Puppet Project's annual Summer extravaganza!",Theater,Plays,NC,2026-03-18,2026-04-19,40000,42001,105,390,TRUE,TRUE,TRUE,TRUE,https://www.kickstarter.com/projects/paperhand/wild-wisdom
1471584745,BizExchange: The NEXT Big Networking/Social Platform,Grant Stevens,"Web based platform. Compare us to LinkedIn, Facebook, Discord, Clubhouse, Zoom, etc. all combined but much more sleek and modern.",Technology,Apps,NC,2023-06-23,2023-08-22,25000,101,0,2,FALSE,FALSE,FALSE,FALSE,https://www.kickstarter.com/projects/grantastevens/bizexchange-the-next-big-networking-social-platform
1424728613,GoodNews App,Alex,GoodNews allows you to get and share uplifting news in one place.,Technology,Apps,NC,2023-02-08,2023-04-09,1400,2,0,2,FALSE,FALSE,FALSE,FALSE,https://www.kickstarter.com/projects/alexsorto/goodnews-app
1749289571,NoCo Hockey App: Practice Planning For Coaches,Wade Megan,The NoCo Hockey App was designed to equip hockey coaches and help players develop their skills.,Technology,Software,NC,2023-07-27,2023-09-25,18265,1,0,1,FALSE,FALSE,FALSE,FALSE,https://www.kickstarter.com/projects/1653208556/noco-hockey-app-practice-planning-for-coaches
2024792797,Make 100 - Your family & friends as cute ceramic dumplings,chris and adri,"Adorable, small batch ceramic dumplings representing your friends & family. Mommy & me, you & me, or the whole extended family!",Crafts,Pottery,NC,2024-01-05,2024-02-04,500,5010,1002,72,TRUE,TRUE,TRUE,TRUE,https://www.kickstarter.com/projects/chrisandadri/make-100-your-family-and-friends-as-cute-ceramic-dumplings
1972515306,High Frequency Headphones: Revolutionizing Sound Healing,J Johnson Jr,"With integrated frequency technology, our bone conduction headphones offer personalized sound therapy & AI capabilities",Technology,Sound,NC,2024-11-13,2024-12-28,15000,18568,124,158,TRUE,TRUE,TRUE,TRUE,https://www.kickstarter.com/projects/90266566/high-frequency-headphones-revolutionizing-sound-healing
1311841003,"NANO TRACKS: A Tiny, Fully Functional RC Excavator",Jonathan,"Tiny Yet Mighty: Experience Precise, Fully Functional RC Excavation Anywhere",Technology,Gadgets,NC,2024-10-01,2024-11-16,20000,354046,1770,2492,TRUE,TRUE,TRUE,TRUE,https://www.kickstarter.com/projects/nanotrx/nano-trx-n320-a-desktop-size-fully-functional-rc-excavator
994808416,Project Tapestry,The Iconfactory,"Weaving your favorite blogs, social media, and more into a unified and chronological timeline.",Technology,Apps,NC,2024-01-30,2024-03-05,100000,177840,178,3369,TRUE,TRUE,TRUE,TRUE,https://www.kickstarter.com/projects/iconfactory/project-tapestry
597591547,EZsheet Bedmaking System,JoeyLynn Rito,"A push of a button, Ezsheet lifts each corner of any mattress to easily place fitted sheets on. No more struggle or lifting.",Technology,NA,NC,2023-06-28,2023-07-28,20000,592,3,7,FALSE,FALSE,FALSE,FALSE,https://www.kickstarter.com/projects/ezsheet/ezsheet-bedmaking-system
1230582070,Launching Boy With Box Theatre Company,BoyWithBox,IN A WORLD WHERE GROUPS OF FRIENDS KEEP SAYING THAT THEY SHOULD START THEIR OWN THEATRE COMPANY...we are!,Theater,Plays,NC,2024-02-20,2024-03-31,5000,5350,107,70,TRUE,TRUE,TRUE,FALSE,https://www.kickstarter.com/projects/bwbtc/launching-boy-with-box-theatre-company
444433163,Transport Helper,RLM Technolohy,Transportation helper software for people working in the delivery industry.,Technology,Software,NC,2024-01-06,2024-03-05,2000,321,16,3,FALSE,FALSE,FALSE,FALSE,https://www.kickstarter.com/projects/rlm-technology/transport-helper
1341969042,GearFire Pizza: Robotic Pizza Food Truck,Johannes XIV,Prototyping and Designing a Robotic Pizza Food Truck.,Technology,Robots,NC,2023-05-19,2023-06-18,20000,1557,8,7,FALSE,FALSE,FALSE,FALSE,https://www.kickstarter.com/projects/gearfirepizza/gearfire-pizza-robotic-pizza-food-truck
1919290281,DestinationDuck App and Duckies for Jeep Ducking,Runtime Entertainment,The DestinationDuck app allows you to scan in and see our NFC-enabled ducks and where they travel within the Jeep Ducking Community.,Technology,Apps,NC,2025-04-04,2025-06-03,8459,336,4,11,FALSE,FALSE,FALSE,FALSE,https://www.kickstarter.com/projects/719272049/destinationduck-app-and-duckies
1012305776,Bowerbird - a GM-Less Journaling TTRPG,Joel Salda,What will you build for love? Find your partner during the courtship season in this journaling TTRPG about bowerbirds.,Games,Tabletop Games,NC,2026-02-01,2026-03-03,1500,1930,129,62,TRUE,TRUE,TRUE,FALSE,https://www.kickstarter.com/projects/thebigtabletop/bowerbird
37831689,Aluvean - Craft your Serenity.,Aluvean,"A new way to focus, relax, work and escape with immersive visuals and soundscapes that gives you the tools to craft your serenity.",Technology,Web,NC,2024-04-03,2024-05-18,10000,71,1,4,FALSE,FALSE,FALSE,FALSE,https://www.kickstarter.com/projects/aluvean/aluvean-craft-your-serenity
49897745,Stewy: Learn Robotics with this Open-Source Platform!,James,"A hands-on robotics platform that grows with you, built for learning, exploration, and collaboration",Technology,Robots,NC,2025-03-23,2025-04-22,12000,1673,14,17,FALSE,FALSE,FALSE,TRUE,https://www.kickstarter.com/projects/jdrobotics/stewy-learn-robotics-with-this-open-source-platform
632458562,Bringing Healthcare Price Clarity To All,SumHealth,Search real hospital prices for FREE and know exactly what you should pay before your visit.,Technology,Software,NC,2025-01-15,2025-02-14,93000,608,1,3,FALSE,FALSE,FALSE,FALSE,https://www.kickstarter.com/projects/sumhealth/bringing-healthcare-price-clarity-to-all
155448674,Puzzle Training Plate System by Raptor Tactical,Tomasz Mironski,"Customizable weight training plate system: 2.4lbs empty, 11.6lbs full. Add up to 23 extra .4lb pieces, fits standard plate carriers.",Technology,Wearables,NC,2024-02-16,2024-04-16,10000,1631,16,8,FALSE,FALSE,FALSE,FALSE,https://www.kickstarter.com/projects/1149075581/puzzle-training-plate-system-by-raptor-tactical
189572166,Pride Skull Stickers,Danny Hirajeta,15 sugar skull themed LGBTQIA+ stickers brought to you by Iron Clown Studiois,Art,Digital Art,NC,2023-06-28,2023-07-28,500,1046,209,26,TRUE,TRUE,TRUE,FALSE,https://www.kickstarter.com/projects/ironclownstudios/pride-skull-stickers
712199426,POP: Jazzy's Dreamy Bubbles,JON|O,A young girl struggles to understand the point of having ambitions if no one believes in her.,Publishing,Children's Books,NC,2026-02-01,2026-04-02,5000,5260,105,80,TRUE,TRUE,TRUE,FALSE,https://www.kickstarter.com/projects/heyjono/pop-jazzys-dreamy-bubbles
2029766054,"Make 100: Sex, Spies, & Rock 'n Roll Pinup Art Book",jeff douglas messer,"32 pages of great pinup art from the Sex, Spies, & Rock 'n Roll series, by an array of international artists!",Comics,Comic Books,NC,2024-03-29,2024-05-01,2277,2995,132,124,TRUE,TRUE,TRUE,FALSE,https://www.kickstarter.com/projects/jeffdouglasmesser/make-100-sex-spies-and-rock-n-roll-pinup-art-book
1293626903,Blaqola Granola,Alita Carter,A beautifully crafted granola of magical proportions created and born out of darkness to restore beauty and art.,Food,Small Batch,NC,2024-10-30,2024-12-19,10000,50,0,1,FALSE,FALSE,FALSE,FALSE,https://www.kickstarter.com/projects/blaqolagranola/blaqola-granola
563852295,How To Rise To Meet A Woman Like This,Tiffany,"A book about devotion, remembering, and the kind of masculinity that does not flinch. This is not advice. It’s a mirror.",Publishing,Art Books,NC,2026-03-01,2026-03-31,13000,14570,112,103,TRUE,TRUE,TRUE,FALSE,https://www.kickstarter.com/projects/artbynugget/how-to-rise-to-meet-a-woman-like-this
1510273513,lance saint ash - Mastering the 3rd album,lance saint ash,Raising funds for a release of new music sooner than later❤️. Grammy-award winning Engineer willing to master my 3rd album.,Music,Faith,NC,2025-09-28,2025-10-28,2800,0,0,0,FALSE,FALSE,FALSE,FALSE,https://www.kickstarter.com/projects/lancesaintash/lance-saint-ash-mastering-the-3rd-album
885267109,Picture book,Jeff saarela,A book illustrating rally riders and events,Art,Illustration,NC,2023-02-18,2023-04-19,4100,540,13,6,FALSE,FALSE,FALSE,FALSE,https://www.kickstarter.com/projects/viwfromjeff/picture-book-0
842398123,"Learn, Develop and Invent IoT Devices - STEM Prototyping Kit",DuinoKit,Internet of Things (IoT) Kit is waiting for your next Arduino based invention. This kit is a STEM playground for fun and creativity!,Technology,DIY Electronics,NC,2023-07-12,2023-08-11,15700,22545,144,79,TRUE,TRUE,TRUE,FALSE,https://www.kickstarter.com/projects/duinokit/learn-iot-make-cool-things-with-coding-and-electronics-esp32
1721414838,The Garcias - PWYW 80's/Modern House & Scatter Terrain STLs,LambdaFive,3D printable 80's modern style house and scatter terrain for tabletop miniature games from the Town of Greenfield line.,Technology,3D Printing,NC,2023-06-06,2023-06-27,2000,9859,493,302,TRUE,TRUE,TRUE,FALSE,https://www.kickstarter.com/projects/lambdafive/the-garcias-pay-what-you-want-3d-printable-house
626592177,Fresh Defend Home: Keep produce fresh up to 5x longer,The GreenLifeTechTM Team,Smart countertop system | Extends produce shelf life & destroys bacteria | Safe & easy to use | Compact,Technology,Hardware,NC,2023-04-25,2023-06-04,20000,83163,416,244,TRUE,TRUE,TRUE,FALSE,https://www.kickstarter.com/projects/863239946/freshdefendhometm-keep-your-produce-fresh-up-to-5x-longer
1830898727,AMBER ATOMS: BLAST OFF,Kelly Yates,Blast off with Amber Atoms as she discovers her family history will decide the fate of the galaxy!,Comics,Comic Books,NC,2023-02-17,2023-03-19,5000,8061,161,194,TRUE,TRUE,TRUE,FALSE,https://www.kickstarter.com/projects/1278188118/amber-atoms-blast-off
1144749778,VAMPRESS LUXURA: DARK SEDUCTIONS V02,VAMPRESS LUXURA,A MIND BLOWING collection of Illustrations featuring Kirk Lindo's VAMPRESS LUXURA!,Comics,Comic Books,NC,2026-03-14,2026-03-23,99,5781,5839,127,TRUE,TRUE,TRUE,FALSE,https://www.kickstarter.com/projects/vampressluxura/vampress-luxura-dark-seductions-v02-digital-campaign
583763150,VAMPRESS LUXURA: reVAMPED - Phase 05,STUDIO-V,"JOIN our ongoing MISSION to Remaster THE VAMPRESS LUXURA'S Covers, Pin-Ups and Stories in FULL COLOR!",Comics,Comic Books,NC,2025-10-20,2025-10-28,99,2580,2606,40,TRUE,TRUE,TRUE,FALSE,https://www.kickstarter.com/projects/studiov/vampress-luxura-revamped-phase-05
523765033,3 DEVILS collection trade paperback by Bo Hampton,Bo Hampton,Six issues collected into one trade paperback! Bo Hampton's supernatural adventure set in the Wild West rides again!,Comics,Graphic Novels,NC,2026-02-10,2026-03-11,4450,8329,187,151,TRUE,TRUE,TRUE,FALSE,https://www.kickstarter.com/projects/ft1/3-devils-collection-trade-paperback-by-bo-hampton
579528346,"Sex, Spies, & Rock 'n Roll: 4 new issues & more! NSFW",jeff douglas messer,"The anthology series and spinoff returns, with two one-shot books also available, and more!",Comics,Comic Books,NC,2026-02-17,2026-03-20,7777,10286,132,266,TRUE,TRUE,TRUE,FALSE,https://www.kickstarter.com/projects/jeffdouglasmesser/sex-spies-and-rock-n-roll-4-new-issues-and-more
222525855,Foreign Buyers Club: Angura Ascension (Comic & Soundtrack),Foreign Buyers Club,"A 95-page graphic novel & 21 track album, blending Initial D action all driven by an epic soundtrack.",Comics,Graphic Novels,NC,2025-11-11,2025-12-02,3000,4816,161,106,TRUE,TRUE,TRUE,FALSE,https://www.kickstarter.com/projects/foreignbuyersclub/foreign-buyers-club-angura-ascension-comic-and-soundtrack
2125822678,Crossbow U Comic & Bonus Short Story for Harpy and her Harem,Creative Writing With Dr Nagle,A beautifully illustrated glimpse into the lives of Harpy and her Harem of men plus a short story that you can only find in the comic.,Comics,Comic Books,NC,2023-10-01,2023-10-15,500,1358,272,24,TRUE,TRUE,TRUE,FALSE,https://www.kickstarter.com/projects/naglenorthpublishing/crossbow-u-comic-and-bonus-short-story-for-harpy-and-her-harem
1911730204,L'TON: Broken City,wolly,"L'Ton is a story about the depths one person will go, even losing themself, to redirect the dark path his city has falling into.",Comics,Comic Books,NC,2024-05-23,2024-06-22,3500,3836,110,74,TRUE,TRUE,TRUE,TRUE,https://www.kickstarter.com/projects/ftk/lton-broken-city
1633789862,WORLDS AWAY #1-4 | A Sci-Fi Fantasy Action Comic Series,Damien Becton,For fans of GOD OF WAR and RADIANT BLACK! Syngard the Hunter arrives but Serenity will do whatever it takes to keep her daughter safe.,Comics,Comic Books,NC,2023-03-01,2023-03-31,4500,6381,142,228,TRUE,TRUE,TRUE,FALSE,https://www.kickstarter.com/projects/bectonbectonbecton/worlds-away-1-4-a-sci-fi-fantasy-action-comic-series
2082246835,Paroxysm Vol IV: Secrets,Natalia Lopes,"The fourth installment of our black and white independent horror anthology with comics, art and writing on the theme of """"""""secrets.""""""""",Comics,Anthologies,NC,2023-10-01,2023-10-31,3200,3204,100,51,TRUE,TRUE,TRUE,FALSE,https://www.kickstarter.com/projects/mystopress/paroxysm-vol-iv-secrets
1233945655,NSFW VAMPRESS LUXURA HENTAI SKETCH BOOK: DARK SEDUCTIONS V01,Vamperotica,"A MIND BLOWING collection of NSFW HENTAI Drawings, Sketches, Concept Art and Illustrations featuring Kirk Lindo's VAMPRESS LUXURA!",Comics,Comic Books,NC,2023-12-12,2023-12-19,99,3469,3504,93,TRUE,TRUE,TRUE,FALSE,https://www.kickstarter.com/projects/vamperotica/vampress-luxura-dark-seductions-v01-nsfw-hentai-sketch-book
1966873651,Hero City Rejects,N.M. Porterfield,Index of Power #1,Comics,Comic Books,NC,2023-03-23,2023-05-22,3000,3761,125,78,TRUE,TRUE,TRUE,FALSE,https://www.kickstarter.com/projects/urfavoriteauthor/hero-city-rejects
1304189340,HELLFORGED #1-#4: Fantasy Adventure Meets Science Fiction,Elliott Duque-Estrada,The legendary weapon Excalibur isn’t a sword it’s a teenage girl. Only she can save the world of Camelot from the evil consuming it.,Comics,Comic Books,NC,2025-01-03,2025-02-02,6500,11290,174,374,TRUE,TRUE,TRUE,TRUE,https://www.kickstarter.com/projects/destrada/hellforged-1-4-arthurian-fantasy-meets-science-fiction
51552680,ClosetWorld,Matt Yocum,"A young boy holds the key to reality, sparking a race between heaven and hell through time, forests, and castles.",Comics,Comic Books,NC,2025-01-20,2025-02-20,6500,12231,188,162,TRUE,TRUE,TRUE,TRUE,https://www.kickstarter.com/projects/hangar19studios/closetworld
2043529184,Blue Lotus Holistics,Jesse Deitz,Luxury soy candles that utilize Blue Lotus Oil essence and chemical-free ingredients to help you relax in a chaotic world.,Crafts,Candles,NC,2026-03-13,2026-05-12,10000,10,0,1,FALSE,FALSE,FALSE,FALSE,https://www.kickstarter.com/projects/bluelotusholistics/blue-lotus-holistics
993210671,The Day You Painted The Stars (Canceled),Diana,A dance work and multidisciplinary performance experience created in response to processing grief through the subconscious.,Dance,Performances,NC,2024-08-15,2024-10-14,500,78,16,7,FALSE,FALSE,FALSE,FALSE,https://www.kickstarter.com/projects/dvorah/the-day-you-painted-the-stars
433585076,RIZZEEZ - The Future of Collectiblez (Canceled),Tammy Maggs,AI Powered Virtual Collect & Connect Global Community for the Next Generation of Collectorz,Games,Live Games,NC,2025-07-20,2025-08-19,40000,0,0,0,FALSE,FALSE,FALSE,FALSE,https://www.kickstarter.com/projects/myrizzeez/rizzeez-the-future-of-collectiblez-is-here
1022674690,City of Heirs (Canceled),Aaliyah Allen,"Build your empire, fight for your turf, and fight for your spouse to raise up the next generation to carry your name and rule the city.",Games,Mobile Games,NC,2025-05-24,2025-07-23,100000,0,0,0,FALSE,FALSE,FALSE,FALSE,https://www.kickstarter.com/projects/cityofheirs/city-of-heirs
1439647554,Sentient & Vigilant: A Sci-Fi Tactical RPG [CONCEPT] (Canceled),Nathanael A Malley,"“An Epic Sandbox Sci-Fi RPG Featuring Crew Member Tactics, Multiplayer Fleet Command and Tactical Ship Combat”",Games,Video Games,NC,2025-06-17,2025-07-17,3400000,56,0,2,FALSE,FALSE,FALSE,FALSE,https://www.kickstarter.com/projects/axemalley/sentient-and-vigilant-a-sci-fi-tactical-rpg-concept
2144959763,"Sex, Spies, & Rock 'n Roll returns! 2 new comics & more!",jeff douglas messer,"Get Volume 5 of the anthology series, and the new issue 4 of the Spades spinoff series, plus more!",Comics,Graphic Novels,NC,2024-11-08,2024-12-16,3333,9505,285,313,TRUE,TRUE,TRUE,FALSE,https://www.kickstarter.com/projects/jeffdouglasmesser/sex-spies-and-rock-n-roll-vol-5-and-spades-4-and-more
592953248,HELLBENT FOR LEATHER #1,Wayne Gendron,"Angels, Demons, and Devils..... Oh My!",Comics,Comic Books,NC,2025-10-30,2025-11-29,2025,2422,120,35,TRUE,TRUE,TRUE,FALSE,https://www.kickstarter.com/projects/gunshipcomics/hellbent-for-leather-1
1629998853,Bo Hampton's Fantastic Adventure Volume 3 Art Book and more!,Bo Hampton,"Get the new volume of Bo Hampton's great art book series, BO HAMPTON'S FANTASTIC ADVENTURE Volume 3, plus previous volumes and books",Comics,Graphic Novels,NC,2025-04-03,2025-05-05,5200,10560,203,111,TRUE,TRUE,TRUE,FALSE,https://www.kickstarter.com/projects/ft1/bo-hamptons-fantastic-adventure-volume-3-art-book-and-more
676870009,SHOWCASE EXHIBIT VOL. 1 COVER GALLERY,Barry Welch,"28 IMAGES OF BEAUTIFUL, FULL COLOR, COVER ARTWORK! NSFW + SFW CONTENT. NEW COVER ART!",Comics,Graphic Novels,NC,2025-04-13,2025-05-08,250,773,309,32,TRUE,TRUE,TRUE,FALSE,https://www.kickstarter.com/projects/btwcomics/showcase-exhibit-vol-1-cover-gallery
259939462,CRIT: Robo Renaissance - A tabletop adventure,Chris Sahloff,"Join C.R.I.T. (Constantly Running Into Trouble) as they seek justice, uncover secrets, and unravel the Goblin King's deadly mystery.",Comics,Comic Books,NC,2024-06-27,2024-07-27,1500,2916,194,77,TRUE,TRUE,TRUE,FALSE,https://www.kickstarter.com/projects/homebrewedheroes/crit-robo-renaissance-a-tabletop-adventure
1844569051,Clocking In and Selling Out: Comics about work and life,Andrew Neal,"How do you keep a job and keep it real? Grab the second Meeting Comics, and learn why you can't spell hardcore without HR.",Comics,Graphic Novels,NC,2024-07-23,2024-08-23,2000,3402,170,80,TRUE,TRUE,TRUE,FALSE,https://www.kickstarter.com/projects/wanderlane/clocking-in-and-selling-out-comics-about-work-and-life
1866090834,NSFW HEADHUNTER: NOCTURNAL NINJA V01 HENT-ai-FX SKETCH BOOK,VAMPEROTICA COMICS,"Concept Art, Comics & Illustrations. A Vamperotica Sketch Book Series Project!",Comics,Graphic Novels,NC,2024-10-13,2024-10-20,99,7438,7513,168,TRUE,TRUE,TRUE,FALSE,https://www.kickstarter.com/projects/vamperoticacomics/nsfw-headhunter-nocturnal-ninja-v01-hent-ai-fx-sketch-book
1980299639,Make 100 THICK & HARD Cover Cassi Storm Sex Diary & more,Anew Creative Endeavors,Collecting the 4 volume TOP SECRET SEX DIARY OF CASSI STORM with bonus content. Also get the back issues and more!,Comics,Comic Books,NC,2024-12-10,2025-01-05,4269,7448,174,161,TRUE,TRUE,TRUE,FALSE,https://www.kickstarter.com/projects/topsecretsexdiary/make-100-thick-and-hard-cover-cassi-storm-sex-diary-and-more
629532637,The Clay Trail- Community Pottery Studio,Britney Gibson,"Support the beginning of a community pottery studio coming to Spindale, NC.",Art,Ceramics,NC,2023-03-28,2023-04-27,2000,695,35,10,FALSE,FALSE,FALSE,FALSE,https://www.kickstarter.com/projects/theclaytrail/the-clay-trail-community-pottery-studio
1614278820,Healthy Hoppers: Building Healthy Habits for Growing Kids,Angel Sellers,"Making nutrition fun, one hop at a time.",Technology,Apps,NC,2025-06-06,2025-07-06,5000,10,0,1,FALSE,FALSE,FALSE,FALSE,https://www.kickstarter.com/projects/healthyhoppers/healthy-hoppers-building-healthy-habits-for-growing-kids
1323827010,Big Tiddie Goth Girlfriends on the Moon #7,Sirk,Kali & Grimm's unfortunate sequence of events on the amazonian goth colony! by Sirk!,Comics,Comic Books,NC,2026-03-05,2026-03-31,9000,32672,363,863,TRUE,TRUE,TRUE,FALSE,https://www.kickstarter.com/projects/sirk/big-tiddie-goth-girlfriends-on-the-moon-7
289090284,"PaKuma Books 1,2, 3 (FREE), and the variant editions",wolly,"PaKuma is a 3 issue reconstructed telling of the classic Romeo & Juliet tale, blended with turf wars, martial arts, scifi, & a bear.",Comics,Comic Books,NC,2025-06-19,2025-07-13,1200,1680,140,37,TRUE,TRUE,TRUE,FALSE,https://www.kickstarter.com/projects/ftk/pakuma-books-12-and-the-variant-editions
468550424,Practice Pro (Canceled),Will Holmes,Revolutionize music practice today! Join us to redefine learning through cutting-edge technology. The future of music education!,Technology,Software,NC,2024-03-06,2024-04-02,29200,1301,4,4,FALSE,FALSE,FALSE,FALSE,https://www.kickstarter.com/projects/will-holmes/practice-pro
1957222395,Light-Year Mobile Observatory (Canceled),Light-Year Observatory,We're a team constructing and designing a future mobile observatory and science education center based in the Eastern United States!,Technology,Space Exploration,NC,2023-12-29,2024-02-27,7500,437,6,8,FALSE,FALSE,FALSE,FALSE,https://www.kickstarter.com/projects/815310641/light-year-mobile-observatory
165656229,The Age of The Witch Hunt,MiniaturesCraze,"A grimdark collection of 3D printable heroes, horrors, and modular infantry for your tabletop.",Games,Tabletop Games,NC,2026-03-24,2026-03-31,100,1910,1910,42,TRUE,TRUE,TRUE,FALSE,https://www.kickstarter.com/projects/miniaturescraze/the-age-of-the-witch-hunt
326618986,Practice Pro Official (Canceled),Will Holmes,Revolutionize music practice today! Join us to redefine learning through cutting-edge technology. The future of music education!,Technology,Software,NC,2024-03-23,2024-03-30,1500,1,0,1,FALSE,FALSE,FALSE,FALSE,https://www.kickstarter.com/projects/will-holmes/practice-pro-official
1130947954,"Solar powered, Garage and Shed Ventilation, Meet the Zula! (Canceled)",Erez Halfon,"Solar powered, Shed and Garage door ventilation solution to fit any short panel garage door window and replaces the gable in your Shed",Technology,Hardware,NC,2023-04-10,2023-06-09,24000,297,1,3,FALSE,FALSE,FALSE,FALSE,https://www.kickstarter.com/projects/mobenosolarsolutions/zula-garage-and-shed-ventilation
951273966,Subba - Your Communication Guardian,Dazz (Kumar Garapati),"Promoting Ethical, Healthy Conversations and Ending Abuse",Technology,Apps,NC,2023-10-25,2023-12-24,100000,106,0,10,FALSE,FALSE,FALSE,FALSE,https://www.kickstarter.com/projects/787102793/subba-your-communication-guardian
1679191988,"Epsilon Vanguard: Reconnect, Rediscover, Reengage",Taamir Ransome,Find Your Purpose and Tribe After Service: Transitioning Veterans into a New Chapter,Technology,Web,NC,2023-10-05,2023-12-04,750000,6618,1,19,FALSE,FALSE,FALSE,FALSE,https://www.kickstarter.com/projects/epsilon-vet/epsilon-vanguard-reconnect-rediscover-reengage
1560704078,Adaptive Driving Simulator Controller,Kyle Morgan,An attachment that’ll go onto any modern simulation racing wheel to help people with disabilities learn how to drive with hand controls,Technology,DIY Electronics,NC,2023-11-08,2024-01-07,25000,151,1,3,FALSE,FALSE,FALSE,FALSE,https://www.kickstarter.com/projects/simrig/adaptive-driving-simulator-controller
102619218,Wholesome Adult Sex Education Courses (Canceled),Sophie,"Six fundamental courses on the facets of sex based on real-world data gathered from fun questionnaires, because porn isn't real life.",Technology,Web,NC,2024-05-24,2024-06-30,24000,3759,16,44,FALSE,FALSE,FALSE,FALSE,https://www.kickstarter.com/projects/sexwithsophie/wholesome-adult-sex-education-courses
44986944,Solar Eclipse Data Logger - Crowd Sourced Data Collection (Canceled),Dan Alich,"Learn how Temperature, and humidity change during a solar eclipse. Data can be uploaded and will be shared with the world. Make/100",Technology,Gadgets,NC,2024-01-11,2024-02-05,2500,411,16,5,FALSE,FALSE,FALSE,FALSE,https://www.kickstarter.com/projects/arduinoclassroomkit/solar-eclipse-data-logger-crowd-sourced-data-collection
1103564334,Rooftops and Alleyways: Community Canvas 2024 - Take 2 (Canceled),The Durham Production Company,"A night of community-made digital art, displayed on the side of a building in downtown Durham, NC.",Theater,Festivals,NC,2024-04-26,2024-05-12,3200,1,0,1,FALSE,FALSE,FALSE,FALSE,https://www.kickstarter.com/projects/jl-klinck/rooftops-and-alleyways-community-canvas-2024-take-2
1013491085,C DC Hanson Premium,Crispy Donut Community LLC,*M390 & Titanium Framelock*,Technology,Gadgets,NC,2023-12-01,2024-01-01,30000,8084,27,37,FALSE,FALSE,FALSE,FALSE,https://www.kickstarter.com/projects/crispydonutcommunity/c-dc-hanson-premium
265639839,"RAK Systems, Inc.",George Memory,EV Charging Kit ⚡ Off-Grid ⚡ Portable,Technology,Hardware,NC,2023-03-03,2023-04-02,9000,2,0,2,FALSE,FALSE,FALSE,FALSE,https://www.kickstarter.com/projects/george369/rak-systems-inc-range-anxiety-kit
413062231,"CAPTAIN EMBER LOCKS VS. DAEVA, THE DEMONESS",Barry Welch,Reincarnated CAPTAIN EMBER LOCKS & DEMONESS DAEVA battle for the SHAMAN'S enchanted treasure!,Comics,Graphic Novels,NC,2025-06-06,2025-07-03,333,2060,619,58,TRUE,TRUE,TRUE,FALSE,https://www.kickstarter.com/projects/btwcomics/captain-ember-locks-vs-daeva-the-demoness
398551656,Cat Butt Hard Enamel Pin,Jennifer McCrory,Super cute cat butt enamel pins,Design,Graphic Design,NC,2023-04-02,2023-04-16,300,43,14,5,FALSE,FALSE,FALSE,FALSE,https://www.kickstarter.com/projects/dyealittle/cat-butt-hard-enamel-pin
70618973,Big Tiddie Goth Girlfriends on the Moon comic #4!,Sirk,"Pulpy, Schlocky, Kitschy Sci-fi fun! Conclusion of the """"""""Space Pirate"""""""" Saga!",Comics,Comic Books,NC,2024-02-09,2024-03-10,12000,41429,345,1000,TRUE,TRUE,TRUE,FALSE,https://www.kickstarter.com/projects/sirk/big-tiddie-goth-girlfriends-on-the-moon-comic-4
837420464,Battle Sages: Third-person Wizard Shooter RPG,Jacob Colvin,A third-person multiplayer wizard shooter. In this RPG the player fills the role of a wizard recruit just arriving at bootcamp.,Games,Video Games,NC,2025-10-01,2025-10-31,5000,470,9,8,FALSE,FALSE,FALSE,FALSE,https://www.kickstarter.com/projects/battlesages/battle-sages-third-person-wizard-shooter-rpg
854992515,Hiddur Olam: Bereshit - Genesis,Mike Wirth,A visionary art book that journeys through Genesis with bold Torah imagery and insightful reflections on each weekly parsha.,Art,Illustration,NC,2025-10-06,2025-12-01,11591,2173,19,44,FALSE,FALSE,FALSE,FALSE,https://www.kickstarter.com/projects/mikewirthart/hiddur-olam-bereshit-genesis
786245202,It's never enough - Tour,Carolina Quiros,A contemporary dance performance that talks about excesses and uncomfortable feeling of needing more.,Dance,Performances,NC,2024-05-26,2024-07-22,5000,111,2,3,FALSE,FALSE,FALSE,FALSE,https://www.kickstarter.com/projects/caroquiros/its-never-enough-tour
1525468144,No Raccoons in Hell part one: A Comedy Mystery Comic Book,Andrew Neal,The third Val Cannon Mystery! Val and her girlfriend Tori investigate the disappearance of the raccoon that lives at the punk house!,Comics,Graphic Novels,NC,2025-06-10,2025-07-04,300,1416,472,59,TRUE,TRUE,TRUE,FALSE,https://www.kickstarter.com/projects/wanderlane/no-raccoons-in-hell-part-one-a-comedy-mystery-comic-book
1074565884,Forever Home: First Print Edition,Rainy Day Atelier,"What haunts a haunted house? Find out in Forever Home, the comic debut of Lee Evans.",Comics,Graphic Novels,NC,2024-11-12,2024-12-13,1000,1011,101,21,TRUE,TRUE,TRUE,FALSE,https://www.kickstarter.com/projects/rainydayatelier/forever-home-print-edition
1664438979,Top Secret Sex Diary Volumes 1 - 4 (complete),Anew Creative Endeavors,"Get the entire series, or the new volumes 3 & 4! Super sexy, super spy, Cassi Storm reveals her pre-spy life of sexual adventures! NSFW",Comics,Comic Books,NC,2024-06-21,2024-07-15,9669,13442,139,439,TRUE,TRUE,TRUE,FALSE,https://www.kickstarter.com/projects/topsecretsexdiary/top-secret-sex-diary-volumes-1-4-complete
1745277907,BaDoom! Wasteland Collection Vol.1,Sirk,"From the creator of """"""""Big Tiddie Goth Girlfriends on the Moon""""""""! The beloved webcomic in a large collected volume!",Comics,Graphic Novels,NC,2024-07-30,2024-08-29,5000,12440,249,344,TRUE,TRUE,TRUE,FALSE,https://www.kickstarter.com/projects/sirk/badoom-collections-from-the-wasteland-vol1
1600543077,THE BOOK of DAEMON #1,Barry Welch,"Three stories centered around Olivia Daemon AKA MS. DIVINA! Features PITH, DAEVA, VILEX & MA'AT RA, PRINCESS MUMMY!",Comics,Graphic Novels,NC,2026-03-25,2026-04-17,300,1830,610,49,TRUE,TRUE,TRUE,FALSE,https://www.kickstarter.com/projects/btwcomics/the-book-of-daemon-1
349460293,THE VALIANT: LAST VANTHIAN KNIGHT,Scott H. Davis,WELCOME TO MONSTERCADE!!,Comics,Comic Books,NC,2024-09-04,2024-10-04,1000,20,2,1,FALSE,FALSE,FALSE,FALSE,https://www.kickstarter.com/projects/hazardcomics/the-valiant-last-vanthian-knight-0
2093753851,IRONY AND HOLLY: BACK IN TIME,Barry Welch,"Travel BACK IN TIME with reporter IRONY MOROSE & gunslinger HOLLY DAYE as they encounter monsters, mobsters & """"""""wrestle"""""""" each other!",Comics,Comic Books,NC,2024-10-25,2024-11-20,500,862,172,31,TRUE,TRUE,TRUE,FALSE,https://www.kickstarter.com/projects/btwcomics/irony-and-holly-back-in-time
796300988,"Tiny Dreams, Big Impact: Revolutionizing Tiny House Living",Robert Smith,"Help Us Create Sustainable, Stylish Homes for a Better Tomorrow—Join Our Kickstarter Journey Today!",Design,Architecture,NC,2024-08-12,2024-10-11,50000,0,0,0,FALSE,FALSE,FALSE,FALSE,https://www.kickstarter.com/projects/rsiii/tiny-dreams-big-impact-revolutionizing-tiny-house-living
680172942,CHOPPIN' BLADES #1-2: A Mystical Demolition Derby Fantasy,Damien Becton,*Slaps roof of car* This baby here has a mystical demolition derbies with monster battles and 24 inch rims!,Comics,Comic Books,NC,2025-09-30,2025-10-16,500,1318,264,65,TRUE,TRUE,TRUE,FALSE,https://www.kickstarter.com/projects/bectonbectonbecton/choppin-blades-2
696883929,Mozipa’s Journey: Chronicles of the Lost Realm in Chronicles (Canceled),Joseph Bailey McClinton,"Mozipa’s Journey: Chronicles of the Lost Realm is a labor of love, blending breathtaking fantasy visuals with a deeply immersive narrat",Comics,Webcomics,NC,2024-10-13,2024-11-12,12000,11,0,1,FALSE,FALSE,FALSE,FALSE,https://www.kickstarter.com/projects/josephmcclinton/mozipas-journey-chronicles-of-the-lost-realm-in-chronicles
864820598,ALL IN TIME: THE IRONY & HOLLY CHRONICLES,Barry Welch,Collection of art work from all ten Adam Talley short stories ! 50+ pages of anthology content & goodness!!!,Comics,Graphic Novels,NC,2024-12-14,2025-01-09,250,1161,464,35,TRUE,TRUE,TRUE,FALSE,https://www.kickstarter.com/projects/btwcomics/all-in-time-the-irony-and-holly-chronicles
1728705693,APX Vol. 1: A Sci-Fi Action Graphic Novel,Dave Cirone,Breaking Bad x Ghost in the Shell in this hard-hitting comic series for Mature Readers,Comics,Graphic Novels,NC,2025-03-11,2025-04-10,500,2110,422,108,TRUE,TRUE,TRUE,FALSE,https://www.kickstarter.com/projects/librarykid/apx-vol-1
1310189548,"Sex, Spies, & Rock 'n Roll the relaunch!",jeff douglas messer,"After a successful start in 2021, the Sex, Spies, & Rock 'n Roll franchise is back with a soft relaunch, and new plan going forward",Comics,Graphic Novels,NC,2024-07-26,2024-08-26,7777,9038,116,162,TRUE,TRUE,TRUE,FALSE,https://www.kickstarter.com/projects/jeffdouglasmesser/sex-spies-and-rock-n-roll-the-relaunch
2105009623,Ernest Wade Distilling Company (Canceled),Eric Loggains,"""""""""Tradition in Every Drop""""""""",Food,Drinks,NC,2026-02-05,2026-04-06,57500,5,0,1,FALSE,FALSE,FALSE,FALSE,https://www.kickstarter.com/projects/2067465137/ernest-wade-distilling-company
1233624473,The Remnant: Thief in The Night #1,Grok Comics,Tragedy transforms this self-centered MMA Superstar fighter into a force for Justice and Mercy!,Comics,Comic Books,NC,2024-05-30,2024-06-29,200,2321,1160,71,TRUE,TRUE,TRUE,FALSE,https://www.kickstarter.com/projects/grokcomics/the-remnant-thief-in-the-night-1
1535307287,Storybutton: Listen To Unlimited Content Made For Kids,RecessLab by Mr Jim,"10,000+ Stories, Audiobooks, Podcasts and More | Popular & Original | New Daily Content | No Fees or Subscriptions",Design,Product Design,NC,2023-05-02,2023-06-02,5000,74718,1494,773,TRUE,TRUE,TRUE,TRUE,https://www.kickstarter.com/projects/recesslab/storybutton-the-future-of-storytime-for-kids
1151159377,INCISION #1-2: The Razor-Sharp Cyberpunk Superhero Odyssey,Jay Red,"After having his life upended by the betrayal of his team, Incision sets out with Counter Force to stop their common enemy.",Comics,Comic Books,NC,2024-08-27,2024-09-27,750,1689,225,57,TRUE,TRUE,TRUE,FALSE,https://www.kickstarter.com/projects/jayred/incision-1-2
1147452343,Welcome to Spedi Sousa's Dark Fantasy #1-3!,Wilson Lee,"The False Ones are awakening, and a motley crew of heroes is humanity's only hope of survival.",Comics,Comic Books,NC,2023-03-28,2023-04-27,1500,714,48,21,FALSE,FALSE,FALSE,FALSE,https://www.kickstarter.com/projects/crumpnsons/welcome-to-spedi-sousas-dark-fantasy
583964735,Unity Comics Cosplay Gallery #20,gropiusone,Featuring the Cosplay Art of Yunogana,Comics,Comic Books,NC,2026-02-21,2026-03-13,500,5056,1011,140,TRUE,TRUE,TRUE,FALSE,https://www.kickstarter.com/projects/gropiusone/unity-comics-cosplay-gallery-20
682403088,Sovereign Fireside.,Sovereign Fireside,Discover Tranquility and Connection at our North Carolina Forest Spring,Design,Architecture,NC,2023-08-08,2023-09-07,15000,5755,38,81,FALSE,FALSE,FALSE,FALSE,https://www.kickstarter.com/projects/1985930340/sovereign-fireside-2
293796175,BUXOTICA: CURSED CRUSADERS V01,Vamperotica,"Drawings, Sketches,Concept Art, Comics & Illustrations featuring a world were all of the Super Heroes are turned into Vampires!",Comics,Comic Books,NC,2024-09-25,2024-10-02,99,6522,6588,135,TRUE,TRUE,TRUE,FALSE,https://www.kickstarter.com/projects/vamperotica/buxotica-cursed-crusaders-v01-sketch-book
1863797632,BANDITA meets CAPTAIN EMBER LOCKS!,Barry Welch,CAPTAIN EMBER LOCKS' origin is revealed! BANDITA'S ancestor is targeted for revenge!,Comics,Graphic Novels,NC,2025-11-15,2025-12-12,333,1917,576,57,TRUE,TRUE,TRUE,FALSE,https://www.kickstarter.com/projects/btwcomics/bandita-meets-captain-ember-locks
365789650,Modieval: Constructable Action Figures (Canceled),Ian Gray,"A series of constructable, interchangable, and customizable retro inspired action figures.",Design,Toys,NC,2024-08-01,2024-08-31,63000,2532,4,21,FALSE,FALSE,FALSE,FALSE,https://www.kickstarter.com/projects/lazyrobots/modieval-constructable-action-figures
816861834,"Non Photo Blue, a graphic novel",Christopher Williams,A story of pain on the path to true love.,Comics,Graphic Novels,NC,2026-02-10,2026-03-02,400,894,224,27,TRUE,TRUE,TRUE,FALSE,https://www.kickstarter.com/projects/plasticflame/non-photo-blue-a-graphic-novel
1278078461,Rattus Rex Issue #2,Justin DeBord,"Gangs of intelligent rats in a post-apocalyptic fantasy city. New gangs, more monsters, and an extra large order of Cheesy Fries.",Comics,Comic Books,NC,2024-11-20,2024-12-20,750,920,123,20,TRUE,TRUE,TRUE,FALSE,https://www.kickstarter.com/projects/rattusrex/rattus-rex-issue-2
1601616581,"Copictopia Creative Clear Stamps, Stencils & Pattern Paper (Canceled)",Cristena Bagne,"A range of high quality, clear stamps, coordinating stencils & pattern paper. Cute critters and characters for all your crafty projects",Crafts,DIY,NC,2023-10-22,2023-11-10,9600,3111,32,53,FALSE,FALSE,FALSE,FALSE,https://www.kickstarter.com/projects/cristenabagne/copictopia-creative-clear-stamps-stencils-and-pattern-paper
68349540,The Sunstroms: Research and Exploration Team #3,"Gene Willoughby, II",The Lost Protectorate,Comics,Comic Books,NC,2024-08-30,2024-09-21,1000,1015,101,22,TRUE,TRUE,TRUE,FALSE,https://www.kickstarter.com/projects/sunstroms/the-sunstroms-research-and-exploration-team-3
1770971731,Miracle Letter. Let Miracle happen one letter at a time! (Canceled),Arti,Our mission is to bring a touch of warmth and inspiration directly to your mailbox.,Publishing,NA,NC,2024-02-27,2024-03-28,1300,1,0,1,FALSE,FALSE,FALSE,FALSE,https://www.kickstarter.com/projects/miracleletter/miracle-letter-let-miracle-happen-one-letter-at-a-time
62270833,Sunburst Arcana: Tarot Inspired Soap & Candles (Canceled),Sunburst Void,Handmade soaps and candles with a mystical twist!,Crafts,DIY,NC,2024-10-16,2024-11-15,2500,108,4,2,FALSE,FALSE,FALSE,FALSE,https://www.kickstarter.com/projects/svtwig/sunburst-arcana-tarot-inspired-soap-and-candles
524401435,Handcrafted Treats for Pets (Canceled),Rigs 'n Beez,"Nutritious, locally sourced pet treats made with love—supporting pets, people, and the community.",Food,Farms,NC,2025-02-03,2025-03-15,2200,40,2,1,FALSE,FALSE,FALSE,FALSE,https://www.kickstarter.com/projects/rigznbeez/handcrafted-treats-for-pets
1395695107,"Fantastic Freaks, Issue 1: Race Against the C!ock",Michelle Lodge,"An adult comedy comic for those who enjoy adventure, mystery, absurdity, and shameless laughs.",Comics,Comic Books,NC,2024-08-16,2024-09-15,2500,3674,147,164,TRUE,TRUE,TRUE,FALSE,https://www.kickstarter.com/projects/michellelodge/fantastic-freaks-issue-1-race-against-the-cock
1870145,Kirk Lindo's VAMPRESS LUXURA V06: NAUGHTY HARDCOVERS!,Kirk Lindo,NEW NSFW 18+ NAUGHTY HARDCOVER VARIANTS for THE VAMPRESS LUXURA V06 TRADE PAPERBACK!,Comics,Comic Books,NC,2023-11-18,2023-11-26,99,851,860,25,TRUE,TRUE,TRUE,FALSE,https://www.kickstarter.com/projects/kirklindo/kirk-lindos-vampress-luxura-v06-naughty-hardcovers
1284344482,The Tortured Poets Department Taylor Swift Pins,Samantha Leonard,The Tortured Poets Department Pin Collection,Art,NA,NC,2024-08-09,2024-09-09,213,625,293,12,TRUE,TRUE,TRUE,FALSE,https://www.kickstarter.com/projects/pinnacleofsuccess/the-tortured-poets-department-taylor-swift-pins
533980484,The Canopy Oasis Project (Canceled),Ryan Kleinschmidt,A Therapeutic Food Forest Sanctuary: Real & Virtual,Games,Video Games,NC,2025-05-29,2025-06-26,15000,711,5,2,FALSE,FALSE,FALSE,FALSE,https://www.kickstarter.com/projects/rykle9/the-canopy-oasis-project
776780707,Golden Chronicles #1 – Indie Superhero Comic,Christopher Coleman,"Golden Chronicles is an introductory anthology series, starting with Origin of The Silverback.",Comics,Comic Books,NC,2025-07-01,2025-07-31,125,395,316,17,TRUE,TRUE,TRUE,FALSE,https://www.kickstarter.com/projects/1776785/golden-chronicles-1-indie-superhero-comic
2070976591,Puffer and Clarissa: the Complete Graphic Novel,James Nelson,"The """"""""Puffer and Clarissa"""""""" webcomic is complete! Let's get a full physical edition of the story printed!",Comics,Webcomics,NC,2024-08-19,2024-09-18,2386,4217,177,125,TRUE,TRUE,TRUE,FALSE,https://www.kickstarter.com/projects/j-nelson/puffer-and-clarissa-the-complete-graphic-novel
1843363403,Rocks Beneath the Tide: From Abuse to Architect (Canceled),Jason Dail,"My journey through the emotional world of child abuse. From victim to survivor, self-hate to love, and lessons in making spaces to heal",Publishing,Nonfiction,NC,2024-09-17,2024-10-17,40000,90,0,2,FALSE,FALSE,FALSE,FALSE,https://www.kickstarter.com/projects/endingthesilence/rocks-beneath-the-tide-from-abuse-to-architect
1265994217,WORLDS AWAY Vol. 1 | A 100+ page scifi/fantasy action GN,Damien Becton,"Collecting WORLDS AWAY #1-4 (100+ pages) A soldier and her daughter, equipped with hi-tech armor, battle through a mystical planet!",Comics,Graphic Novels,NC,2024-07-09,2024-07-24,500,2895,579,110,TRUE,TRUE,TRUE,FALSE,https://www.kickstarter.com/projects/bectonbectonbecton/worlds-away-vol-1
2136248924,Ballad of the Black Rose: Issues 1 & 2,Danny J Quick,A family trying to start a new life in the Wild West encounters a strange entity that gets them in trouble with the law!,Comics,Comic Books,NC,2025-10-27,2025-11-27,3575,4938,138,149,TRUE,TRUE,TRUE,FALSE,https://www.kickstarter.com/projects/dannyjquick/ballad-of-the-black-rose-issues-1-and-2
686006197,Penguino's Revenge: Torment #1,Robert Powers,"Penguino's journey continues! 2 years after the events of volume 1. The only way out of hell, is to get through it",Comics,Comic Books,NC,2023-08-15,2023-09-14,1000,2864,286,50,TRUE,TRUE,TRUE,FALSE,https://www.kickstarter.com/projects/cataclysm2/penguinos-revenge-torment-1
678888177,"""""""""Demi-Devil"""""""" Comic Book: Issue #2",Devin Thorpe,"An epic comic about a half-human, half-demon teenager trying to walk the line between damnation and mortality.",Comics,Comic Books,NC,2025-05-02,2025-06-08,3500,60,2,4,FALSE,FALSE,FALSE,FALSE,https://www.kickstarter.com/projects/112460035/demi-devil-comic-book-issue-2
2028695933,Alabaster: The Graphic Novel (Canceled),"Noir Caesar Entertainment, LLC","From the mind of Osamu Tezuka, the artist who brought you Astro Boy comes a new reimagining of a darker series.",Comics,Graphic Novels,NC,2023-10-04,2023-11-03,30000,1379,5,29,FALSE,FALSE,FALSE,TRUE,https://www.kickstarter.com/projects/noircaesar/alabaster-the-graphic-novel
1231791985,"NEW Sexy Spies NSFW Graphic Novel: Sex, Spies & Rock n Roll",DJ West,"New publisher for Sex, Spies, & Rock 'n Roll comics. Offering previous books, and a new line of trades! Completed books! Full length!",Comics,Comic Books,NC,2025-08-25,2025-09-30,2469,10616,430,272,TRUE,TRUE,TRUE,FALSE,https://www.kickstarter.com/projects/sexspiesrocknroll/new-sex-spies-and-rock-n-roll-nsfw-sexy-spies-graphic-novel
2055527059,Purgatory Academy: Book 1 (Canceled),Masonimous,"Purgatory Academy is a graphic novel series about Heaven, Hell, and having four years to decide.",Comics,Graphic Novels,NC,2023-06-09,2023-07-09,1500,1,0,1,FALSE,FALSE,FALSE,FALSE,https://www.kickstarter.com/projects/purgatoryacademybk1/purgatory-academy-book-1
298630297,GREGOR!,David Trustman,His adventure is your beginning to learning ASL,Comics,Graphic Novels,NC,2023-02-23,2023-03-25,15000,2183,15,26,FALSE,FALSE,FALSE,TRUE,https://www.kickstarter.com/projects/gregor-lives/gregor
820279226,Rocks Beneath The Tide: from Abuse to Architect,Jason Dail,"An emotional journey through the world of child abuse. From victim to survivor, self-hate to love, and lessons in making spaces to heal",Publishing,Nonfiction,NC,2024-09-21,2024-10-21,5000,30,1,1,FALSE,FALSE,FALSE,FALSE,https://www.kickstarter.com/projects/endingthesilence/rocks-beneath-the-tide-from-abuse-to-architect-0
440064331,Pop-Up Cards: 3D Pop Up Greeting Card Collection LegitCards,Ashton Lumley,"Greeting card creator wants to take it to the next level with 3D Pop-Up Cards. The market needs to be better, please help me get there!",Crafts,Stationery,NC,2023-02-24,2023-03-26,6000,11,0,2,FALSE,FALSE,FALSE,FALSE,https://www.kickstarter.com/projects/legitgreetingcards/pop-up-greeting-cards-legitgreetingcards-3d-collection
505155440,Bo Hampton's 3 DEVILS #8 Deluxe Hardcover and more,Bo Hampton,"The new chapter of Bo Hampton's Supernatural Western, featuring an epic Wolf-boy versus Werewolf battle just in time for Halloween!",Comics,Graphic Novels,NC,2025-10-24,2025-12-01,9000,10151,113,141,TRUE,TRUE,TRUE,FALSE,https://www.kickstarter.com/projects/ft1/bo-hamptons-3-devils-8-deluxe-hardcover-and-more
1769908647,HELLFORGED #1 - #3: Arthurian Fantasy Meets Science Fiction,Elliott Duque-Estrada,"A modern reinvention of the mythology of King Arthur... Camelot is on another planet and Excalibur isn't a sword, it's a teenage girl.",Comics,Comic Books,NC,2024-07-13,2024-08-13,6000,11575,193,330,TRUE,TRUE,TRUE,FALSE,https://www.kickstarter.com/projects/destrada/hellforged-issue-3-arthurian-fantasy-meets-cosmic-horror
1152250858,"LAZARUS COLE #1 - Southern Gothic, Vampire Comic",Forrest Stutts,A bail enforcement agent must contend with vampires while hunting down a fugitive. DOG THE BOUNTY HUNTER meets SOLOMON KANE.,Comics,Comic Books,NC,2024-03-11,2024-04-10,5000,1,0,1,FALSE,FALSE,FALSE,FALSE,https://www.kickstarter.com/projects/lazaruscole/lazarus-cole-1-southern-gothic-vampire-comic
2066067213,The Divorce Party: a Comedy Soap Opera comic book,Andrew Neal,Do you love comics but wish they were good? Great news! Now there's one about divorce!,Comics,Comic Books,NC,2024-04-30,2024-05-25,300,1451,484,63,TRUE,TRUE,TRUE,FALSE,https://www.kickstarter.com/projects/wanderlane/the-divorce-party-a-comedy-soap-opera-comic-book
732313279,Gimme Five Comics! Five stories in 5-page chapters,JW Harp,"Gimme Five Comics, by Scott Eckelaert and JW Harp, is a collection of 5-page tales featuring new and old characters",Comics,Anthologies,NC,2024-06-10,2024-07-10,2500,2577,103,16,TRUE,TRUE,TRUE,FALSE,https://www.kickstarter.com/projects/jwharp/gimme-five
1528446141,IRONY AND HOLLY: OUTTA TIME! #1,Barry Welch,"Web reporter IRONY gains time travelling abilities via her cell phone, meets gunslinger HOLLY. Pop culture locales, here they come!",Comics,Comic Books,NC,2024-05-27,2024-06-21,750,1496,199,30,TRUE,TRUE,TRUE,FALSE,https://www.kickstarter.com/projects/btwcomics/irony-and-holly-outta-time
544030553,"QUALITY CRIOLLO - Stoicism, Culture, and Fitness",Aaron Salswach,welcome to the intense people club,Fashion,Apparel,NC,2026-03-27,2026-04-26,11500,0,0,0,FALSE,FALSE,FALSE,FALSE,https://www.kickstarter.com/projects/projectqc/quality-criollo
1482001635,Something Fishy,Mary Elizabeth,A collection of enamel pins inspired by some very unique and colorful fishes,Art,Illustration,NC,2026-04-01,2026-05-31,1200,515,43,9,FALSE,FALSE,FALSE,TRUE,https://www.kickstarter.com/projects/marytimedesigns/something-fishy-0
1366575395,The Rascor Plains: Deluxe Hardcover Edition,Philip Tucker,"The Epic Sequel to Bastion, Reborn as a Collector’s Edition Illustrated Hardcover",Publishing,Fiction,NC,2026-04-07,2026-04-28,10000,50689,507,358,TRUE,TRUE,FALSE,TRUE,https://www.kickstarter.com/projects/682901669/the-rascor-plains-deluxe-hardcover-edition
1487593558,"Danny Gotham and Mike Babyak's """"""""""""""""Dulcetta"""""""""""""""" album",Mike Babyak,A sweet coming together of plucked strings.,Music,NA,NC,2026-03-26,2026-04-25,5000,4907,98,63,FALSE,FALSE,FALSE,FALSE,https://www.kickstarter.com/projects/dulcetta/danny-gotham-and-mike-babyaks-dulcetta-album
2040223804,Crisis 1 - 2,Dreams Impact Comics,A Mature Post-Apocalyptic Comic Book,Comics,Comic Books,NC,2026-04-01,2026-05-01,2000,248,12,5,FALSE,FALSE,FALSE,FALSE,https://www.kickstarter.com/projects/dreamsimpactcomics/crisis-1-2
855264882,Pointless,B. Ross Copenhaver,Pointless is an animated short film about a handmade boy caught between a world built by craft and one built to package everything.,Film & Video,Shorts,NC,2026-03-31,2026-04-30,5000,0,0,0,FALSE,FALSE,FALSE,FALSE,https://www.kickstarter.com/projects/rosscope/pointless-an-animated-short-film
1074492325,Scam protection built for real families,David E Smith,"Know before you click, so no one loses what they worked a lifetime for",Technology,Web,NC,2026-03-17,2026-05-16,2000,0,0,0,FALSE,FALSE,FALSE,FALSE,https://www.kickstarter.com/projects/davidesmith/scam-protection-built-for-real-families
1546850359,Silk & Lace Brand Floral Print 100% Cashmere Bathrobe,Lindsay,Ethically sourced 100% Grade A cashmere bathrobes with a beautiful floral pattern.,Fashion,Apparel,NC,2026-03-13,2026-05-12,11600,385,3,1,FALSE,FALSE,FALSE,FALSE,https://www.kickstarter.com/projects/silkandlace/silk-and-lace-brand-floral-print-100-cashmere-bathrobe
24965339,OrganoFuels Incorporated - Biogasoline from algae,Deanna Hatch,"Success of this project depends on the proprietary algae growth chamber, creating low cost fuel products using CO2 on a small footprint",Design,Product Design,NC,2026-04-01,2026-05-01,4200,740,18,10,FALSE,FALSE,FALSE,FALSE,https://www.kickstarter.com/projects/organofuels/organofuels-incorporated-biogasoline-from-algae
454946526,HELLFORGED #1-7: Volume One Finale (Sci-Fi Fantasy),Elliott Duque-Estrada,War has come! The heroes of Camelot fight to save their home from annihilation in this epic conclusion. -- ALL past issues available!,Comics,Comic Books,NC,2026-03-27,2026-04-26,6500,7410,114,271,TRUE,TRUE,FALSE,FALSE,https://www.kickstarter.com/projects/destrada/hellforged-1-7-volume-one-finale-sci-fi-fantasy
695985509,Vinyl Pressing for Sean & Her Dilemma,Jason Ward,Let's keep Sean Binkley's legacy alive through the music.,Music,Rock,NC,2026-03-06,2026-05-04,1000,1190,119,13,TRUE,TRUE,FALSE,FALSE,https://www.kickstarter.com/projects/1172797928/vinyl-pressing-for-sean-and-her-dilemma
553355828,Built From Pain Guide Book To Life,Jauquan Brantley,"A raw guide to discipline, sacrifice, and survival—turning pain into purpose, pressure into power, and hustle into legacy.",Publishing,Nonfiction,NC,2026-03-18,2026-05-17,1200,0,0,0,FALSE,FALSE,FALSE,FALSE,https://www.kickstarter.com/projects/bfp1/built-from-pain-guide-book-to-life
793552078,Finish that Verse: A Bible Trivia Game,Sadia,"A fast-paced Bible trivia game for all ages—fostering fun, faith & friendly competition, bringing Scripture to life in an engaging way.",Games,Playing Cards,NC,2026-04-05,2026-05-04,15000,390,3,10,FALSE,FALSE,FALSE,FALSE,https://www.kickstarter.com/projects/finishthatverse/finish-that-verse-a-bible-trivia-game
1714663721,'The Wounderous Unraveling' an Astrological Oracle Deck,xocean alexandre dumas,"multi-medium astrological oracle deck consisting of signs, houses, planets, moon phases & elements. Made with love, not AI",Games,Playing Cards,NC,2026-03-30,2026-04-28,13000,1235,10,14,FALSE,FALSE,FALSE,FALSE,https://www.kickstarter.com/projects/indigomoonartist/the-wounderous-unraveling-an-astrological-oracle-deck
160413256,The Fog of Maya: Three Deep Breaths,Six Wing Studios,"When the world falls into imbalance, will you fight, flee, or flow? Three tales emerge from the Avatar-esque world of Enso.",Publishing,Fiction,NC,2026-04-01,2026-05-01,7500,6272,84,76,FALSE,FALSE,FALSE,TRUE,https://www.kickstarter.com/projects/selfcarevirtualpet/the-fog-of-maya-three-deep-breaths
278130304,Just Send It: A Rock Climbing Card Game,Canaan Lineberry,"It’s time to rack up some sends! Strategize to send your climb faster or sabotage your opponent. 2-4 Players, Ages 10+, 15-20 minutes.",Games,Tabletop Games,NC,2026-03-10,2026-05-09,2000,1750,88,29,FALSE,FALSE,FALSE,FALSE,https://www.kickstarter.com/projects/csquatch/just-send-it-a-rock-climbing-card-game
1745223245,Forsaken Shores Game,Daniel walker,Forsaken Shores,Games,Video Games,NC,2026-04-07,2026-05-07,1000,15,2,1,FALSE,FALSE,FALSE,FALSE,https://www.kickstarter.com/projects/forsakenshores/forsaken-shores-game
1840792750,Summoning Strength Affirmation / Oracle Deck,Epic Bones,Infuse magic & mindfulness into your health & fitness journey with this unique 52 card deck,Games,Playing Cards,NC,2026-04-02,2026-05-03,7000,1388,20,26,FALSE,FALSE,FALSE,FALSE,https://www.kickstarter.com/projects/epicbones/summoning-strength-affirmation-deck
1044938796,The Organic Mechanic a Detective Mystery RPG,Asar Lewis,"A Detective Mystery RPG, driven by Clues, Wits, and Player Choices. Every crime has a story, But the truth is yours to UNCOVER.",Games,Video Games,NC,2026-03-15,2026-04-24,25000,2897,12,9,FALSE,FALSE,FALSE,FALSE,https://www.kickstarter.com/projects/oraganicmechanic/the-organic-mechanic
679977654,Socratic Crackhouse,Andrew Arcidicono,The party game where you put mouths on people's words,Games,Tabletop Games,NC,2026-03-09,2026-05-08,10000,1031,10,13,FALSE,FALSE,FALSE,FALSE,https://www.kickstarter.com/projects/gobcorp/socratic-crackhouse
731500780,Tigers Blood Apparel store launch,royal thomas,Fuel the Tigers Blood fashion dream,Fashion,Apparel,NC,2025-12-01,2026-01-30,5000,0,0,0,FALSE,FALSE,FALSE,FALSE,https://www.kickstarter.com/projects/1641613535/tigers-blood-apparel-store-launch
1093035671,Tree: Grow what you know,Cynthia,From Side Hustle to Self-Made - Your Journey Starts Here.,Technology,Apps,NC,2025-07-10,2025-09-08,66000,0,0,0,FALSE,FALSE,FALSE,FALSE,https://www.kickstarter.com/projects/904911974/tree-grow-what-you-know
169239544,SHIMI | The Formula Feeding Bottle.,Jordan Rubin,"Empowering Formula Feeding Parents, One Pod at a Time.",Food,NA,NC,2024-04-19,2024-05-19,15000,15100,101,69,TRUE,TRUE,TRUE,FALSE,https://www.kickstarter.com/projects/jordanrubin/shimi-the-formula-feeding-bottle
1732844770,Nocturnal Echoes,tim,"Descend into madness, uncover lost truths, and survive a world tainted by forgotten gods.",Games,Video Games,NC,2025-07-06,2025-09-04,50000,150,0,2,FALSE,FALSE,FALSE,FALSE,https://www.kickstarter.com/projects/nocturnalechoes/nocturnal-echoes
1843619231,Help Us Print and Share 'Mia's Beautiful Journey'!,Linda Chang,Discover how God’s love brings beauty and hope through challenging days and empowers children to find strength and hope.,Publishing,Children's Books,NC,2024-10-15,2024-11-14,6500,40,1,1,FALSE,FALSE,FALSE,FALSE,https://www.kickstarter.com/projects/miasbeautifuljourney/help-us-print-and-share-mias-beautiful-journey
721748184,Spirits of Christmas (Canceled),Humble Bard Games,"A """"""""""""""""""""""""""""""""""""""""""""""""""""""""""""""""""""""""""""""""""""""""""""""""""""""""""""""""""""""""""""""""ghostly"""""""""""""""""""""""""""""""""""""""""""""""""""""""""""""""""""""""""""""""""""""""""""""""""""""""""""""""""""""""""""""""" cooperative adventure card game where the Spirits of Christmas take Scrooge on the ride of his life!",Games,Tabletop Games,NC,2023-02-28,2023-03-24,25000,2766,11,88,FALSE,FALSE,FALSE,FALSE,https://www.kickstarter.com/projects/thehumblebard/spirits-of-christmas
2020753460,THE FEW OF FARBETWEEN #1: A Fantasy Adventure Comic,Damien Becton,"When a tyrannical AI robot crash lands on the magical world of Farbetween, a young sorceress and the prototype robot set out to stop it",Comics,Comic Books,NC,2024-08-13,2024-09-12,4000,2668,67,144,FALSE,FALSE,FALSE,FALSE,https://www.kickstarter.com/projects/bectonbectonbecton/farbetween
1321137687,Roll-With-It Fantasy Boxed Set (Canceled),Humble Bard Games,A modular roll-and-write adventure game system for solitaire play.,Games,Tabletop Games,NC,2023-04-11,2023-05-05,15000,3887,26,153,FALSE,FALSE,FALSE,FALSE,https://www.kickstarter.com/projects/thehumblebard/roll-with-it-fantasy-boxed-set
54733801,Shitkicker+Bullseye (Canceled),Matthew Dickens,Vol. 1 The Hat-Trick Saga,Comics,Graphic Novels,NC,2024-03-07,2024-04-06,10000,141,1,7,FALSE,FALSE,FALSE,FALSE,https://www.kickstarter.com/projects/cliffhangercowboys/shitkicker-bullseye
1986783757,"Meet The Fitzgeralds: A Family of Music, Science, Adventure",Sydnea Ballantyne,"This vibrant animated series introduces young audiences to a world celebrating neuro-diversity, music, science, and adventure.",Film & Video,Family,NC,2025-04-02,2025-06-01,5000,0,0,0,FALSE,FALSE,FALSE,FALSE,https://www.kickstarter.com/projects/neurodiversity/meet-the-fitzgeralds-a-family-of-music-science-adventure
1179407568,Propaganda Comics #1,Comic Cat Publishing,A politically charged comic project intended to take all of its readers on a nonsensical ride that they’ll cherish for years to come.,Comics,Comic Books,NC,2024-03-26,2024-04-25,4500,116,3,6,FALSE,FALSE,FALSE,FALSE,https://www.kickstarter.com/projects/1576404477/propaganda-comics-1-0
12127155,Token of Sacrifice Issue #2 (Canceled),Austin Garner,"A dark body-horror action tale that tackles themes of loss, faith and change in a fantastical alternate post-revolution America.",Comics,Comic Books,NC,2024-01-06,2024-03-06,5500,94,2,5,FALSE,FALSE,FALSE,FALSE,https://www.kickstarter.com/projects/ozgar/token-comic-series
964679422,Mini Murder Mysteries RPG (Canceled),Hadley Hawthorne,Solve three individual murder mysteries in this immersive RPG for 4-7 players,Games,Tabletop Games,NC,2023-02-17,2023-03-19,300,1,0,1,FALSE,FALSE,FALSE,FALSE,https://www.kickstarter.com/projects/hadley/mini-murder-mysteries-rpg
1541873641,BathFinder: A Babies and Broadswords Adventure (Canceled),Even Footing Games,"A Pirate Adventure for the Babies and Broadswords system. A rules lite TTRPG game for fans of Muppet Babies, Rugrats, and poop jokes.",Games,Tabletop Games,NC,2024-03-05,2024-04-04,500,1,0,1,FALSE,FALSE,FALSE,FALSE,https://www.kickstarter.com/projects/babiesandbroadswords/bathfinder-a-babies-and-broadswords-adventure
1888237352,The Adventures of Dallas The Daniff and Friends Presents:,Rob Price,Apollo's Hidden Island,Film & Video,Animation,NC,2025-04-03,2025-05-03,20000,5,0,1,FALSE,FALSE,FALSE,FALSE,https://www.kickstarter.com/projects/dallasthedaniff/the-adventures-of-dallas-the-daniff-and-friends-presents
1973495324,Rigs 'n Beez: All-Natural Tuna Treats for Pets,Rigs 'n Beez,"Healthy, protein-packed, and made with love—supporting pets, people, and the community.",Food,Farms,NC,2025-02-03,2025-02-20,120,141,118,4,TRUE,TRUE,TRUE,FALSE,https://www.kickstarter.com/projects/rigznbeez/rigs-n-beez-all-natural-tuna-treats-for-pets
1177233334,Womb Wise: Join the Movement to Transform Women's Wellness,Lilly Field,"Womb Wise Collective: Medicinal chocolate crafted to nourish women's cyclical wellness, support hormonal balance, and empower dreams.",Food,Small Batch,NC,2025-01-11,2025-03-12,12000,2759,23,13,FALSE,FALSE,FALSE,FALSE,https://www.kickstarter.com/projects/wombwise/womb-wise-join-the-movement-to-transform-womens-wellness
775823674,miSafety - A better alerting system,Venkat Padaraju (deleted),"Stay Safe, Stay Alert, Anywhere, Anytime: A safety app for your peace of mind while connecting with your trusted contacts.",Technology,Software,NC,2023-02-15,2023-04-16,25000,11,0,2,FALSE,FALSE,FALSE,FALSE,https://www.kickstarter.com/projects/834471550/misafety-safety-app-of-the-generation
146157351,Void (Canceled),Void (deleted),Grunge/Metal,Music,Metal,NC,2023-07-16,2023-09-14,2000,1,0,1,FALSE,FALSE,FALSE,FALSE,https://www.kickstarter.com/projects/voidgodhand/void-3
1193439002,"Mina, Gyaru Elf: Summertime Fun",Kasanje (deleted),Adult Generative Art,Art,Digital Art,NC,2023-08-29,2023-09-23,150,32,21,4,FALSE,FALSE,FALSE,FALSE,https://www.kickstarter.com/projects/kasanje/mina-gyaru-elf-summertime-fun
1653379236,The Bond Trilogy audiobooks,Robin Kirk (deleted),Help me make the final two books of The Bond Trilogy available to more listeners as audiobooks.,Publishing,Young Adult,NC,2023-07-02,2023-08-31,6000,356,6,6,FALSE,FALSE,FALSE,FALSE,https://www.kickstarter.com/projects/bondtrilogy/the-bond-trilogy-audiobooks
357526887,Arcane Jinx Money Enamel Pin,Rebekah (HopefireCrafts),"Based on Jinx's drawing from the series Arcane, League of Legends.",Design,Product Design,NC,2024-09-24,2024-10-24,150,13,9,1,FALSE,FALSE,FALSE,FALSE,https://www.kickstarter.com/projects/hopefirecrafts/arcane-jinx-money-enamel-pin
250635383,Melodic Masterpieces: The Art of Composition,Amy L Dixon,"Melodic Masterpieces: The Art of Composition"""""""""""""""""""""""""""""""""""""""""""""""""""""""""""""""""""""""""""""""""""""""""""""""""""""""""""""""""""""""""""""""""""""""""""""""""""""""""""""""""""""""""""""""""""""""""""""""""""""""""""""""""""""""""""""""""""""""""""""""""""""""""""""""" is a groundbreaking music project by renowned DJ and composer Amy Dixon",Music,Electronic Music,NC,2024-06-14,2024-06-29,5000,3426,69,18,FALSE,FALSE,FALSE,FALSE,https://www.kickstarter.com/projects/amymusic1973/melodic-masterpieces-the-art-of-composition?ref=discovery_category_newest
881814247,"""""""""""""""""""""""""""""""""""""""""""""""""""""""""""""""""""""""""""""""""""""""""""""""""""""""""""""""""""""""""""""""""""""""""""""""""""""""""""""""""""""""""""""""""""""""""""""""""""""""""""""""""""""""""""""""""""""""""""""""""""""""""""""""""MASTERFUL HANDS""""""""""""""""""""""""""""""""""""""""""""""""""""""""""""""""""""""""""""""""""""""""""""""""""""""""""""""""""""""""""""""""""""""""""""""""""""""""""""""""""""""""""""""""""""""""""""""""""""""""""""""""""""""""""""""""""""""""""""""""""""""""""""""""",Lee Tompkins,"I want to share the beauty and inspiration of pencil art with the world, making a meaningful impact.",Art,Illustration,NC,2024-06-10,2024-07-15,5500,0,0,0,FALSE,FALSE,FALSE,FALSE,https://www.kickstarter.com/projects/leetompkins417/masterful-hands-0?ref=discovery_category_newest
1502286778,Our Inaugural Cooler Liner for Coolers,"Feesh Gear, LLC","""""""""""""""""""""""""""""""""""""""""""""""""""""""""""""""""""""""""""""""""""""""""""""""""""""""""""""""""""""""""""""""""""""""""""""""""""""""""""""""""""""""""""""""""""""""""""""""""""""""""""""""""""""""""""""""""""""""""""""""""""""""""""""""""Allow us to introduce a genuine game-changer, meticulously crafted for fishing enthusiasts and outdoor adventurers.""""""""""""""""""""""""""""""""""""""""""""""""""""""""""""""""""""""""""""""""""""""""""""""""""""""""""""""""""""""""""""""""""""""""""""""""""""""""""""""""""""""""""""""""""""""""""""""""""""""""""""""""""""""""""""""""""""""""""""""""""""""""""""""""",Design,Product Design,NC,2023-09-13,2023-11-12,60000,179,0,3,FALSE,FALSE,FALSE,FALSE,https://www.kickstarter.com/projects/feeshgear/our-inaugural-cooler-liner-for-coolers?ref=discovery_category_newest
